status	boe_articles	boe_name
ساري	20	تنظيم هيئة تنظيم المياه والكهرباء ( الهيئة السعودية لتنظيم الكهرباء )
ساري	14	تنظيم الهيئة السعودية لتسويق الاستثمار
ساري	19	تنظيم الهيئة الوطنية لإدارة الطوارئ
ساري	22	نظام المواد البترولية والبتروكيماوية
ساري	14	الترتيبات التنظيمية للمركز السعودي لكود البناء
ساري	15	نظام رسوم الأراضي البيضاء والعقارات الشاغرة
ساري	15	تنظيم الهيئة العامة للأمن الغذائي
ساري	32	نظام الطوارئ
ساري	21	النظام الأساس لمستشفى الملك خالد التخصصي للعيون ومركز الأبحاث (مؤسسة مستقلة ذات طبيعة خاصة وغير هادفة للربح)
ساري	28	نظام (قانون) التنظيم الصناعي الموحد لدول مجلس التعاون لدول الخليج العربية
ساري	29	نظام الرقابة المالية
لاغي	12	نظام الاتجار بالكائنات الفطرية المهددة بالانقراض و منتجاتها
لاغي	8	قواعد عمل اللجان الإشرافية للقطاعات المستهدفة بالتخصيص ومهماتها1438هـ
لاغي	27	نظام مؤسسة النقد العربي السعودي
لاغي	21	نظام المناطق المحمية للحياة الفطرية
لاغي	22	نظام المراعي والغابات
لاغي	24	النظام العام للبيئة
لاغي	9	لائحة الغرامات والجزاءات عن المخالفات البلدية
لاغي	13	تنظيم الهيئة العامة للمساحة
لاغي	15	تنظيم الهيئة العامة للرياضة
لاغي	11	نظام صيد الحيوانات والطيور البرية
لاغي	15	نظام الهيئة الوطنية لحماية الحياة الفطرية وإنمائها
لاغي	41	نظام المنشآت والمستحضرات الصيدلانية
