boe_articles	hakeem_articles	status	boe_name	hakeem_name
65	98	ساري بعد مدة 180 يوم من تاريخ النشر	نظام التنفيذ	نظام التنفيذ
10	32	لاغي	نظام صندوق الاستثمارات العامة	نظام صندوق الاستثمارات العامة
27	47	لاغي	نظام الرهن التجاري	نظام الرهن التجاري
101	85	ساري	نظام المرور	نظام المرور
44	36	ساري	نظام الخدمة المدنية	نظام الخدمة المدنية
63	71	ساري	نظام التأمينات الاجتماعية	نظام التأمينات الاجتماعية
21	28	لاغي	نظام المنافسة	نظام المنافسة
634	629	ساري	النظام التجاري ( نظام المحكمة التجارية)	النظام التجاري ( نظام المحكمة التجارية)
76	73	جاري العمل على النظام	نظام خدمة الأفراد	نظام خدمة الأفراد
18	15	ساري	ضوابط شراء واستئجار الجهات الحكومية للمركبات	ضوابط شراء واستئجار الجهات الحكومية للمركبات
52	54	ساري	نظام مكافحة غسل  الأموال	نظام مكافحة غسل الأموال
41	39	ساري	نظام التقاعد المدني	نظام التقاعد المدني
36	35	ساري	نظام التقاعد العسكري	نظام التقاعد العسكري
39	38	ساري	نظام نزع ملكية العقارات للمصلحة العامة ووضع اليد المؤقت على العقارات	نظام نزع ملكية العقارات للمصلحة العامة ووضع اليد المؤقت على العقارات
42	41	ساري	النظام الأساسي للهيئة القضائية الاقتصادية لمجلس التعاون لدول الخليج العربية	النظام الأساسي للهيئة القضائية الاقتصادية لمجلس التعاون لدول الخليج العربية
15	14	ساري	تنظيم الهيئة العامة للطيران المدني	تنظيم الهيئة العامة للطيران المدني
16	17	ساري	تنظيم المؤسسة العامة للري	تنظيم المؤسسة العامة للري
41	42	ساري	نظام المناطق	نظام المناطق
24	23	ساري	نظام مقدمي خدمة حجاج الخارج	نظام مقدمي خدمة حجاج الخارج
