status	boe_articles	hakeem_articles	boe_name	hakeem_name
ساري	17	17	تنظيم المعهد الوطني للتطوير المهني التعليمي	تنظيم المعهد الوطني للتطوير المهني التعليمي 1441هـ
لاغي	17	17	تنظيم المؤسسة العامة للري 1439هـ	تنظيم المؤسسة العامة للري
ساري	71	71	نظام التأمينات الاجتماعية 1421هـ	نظام التأمينات الاجتماعية
ساري	98	98	نظام التنفيذ 1433هـ	نظام التنفيذ
لاغي	14	14	تنظيم الهيئة العامة للطيران المدني 1426هـ	تنظيم الهيئة العامة للطيران المدني
لاغي	14	20	نظام مكافحة التستر1425هـ	نظام مكافحة التستر
لاغي	24	26	نظام الضمان الاجتماعي 1427هـ	نظام الضمان الاجتماعي
لاغي	25	19	نظام تصنيف المقاولين1427هـ	نظام تصنيف المقاولين
لاغي	17	23	نظام الكهرباء1426هـ	نظام الكهرباء
لاغي	5	16	تنظيم الفحص الفني الدوري للمركبات 1431هـ	تنظيم الفحص الفني الدوري للمركبات
