system_name,articles_in_index,max_article_number,gap_count,gap_sample,duplicate_numbers,duplicate_text_groups,late_appended_articles,status,issues
نظام المرافعات أمام ديوان المظالم,63,63,0,,,14+50,1|2|3|4|5|6|7|8|9|10,بها ملحوظات,نصوص مكررة:1؛ صفوف مُلحقة لاحقًا:15
نظام مكافحة غسل الأموال,54,54,0,,,5+6|7+8|9+10,33|34|35|36|37|38|39|40|41|42,بها ملحوظات,نصوص مكررة:3؛ صفوف مُلحقة لاحقًا:22
نظام المعاملات المدنية,721,721,0,,,720+721,721,بها ملحوظات,نصوص مكررة:1؛ صفوف مُلحقة لاحقًا:1
تنظيم إعانة البحث عن عمل,13,14041,14028,4|14|15|16|17|18|19|20|21|22,,,,بها ملحوظات,فجوات:14028؛ رقم مادة شاذ:14041
نظام صندوق الاستثمارات العامة,32,32,0,,,,1|2|3|4|5|6|7|8|9|10,بها ملحوظات,صفوف مُلحقة لاحقًا:10
نظام الرهن التجاري,47,47,0,,,,28|29|30|31|32|33|34|35|36|37,بها ملحوظات,صفوف مُلحقة لاحقًا:20
نظام المحاكم التجارية,96,96,0,,,,95|96,بها ملحوظات,صفوف مُلحقة لاحقًا:2
نظام المنافسة,28,28,0,,,,22|23|24|25|26|27|28,بها ملحوظات,صفوف مُلحقة لاحقًا:7
نظام الشركات المهنية,29,29,0,,,,26|27|28|29,بها ملحوظات,صفوف مُلحقة لاحقًا:4
نظام الشركات,281,281,0,,,155+219,,بها ملحوظات,نصوص مكررة:1
نظام الإفلاس,231,231,0,,,29+74,,بها ملحوظات,نصوص مكررة:1
نظام الميداليات المدنية والعسكرية,25,25,0,,,12+24|15+21,,بها ملحوظات,نصوص مكررة:2
نظام خدمة الأفراد,73,76,3,71|72|73,,,,بها ملحوظات,فجوات:3
النظام التجاري ( نظام المحكمة التجارية),629,633,4,467|473|483|544,,,,بها ملحوظات,فجوات:4
نظام الخدمة المدنية,36,40,4,16|22|28|31,,,,بها ملحوظات,فجوات:4
نظام الأحوال الشخصية,252,252,0,,,,,سليم ظاهريًا,
نظام الإجراءات الجزائية,222,222,0,,,,,سليم ظاهريًا,
نظام التنفيذ,98,98,0,,,,,سليم ظاهريًا,
نظام التوثيق,57,57,0,,,,,سليم ظاهريًا,
نظام المرافعات الشرعية,242,242,0,,,,,سليم ظاهريًا,
النظام الأساسي للحكم,83,83,0,,,,,سليم ظاهريًا,
نظام مجلس الشورى,30,30,0,,,,,سليم ظاهريًا,
نظام مجلس الوزراء,32,32,0,,,,,سليم ظاهريًا,
نظام المناطق,42,42,0,,,,,سليم ظاهريًا,
نظام هيئة البيعة,25,25,0,,,,,سليم ظاهريًا,
نظام الإذاعة الأساسي,12,12,0,,,,,سليم ظاهريًا,
نظام دارة الملك عبد العزيز,17,17,0,,,,,سليم ظاهريًا,
نظام الوثائق والمحفوظات,11,11,0,,,,,سليم ظاهريًا,
نظام المركز الوطني للوثائق والمحفوظات,12,12,0,,,,,سليم ظاهريًا,
نظام مكتبة الملك عبد العزيز العامة,22,22,0,,,,,سليم ظاهريًا,
نظام المطبوعات والنشر,49,49,0,,,,,سليم ظاهريًا,
نظام المؤسسات الصحفية,30,30,0,,,,,سليم ظاهريًا,
نظام حماية حقوق المؤلف,28,28,0,,,,,سليم ظاهريًا,
نظام مكتبة الملك فهد الوطنية,12,12,0,,,,,سليم ظاهريًا,
نظام الإيداع,7,7,0,,,,,سليم ظاهريًا,
قواعد تنظيم لوحات الدعاية والإعلان,20,20,0,,,,,سليم ظاهريًا,
تنظيم مركز الملك عبد الله بن عبد العزيز الدولي لخدمة اللغة العربية,15,15,0,,,,,سليم ظاهريًا,
نظام عقوبات نشر الوثائق والمعلومات السرية وإفشائها,12,12,0,,,,,سليم ظاهريًا,
تنظيم هيئة الإذاعة والتلفزيون,17,17,0,,,,,سليم ظاهريًا,
تنظيم وكالة الأنباء السعودية1433هـ,15,15,0,,,,,سليم ظاهريًا,
تنظيم الهيئة العامة للإعلام المرئي والمسموع,18,18,0,,,,,سليم ظاهريًا,
تنظيم اللجنة الوطنية لمتابعة مبادرة خادم الحرمين الشريفين الملك عبدالله بن عبدالعزيز آل سعود للحوار بين أتباع الأديان والثقافات,7,7,0,,,,,سليم ظاهريًا,
نظام الإعلام المرئي والمسموع,25,25,0,,,,,سليم ظاهريًا,
تنظيم دارة الملك عبدالعزيز,16,16,0,,,,,سليم ظاهريًا,
تنظيم مجمع الملك سلمان العالمي للغة العربية,18,18,0,,,,,سليم ظاهريًا,
نظام صندوق التنمية الثقافي,15,15,0,,,,,سليم ظاهريًا,
الترتيبات التنظيمية للمعهد الملكي للفنون التقليدية,14,14,0,,,,,سليم ظاهريًا,
تنظيم مركز الملك عبدالله بن عبد العزيز للتخطيط والسياسات اللغوية,15,15,0,,,,,سليم ظاهريًا,
تنظيم وكالة الأنباء السعودية,16,16,0,,,,,سليم ظاهريًا,
تنظيم المعهد الملكي للفنون التقليدية,16,16,0,,,,,سليم ظاهريًا,
تنظيم الهيئة العامة لتنظيم الإعلام,16,16,0,,,,,سليم ظاهريًا,
النظام الجزائي لجرائم التزوير,30,30,0,,,,,سليم ظاهريًا,
نظام جوازات السفر السياسية والخاصة,16,16,0,,,,,سليم ظاهريًا,
نظام السجن والتوقيف,31,31,0,,,,,سليم ظاهريًا,
نظام عقوبات انتحال صفة رجل السلطة العامة,6,6,0,,,,,سليم ظاهريًا,
نظام مكافحة الرشوة,23,23,0,,,,,سليم ظاهريًا,
نظام وثائق السفر,16,16,0,,,,,سليم ظاهريًا,
نظام مكافحة المخدرات والمؤثرات العقلية,74,74,0,,,,,سليم ظاهريًا,
نظام المتفجرات والمفرقعات,31,31,0,,,,,سليم ظاهريًا,
نظام المرور,85,85,0,,,,,سليم ظاهريًا,
نظام الجنسية العربية السعودية,30,30,0,,,,,سليم ظاهريًا,
النظام الجزائي الخاص بتزييف وتقليد النقود,15,15,0,,,,,سليم ظاهريًا,
نظام استبدال الغرامة بالحبس,4,4,0,,,,,سليم ظاهريًا,
نظام أمن الحدود,6,6,0,,,,,سليم ظاهريًا,
نظام الدفاع المدني,36,36,0,,,,,سليم ظاهريًا,
نظام الأحوال المدنية,96,96,0,,,,,سليم ظاهريًا,
نظام الحراسة الأمنية المدنية الخاصة,15,15,0,,,,,سليم ظاهريًا,
نظام الأسلحة والذخائر,63,63,0,,,,,سليم ظاهريًا,
نظام مزاولة نقل النقود والمعادن الثمينة والمستندات ذات القيمة,17,17,0,,,,,سليم ظاهريًا,
تنظيم اللجنة الوطنية لمكافحة المخدرات,26,26,0,,,,,سليم ظاهريًا,
اللائحة التنفيذية لنظام مكافحة المخدرات والمؤثرات العقلية,40,40,0,,,,,سليم ظاهريًا,
النظام الأساسي لمركز المعلومات الجنائية لمكافحة المخدرات لمجلس التعاون لدول الخليج العربية,18,18,0,,,,,سليم ظاهريًا,
تنظيم المؤسسة العامة للصناعات العسكرية,20,20,0,,,,,سليم ظاهريًا,
نظام نقل معلومات المتعاملين مع المنشآت الخاصة إلكترونياً إلى مركز المعلومات الوطني في وزارة الداخلية (نظام شموس الأمني),14,14,0,,,,,سليم ظاهريًا,
تنظيم صندوق الشهداء والمصابين والأسرى والمفقودين,15,15,0,,,,,سليم ظاهريًا,
نظام حماية المبلغين والشهود والخبراء والضحايا,37,37,0,,,,,سليم ظاهريًا,
تنظيم الهيئة العامة للجمارك,16,16,0,,,,,سليم ظاهريًا,
اللائحة التنفيذية لنظام الإجراءات الجزائية,181,181,0,,,,,سليم ظاهريًا,
اللائحة التنفيذية لنظام مكافحة جرائم الإرهاب وتمويله,26,26,0,,,,,سليم ظاهريًا,
نظام مكافحة جرائم الإرهاب وتمويله,96,96,0,,,,,سليم ظاهريًا,
اللائحة التنظيمية للجان إصلاح ذات البين في إمارات المناطق,16,16,0,,,,,سليم ظاهريًا,
نظام مكافحة جريمة التحرش,8,8,0,,,,,سليم ظاهريًا,
تنظيم الهيئة العامة للصناعات العسكرية,19,19,0,,,,,سليم ظاهريًا,
نظام استخدام وحماية شارة واسم الهلال الأحمر وما في حكمهما,15,15,0,,,,,سليم ظاهريًا,
نظام الإقامة المميزة,14,14,0,,,,,سليم ظاهريًا,
لائحة حقوق وواجبات من يستعان بهم في أعمال الدفاع المدني وعلاقتهم بجهاتهم,12,12,0,,,,,سليم ظاهريًا,
تنظيم الفحص الفني الدوري للمركبات,16,16,0,,,,,سليم ظاهريًا,
نظام مكافحة الاحتيال المالي وخيانة الأمانة,11,11,0,,,,,سليم ظاهريًا,
نظام مكافحة التسول,10,10,0,,,,,سليم ظاهريًا,
نظام حماية البيانات الشخصية,43,43,0,,,,,سليم ظاهريًا,
نظام الإثبات,129,129,0,,,,,سليم ظاهريًا,
تنظيم مركز الإقامة المميزة,14,14,0,,,,,سليم ظاهريًا,
تنظيم الهيئة العليا للأمن الصناعي,16,16,0,,,,,سليم ظاهريًا,
نظام استخدام كاميرات المراقبة الأمنية,18,18,0,,,,,سليم ظاهريًا,
ضوابط إيقاف الخدمات,6,6,0,,,,,سليم ظاهريًا,
نظام الوكالات التجارية,6,6,0,,,,,سليم ظاهريًا,
نظام الاستثمار الأجنبي,18,18,0,,,,,سليم ظاهريًا,
تنظيم الهيئة العامة للاستثمار,14,14,0,,,,,سليم ظاهريًا,
نظام محلات بيع المركبات الملغى تسجيلها,10,10,0,,,,,سليم ظاهريًا,
نظام البيانات التجارية,14,14,0,,,,,سليم ظاهريًا,
نظام العلامات التجارية,58,58,0,,,,,سليم ظاهريًا,
تنظيم المركز السعودي للشراكات الاستراتيجية الدولية,13,13,0,,,,,سليم ظاهريًا,
نظام الهيئة السعودية للمهندسين,9,9,0,,,,,سليم ظاهريًا,
نظام السوق المالية,68,68,0,,,,,سليم ظاهريًا,
نظام مراقبة شركات التأمين التعاوني,25,25,0,,,,,سليم ظاهريًا,
نظام المشاركة بالوقت فى الوحدات العقارية السياحية,12,12,0,,,,,سليم ظاهريًا,
تنظيم هيئة تنمية الصادرات السعودية,15,15,0,,,,,سليم ظاهريًا,
نظام القياس والمعايرة,18,18,0,,,,,سليم ظاهريًا,
نظام الأوراق التجارية,121,121,0,,,,,سليم ظاهريًا,
نظام الصندوق السعودي للتنمية,12,12,0,,,,,سليم ظاهريًا,
نظام الغرف التجارية والصناعية,42,42,0,,,,,سليم ظاهريًا,
نظام الدفاتر التجارية,16,16,0,,,,,سليم ظاهريًا,
نظام المحاسبين القانونيين,38,38,0,,,,,سليم ظاهريًا,
نظام السجل التجاري,20,20,0,,,,,سليم ظاهريًا,
تنظيم المجلس الاقتصادي الأعلى,10,10,0,,,,,سليم ظاهريًا,
نظام الأسماء التجارية,20,20,0,,,,,سليم ظاهريًا,
النظام الأساسي لهيئة المحاسبة والمراجعة لدول مجلس التعاون,35,35,0,,,,,سليم ظاهريًا,
نظام براءات الاختراع لدول مجلس التعاون لدول الخليج العربية,34,34,0,,,,,سليم ظاهريًا,
نظام براءات الاختراع والتصميمات التخطيطية للدارات المتكاملة والأصناف النباتية والنماذج الصناعية,65,65,0,,,,,سليم ظاهريًا,
النظام الأساسي لهيئة التقييس لدول مجلس التعاون لدول الخليج العربية,16,16,0,,,,,سليم ظاهريًا,
"القانون ""النظام"" الموحد لمكافحة الإغراق والتدابير التعويضية والوقائية لدول مجلس التعاون لدول الخليج العربية",17,17,0,,,,,سليم ظاهريًا,
نظام استيراد المواد الكيميائية وإدارتها ( نظام إدارة المواد الكيميائية ),18,18,0,,,,,سليم ظاهريًا,
تنظيم هيئة المدن الاقتصادية ( هيئة المدن والمناطق الاقتصادية الخاصة),28,28,0,,,,,سليم ظاهريًا,
تنظيم الهيئة السعودية للمواصفات والمقاييس والجودة,16,16,0,,,,,سليم ظاهريًا,
تنظيم الجمعية السعودية للجودة,12,12,0,,,,,سليم ظاهريًا,
تنظيم اللجنة الوطنية لتقنين أعمال التشغيل والصيانة وتقييسها,9,9,0,,,,,سليم ظاهريًا,
نظام المقيمين المعتمدين,45,45,0,,,,,سليم ظاهريًا,
النظام الأساسي للمركز الإحصائي لدول مجلس التعاون لدول الخليج العربية,20,20,0,,,,,سليم ظاهريًا,
قانون (نظام) العلامات التجارية لدول مجلس التعاون لدول الخليج العربية,52,52,0,,,,,سليم ظاهريًا,
تنظيم جمعية حماية المستهلك,23,23,0,,,,,سليم ظاهريًا,
تنظيم الهيئة السعودية للمقاولين,20,20,0,,,,,سليم ظاهريًا,
تنظيم الهيئة العامة للإحصاء,18,18,0,,,,,سليم ظاهريًا,
تنظيم الهيئة العامة للمنشآت الصغيرة والمتوسطة,15,15,0,,,,,سليم ظاهريًا,
تنظيم المركز الوطني للدراسات الاستراتيجية التنموية,15,15,0,,,,,سليم ظاهريًا,
اللائحة التنفيذية لنظام الإفلاس,98,98,0,,,,,سليم ظاهريًا,
نظام مزاولة المهن الهندسية,17,17,0,,,,,سليم ظاهريًا,
لائحة تفضيل المحتوى المحلي والمنشآت الصغيرة والمتوسطة المحلية والشركات المدرجة في السوق المالية في الأعمال والمشتريات,39,39,0,,,,,سليم ظاهريًا,
تنظيم الهيئة العامة للزكاة والدخل,17,17,0,,,,,سليم ظاهريًا,
نظام ضريبة القيمة المضافة,53,53,0,,,,,سليم ظاهريًا,
لائحة تنظيم سلوكيات وأخلاقيات القائمين على تطبيق نظام المنافسات والمشتريات الحكومية ولائحته التنفيذية,8,8,0,,,,,سليم ظاهريًا,
تنظيم صندوق التنمية الوطني,15,15,0,,,,,سليم ظاهريًا,
لائحة تنظيم تعارض المصالح في تطبيق نظام المنافسات والمشتريات الحكومية ولائحته التنفيذية,12,12,0,,,,,سليم ظاهريًا,
لائحة رقابة ديوان المراقبة العامة على المؤسسات الخاصة والشركات التي تساهم الدولة في رأسمالها أو تضمن لها حدا ادنى من الأرباح (لائحة رقابة الديوان العام للمحاسبة),9,9,0,,,,,سليم ظاهريًا,
تنظيم الهيئة السعودية للملكية الفكرية,15,15,0,,,,,سليم ظاهريًا,
تنظيم المركز الوطني للتنافسية,14,14,0,,,,,سليم ظاهريًا,
تنظيم المركز السعودي للأعمال الاقتصادية,16,16,0,,,,,سليم ظاهريًا,
تنظيم المركز السعودي للتحكيم التجاري,15,15,0,,,,,سليم ظاهريًا,
تنظيم مركز الاسناد والتصفية,15,15,0,,,,,سليم ظاهريًا,
تنظيم المركز السعودي للاعتماد,14,14,0,,,,,سليم ظاهريًا,
نظام التجارة الإلكترونية,26,26,0,,,,,سليم ظاهريًا,
نظام المنافسات و المشتريات الحكومية,99,99,0,,,,,سليم ظاهريًا,
تنظيم المركز الوطني لإدارة الدين,14,14,0,,,,,سليم ظاهريًا,
نظام الامتياز التجاري,27,27,0,,,,,سليم ظاهريًا,
نظام ضمان الحقوق بالأموال المنقولة,29,29,0,,,,,سليم ظاهريًا,
تنظيم الهيئة العامة للتجارة الخارجية,16,16,0,,,,,سليم ظاهريًا,
نظام مكافحة التستر,20,20,0,,,,,سليم ظاهريًا,
قواعد عمل اللجان الإشرافية للقطاعات المستهدفة بالتخصيص ومهماتها (المعدلة),11,11,0,,,,,سليم ظاهريًا,
نظام مكافحة الغش التجاري,30,30,0,,,,,سليم ظاهريًا,
نظام الغرف التجارية,66,66,0,,,,,سليم ظاهريًا,
نظام معالجة المنشآت المالية المهمة,38,38,0,,,,,سليم ظاهريًا,
نظام مهنة المحاسبة والمراجعة,22,22,0,,,,,سليم ظاهريًا,
تنظيم الهيئة السعودية للمراجعين والمحاسبين,14,14,0,,,,,سليم ظاهريًا,
نظام التخصيص,45,45,0,,,,,سليم ظاهريًا,
تنظيم هيئة المحتوى المحلي والمشتريات الحكومية,15,15,0,,,,,سليم ظاهريًا,
تنظيم هيئة الزكاة والضريبة والجمارك,16,16,0,,,,,سليم ظاهريًا,
تنظيم وزارة الاستثمار,5,5,0,,,,,سليم ظاهريًا,
الترتيبات التنظيمية لمركز تنظيم المعدّات الثقيلة,9,9,0,,,,,سليم ظاهريًا,
نظام تصنيف المقاولين,19,19,0,,,,,سليم ظاهريًا,
هيئة كفاءة الإنفاق والمشروعات الحكومية,14,14,0,,,,,سليم ظاهريًا,
تنظيم الهيئة العامة للمنافسة,17,17,0,,,,,سليم ظاهريًا,
نظام المدفوعات وخدماتها,20,20,0,,,,,سليم ظاهريًا,
الترتيبات التنظيمية للهيئة السعودية لتسويق الاستثمار,13,13,0,,,,,سليم ظاهريًا,
نظام بنك المنشآت الصغيرة والمتوسطة,15,15,0,,,,,سليم ظاهريًا,
نظام المعالجات التجارية في التجارة الدولية,37,37,0,,,,,سليم ظاهريًا,
تنظيم هيئة التأمين,15,15,0,,,,,سليم ظاهريًا,
تنظيم المركز الوطني لنظم الموارد الحكومية,15,15,0,,,,,سليم ظاهريًا,
نظام صندوق البنية التحتية الوطني,18,18,0,,,,,سليم ظاهريًا,
نظام الأوسمة السعودية,16,16,0,,,,,سليم ظاهريًا,
نظام العلم للمملكة العربية السعودية,22,22,0,,,,,سليم ظاهريًا,
اللائحة التنفيذية لنظام الأوسمة السعودية,16,16,0,,,,,سليم ظاهريًا,
تنظيم مشاركة الوفود الرسمية في الاجتماعات,12,12,0,,,,,سليم ظاهريًا,
نظام معهد الدراسات الدبلوماسية,12,12,0,,,,,سليم ظاهريًا,
نظام مدينة الملك عبد العزيز للعلوم والتقنية,18,18,0,,,,,سليم ظاهريًا,
نظام مجلس التعليم العالي والجامعات,60,60,0,,,,,سليم ظاهريًا,
نظام إنتاج المواد التعليمية المساعدة وتسويقها,16,16,0,,,,,سليم ظاهريًا,
نظام معهد الإدارة العامة,17,17,0,,,,,سليم ظاهريًا,
تنظيم المؤسسة العامة للتدريب التقني والمهني,13,13,0,,,,,سليم ظاهريًا,
نظام تعليم الكبار ومحو الأمية في المملكة العربية السعودية,24,24,0,,,,,سليم ظاهريًا,
القواعد التنظيمية الخاصة بإنشاء وحدات التدريب غير الربحية في مجال التدريب التقني والمهني,14,14,0,,,,,سليم ظاهريًا,
تنظيم هيئة تقويم التعليم العام,17,17,0,,,,,سليم ظاهريًا,
تنظيم المركز الوطني للتعليم الإلكتروني,12,12,0,,,,,سليم ظاهريًا,
لائحة المدارس الأجنبية,21,21,0,,,,,سليم ظاهريًا,
النظام الأساس لجمعية الكشافة العربية السعودية,34,34,0,,,,,سليم ظاهريًا,
تنظيم هيئة تقويم التعليم والتدريب,18,18,0,,,,,سليم ظاهريًا,
نظام الجامعات,58,58,0,,,,,سليم ظاهريًا,
تنظيم المعهد الوطني للتطوير المهني التعليمي 1441هـ,17,17,0,,,,,سليم ظاهريًا,
النظام الأساس لجامعة الملك سعود (مؤسسة أكاديمية مستقلة غير هادفة للربح),22,22,0,,,,,سليم ظاهريًا,
تنظيم مدينة الملك عبدالعزيز للعلوم والتقنية,14,14,0,,,,,سليم ظاهريًا,
الترتيبات التنظيمية لهيئة تنمية البحث والتطوير والابتكار,15,15,0,,,,,سليم ظاهريًا,
نظام الأئمة والمؤذنين وخدم المساجد,28,28,0,,,,,سليم ظاهريًا,
نظام نقل الحجاج إلى المملكة وإعادتهم إلى بلادهم,24,24,0,,,,,سليم ظاهريًا,
نظام خدمة حجاج الداخل,33,33,0,,,,,سليم ظاهريًا,
تنظيم معاملة القادمين للمملكة بتأشيرات دخول للحج أو العمرة وغيرها,8,8,0,,,,,سليم ظاهريًا,
تنظيم خدمات المعتمرين وزوار المسجد النبوي الشريف القادمين من خارج المملكة,14,14,0,,,,,سليم ظاهريًا,
تنظيم الرئاسة العامة لهيئة الأمر بالمعروف والنهي عن المنكر,12,12,0,,,,,سليم ظاهريًا,
تنظيم مجمع الملك عبدالعزيز للمكتبات الوقفية,14,14,0,,,,,سليم ظاهريًا,
نظام مقدمي خدمة حجاج الخارج,23,23,0,,,,,سليم ظاهريًا,
تنظيم مجمع خادم الحرمين الشريفين الملك سلمان بن عبدالعزيز ال سعود للحديث النبوي الشريف,18,18,0,,,,,سليم ظاهريًا,
نظام الطرق والمباني,160,160,0,,,,,سليم ظاهريًا,
نظام الإحصاءات العامة للدولة,17,17,0,,,,,سليم ظاهريًا,
نظام تعداد السكان العام,7,7,0,,,,,سليم ظاهريًا,
نظام التصرف في العقارات البلدية,6,6,0,,,,,سليم ظاهريًا,
نظام صندوق التنمية العقارية1394هـ,7,7,0,,,,,سليم ظاهريًا,
نظام البلديات والقرى,49,49,0,,,,,سليم ظاهريًا,
نظام حماية المرافق العامة,15,15,0,,,,,سليم ظاهريًا,
نظام تملك غير السعوديين للعقار واستثماره,8,8,0,,,,,سليم ظاهريًا,
نظام ملكية الوحدات العقارية وفرزها,19,19,0,,,,,سليم ظاهريًا,
نظام التسجيل العيني للعقار 1423هـ,78,78,0,,,,,سليم ظاهريًا,
تنظيم الهيئة العامة للإسكان,14,14,0,,,,,سليم ظاهريًا,
تنظيم تملك مواطني دول المجلس للعقار في الدول الأعضاء بمجلس التعاون لغرض السكن والاستثمار,6,6,0,,,,,سليم ظاهريًا,
نظام الأنشطة المقلقة للراحة أو الخطرة أو المضرة بالصحة أو البيئة,10,10,0,,,,,سليم ظاهريًا,
نظام نزع ملكية العقارات للمنفعة العامة ووضع اليد المؤقت على العقار,27,27,0,,,,,سليم ظاهريًا,
نظام إدارة النفايات البلدية الصلبة,21,21,0,,,,,سليم ظاهريًا,
تنظيم الدعم السكني,25,25,0,,,,,سليم ظاهريًا,
نظام إجراءات التراخيص البلدية,15,15,0,,,,,سليم ظاهريًا,
نظام المجالس البلدية,69,69,0,,,,,سليم ظاهريًا,
نظام رسوم الأراضي البيضاء,15,15,0,,,,,سليم ظاهريًا,
اللائحة التنفيذية لنظام نزع ملكية العقارات للمنفعة العامة ووضع اليد المؤقت على العقار,26,26,0,,,,,سليم ظاهريًا,
اللائحة التنفيذية لنظام رسوم الأراضي البيضاء,18,18,0,,,,,سليم ظاهريًا,
تنظيم الهيئة العامة للعقار,16,16,0,,,,,سليم ظاهريًا,
نظام تطبيق كود البناء السعودي,16,16,0,,,,,سليم ظاهريًا,
تنظيم مؤسسة حديقة الملك سلمان,15,15,0,,,,,سليم ظاهريًا,
لائحة الجزاءات عن المخالفات البلدية,18,18,0,,,,,سليم ظاهريًا,
نظام صندوق التنمية العقارية,18,18,0,,,,,سليم ظاهريًا,
تنظيم الهيئة العامة لعقارات الدولة,16,16,0,,,,,سليم ظاهريًا,
نظام إدارة النفايات,38,38,0,,,,,سليم ظاهريًا,
تنظيم هيئات تطوير المناطق والمدن واللائحة المالية لهيئات تطوير المناطق والمدن واللائحة الإدارية لهيئات تطوير المناطق والمدن,139,139,0,,,,,سليم ظاهريًا,
نظام التسجيل العيني للعقار,40,40,0,,,,,سليم ظاهريًا,
نظام الوساطة العقارية,24,24,0,,,,,سليم ظاهريًا,
نظام استئجار الدولة للعقار,31,31,0,,,,,سليم ظاهريًا,
نظام المساهمات العقارية,38,38,0,,,,,سليم ظاهريًا,
نظام ملكية الوحدات العقارية وفرزها وإدارتها,33,33,0,,,,,سليم ظاهريًا,
نظام بيع وتأجير مشروعات عقارية على الخارطة,30,30,0,,,,,سليم ظاهريًا,
نظام التقاعد العسكري,35,35,0,,,,,سليم ظاهريًا,
نظام الكليات العسكرية,41,41,0,,,,,سليم ظاهريًا,
نظام مجلس الخدمة العسكرية,12,12,0,,,,,سليم ظاهريًا,
نظام الأنواط العسكرية السعودية ولائحته التنظيمية,6,6,0,,,,,سليم ظاهريًا,
نظام الملابس والتجهيزات العسكرية الفردية,28,28,0,,,,,سليم ظاهريًا,
نظام خدمة الضباط,161,161,0,,,,,سليم ظاهريًا,
نظام الوزراء ونواب الوزراء وموظفي المرتبة الممتازة,7,7,0,,,,,سليم ظاهريًا,
نظام التقاعد المدني,39,39,0,,,,,سليم ظاهريًا,
نظام مجلس الخدمة المدنية,11,11,0,,,,,سليم ظاهريًا,
نظام تبادل المنافع بين نظامي التقاعد المدني والعسكري ونظام التأمينات الإجتماعية,6,6,0,,,,,سليم ظاهريًا,
تنظيم المؤسسة العامة للتقاعد,16,16,0,,,,,سليم ظاهريًا,
النظام الموحد لمد الحماية التأمينية لمواطني دول مجلس التعاون لدول الخليج العربية العاملين في غير دولهم في أي دولة عضو في المجلس,23,23,0,,,,,سليم ظاهريًا,
تنظيم هيئة توليد الوظائف ومكافحة البطالة,16,16,0,,,,,سليم ظاهريًا,
تنظيم المركز الوطني لتنمية القطاع غير الربحي,15,15,0,,,,,سليم ظاهريًا,
نظام الانضباط الوظيفي,25,25,0,,,,,سليم ظاهريًا,
نظام توزيع الأراضي البور,12,12,0,,,,,سليم ظاهريًا,
نظام المؤسسة العامة لتحلية المياه المالحة,20,20,0,,,,,سليم ظاهريًا,
نظام المحافظة على مصادر المياه,13,13,0,,,,,سليم ظاهريًا,
نظام مياه الصرف الصحي المعالجة وإعادة استخدامها,34,34,0,,,,,سليم ظاهريًا,
نظام الثروة الحيوانية,21,21,0,,,,,سليم ظاهريًا,
نظام صيد واستثمار وحماية الثروات المائية الحية في المياه الاقليمية للمملكة العربية السعودية,13,13,0,,,,,سليم ظاهريًا,
نظام البحث العلمي البحري في المناطق البحرية التابِعة للمملكة العربية السعودية,19,19,0,,,,,سليم ظاهريًا,
نظام (قانون) الحجر الزراعي لدول مجلس التعاون لدول الخليج العربية,34,34,0,,,,,سليم ظاهريًا,
نظام (قانون) الحجر البيطري لدول مجلس التعاون لدول الخليج العربية,26,26,0,,,,,سليم ظاهريًا,
قانون (نظام) الأسمدة ومحسنات التربة الزراعية في دول مجلس التعاون لدول الخليج العربية,15,15,0,,,,,سليم ظاهريًا,
قانون (نظام) المبيدات في دول مجلس التعاون لدول الخليج العربية,15,15,0,,,,,سليم ظاهريًا,
الترتيب التنظيمي لمصانع المياه,11,11,0,,,,,سليم ظاهريًا,
نظام تربية النحل,16,16,0,,,,,سليم ظاهريًا,
تنظيم الجمعية السعودية للزراعة العضوية,9,9,0,,,,,سليم ظاهريًا,
نظام المناطق البحرية للمملكة العربية السعودية,23,23,0,,,,,سليم ظاهريًا,
نظام الزراعة العضوية,18,18,0,,,,,سليم ظاهريًا,
نظام الأعلاف,39,39,0,,,,,سليم ظاهريًا,
قانون (نظام) الرفق بالحيوان لدول مجلس التعاون لدول الخليج العربية,16,16,0,,,,,سليم ظاهريًا,
تنظيم المؤسسة العامة للحبوب,17,17,0,,,,,سليم ظاهريًا,
النظام الأساسي للمجلس الدولي للتمور,40,40,0,,,,,سليم ظاهريًا,
تنظيم المؤسسة العامة للري,17,17,0,,,,,سليم ظاهريًا,
نظام التعامل مع الموارد الوراثية النباتية للأغذية والزراعة,15,15,0,,,,,سليم ظاهريًا,
نظام مطاحن إنتاج الدقيق,29,29,0,,,,,سليم ظاهريًا,
تنظيم صندوق البيئة,17,17,0,,,,,سليم ظاهريًا,
تنظيم المركز الوطني لأبحاث وتطوير الزراعة المستدامة,12,12,0,,,,,سليم ظاهريًا,
ضوابط تصدير مياه الشرب المعبأة,4,4,0,,,,,سليم ظاهريًا,
نظام المياه,77,77,0,,,,,سليم ظاهريًا,
نظام البيئة,49,49,0,,,,,سليم ظاهريًا,
تنظيم المركز الوطني للوقاية من الآفات النباتية والأمراض الحيوانية ومكافحتها,15,15,0,,,,,سليم ظاهريًا,
تنظيم المركز الوطني لكفاءة وترشيد المياه,14,14,0,,,,,سليم ظاهريًا,
نظام الزراعة,37,37,0,,,,,سليم ظاهريًا,
نظام الأرصاد,20,20,0,,,,,سليم ظاهريًا,
الترتيبات التنظيمية للمركز الوطني للنخيل والتمور,13,13,0,,,,,سليم ظاهريًا,
الترتيبات التنظيمية للهيئة العامة للأمن الغذائي,16,16,0,,,,,سليم ظاهريًا,
نظام صندوق التنمية الزراعية.,16,16,0,,,,,سليم ظاهريًا,
تنظيم المؤسسة العامة للمحافظة على الشعب المرجانية والسلاحف في البحر الأحمر,16,16,0,,,,,سليم ظاهريًا,
نظام تركيز مسؤوليات القضاء الشرعي,258,258,0,,,,,سليم ظاهريًا,
نظام محاكمة الوزراء,27,27,0,,,,,سليم ظاهريًا,
نظام التحكيم,58,58,0,,,,,سليم ظاهريًا,
نظام هيئة التحقيق والادعاء العام ( نظام النيابة العامة ),30,30,0,,,,,سليم ظاهريًا,
نظام المحاماة,56,56,0,,,,,سليم ظاهريًا,
نظام الهيئة العامة للولاية على أموال القاصرين ومن فى حكمهم,41,41,0,,,,,سليم ظاهريًا,
نظام القضاء,85,85,0,,,,,سليم ظاهريًا,
نظام ديوان المظالم,26,26,0,,,,,سليم ظاهريًا,
تنظيم هيئة حقوق الإنسان,19,19,0,,,,,سليم ظاهريًا,
نظام مكافحة جرائم الاتجار بالأشخاص,17,17,0,,,,,سليم ظاهريًا,
نظام حماية الطفل,26,26,0,,,,,سليم ظاهريًا,
تنظيم الهيئة السعودية للمحامين,20,20,0,,,,,سليم ظاهريًا,
تنظيم صندوق النفقة,17,17,0,,,,,سليم ظاهريًا,
النظام الأساسي للهيئة القضائية الاقتصادية لمجلس التعاون لدول الخليج العربية,41,41,0,,,,,سليم ظاهريًا,
لائحة أعضاء هيئة التحقيق والادعاء العام والعاملين فيها,30,30,0,,,,,سليم ظاهريًا,
اللائحة التنفيذية لنظام التحكيم,19,19,0,,,,,سليم ظاهريًا,
اللائحة التنفيذية لنظام التكاليف القضائية,17,17,0,,,,,سليم ظاهريًا,
آلية العمل التنفيذية لنظام القضاء ونظام ديوان المظالم,15,15,0,,,,,سليم ظاهريًا,
نظام التكاليف القضائية,23,23,0,,,,,سليم ظاهريًا,
نظام التنفيذ أمام ديوان المظالم,37,37,0,,,,,سليم ظاهريًا,
نظام الآثار والمتاحف والتراث العمراني,94,94,0,,,,,سليم ظاهريًا,
لائحة المحافظة على الذوق العام,10,10,0,,,,,سليم ظاهريًا,
نظام حماية التراث المخطوط في المملكة العربية السعودية,8,8,0,,,,,سليم ظاهريًا,
تنظيم الجمعية السعودية للمرشدين السياحيين,15,15,0,,,,,سليم ظاهريًا,
تنظيم الجمعية السعودية لمرافق الإيواء السياحي,15,15,0,,,,,سليم ظاهريًا,
تنظيم الجمعية السعودية للسفر والسياحة,15,15,0,,,,,سليم ظاهريًا,
نظام صندوق التنمية السياحي,15,15,0,,,,,سليم ظاهريًا,
تنظيم مجلس التنمية السياحي,13,13,0,,,,,سليم ظاهريًا,
تنظيم وزارة السياحة,5,5,0,,,,,سليم ظاهريًا,
نظام السياحة,19,19,0,,,,,سليم ظاهريًا,
تنظيم الهيئة السعودية للبحر الأحمر,13,13,0,,,,,سليم ظاهريًا,
تنظيم الهيئة السعودية للسياحة,15,15,0,,,,,سليم ظاهريًا,
نظام جمعية الكشافة العربية السعودية,19,19,0,,,,,سليم ظاهريًا,
اللائحة التنظيمية للخيل العربية الأصيلة,9,9,0,,,,,سليم ظاهريًا,
النظام الأساسي للاتحادات الرياضية واللجنة الأولمبية العربية السعودية,17,17,0,,,,,سليم ظاهريًا,
إنشاء الهيئة العليا لأندية الفروسية,12,12,0,,,,,سليم ظاهريًا,
نظام أندية السيارات والدراجات النارية,13,13,0,,,,,سليم ظاهريًا,
تنظيم مركز الملك عبدالعزيز للخيل العربية الأصيلة,14,14,0,,,,,سليم ظاهريًا,
تنظيم الهيئة العامة للترفيه,16,16,0,,,,,سليم ظاهريًا,
تنظيم مؤسسة المسار الرياضي,15,15,0,,,,,سليم ظاهريًا,
تنظيم نادي سباقات الخيل,15,15,0,,,,,سليم ظاهريًا,
تنظيم وزارة الرياضة,5,5,0,,,,,سليم ظاهريًا,
تنظيم الهيئة العليا للفروسية,15,15,0,,,,,سليم ظاهريًا,
الترتيبات التنظيمية للهيئة السعودية للألعاب والرياضات الإلكترونية,16,16,0,,,,,سليم ظاهريًا,
تنظيم الهيئة الملكية لمحافظة العلا,20,20,0,,,,,سليم ظاهريًا,
تنظيم هيئة تطوير بوابة الدرعية,16,16,0,,,,,سليم ظاهريًا,
الترتيبات التنظيمية للهيئة الملكية لمدينة مكة المكرمة والمشاعر المقدسة,17,17,0,,,,,سليم ظاهريًا,
الترتيبات التنظيمية لجائزة الملك عبد العزيز للجودة,14,14,0,,,,,سليم ظاهريًا,
الترتيبات التنظيمية لمركز الفعاليات (المركز الوطني للفعاليات),13,13,0,,,,,سليم ظاهريًا,
تنظيم هيئة الهلال الأحمر السعودي,26,26,0,,,,,سليم ظاهريًا,
نظام الهيئة السعودية للتخصصات الصحية,7,7,0,,,,,سليم ظاهريًا,
نظام المختبرات الخاصة,17,17,0,,,,,سليم ظاهريًا,
النظام الصحي,19,19,0,,,,,سليم ظاهريًا,
نظام المؤسسات الصحية الخاصة,35,35,0,,,,,سليم ظاهريًا,
نظام وحدات الإخصاب والأجنة وعلاج العقم,41,41,0,,,,,سليم ظاهريًا,
نظام تداول بدائل حليب الأم,28,28,0,,,,,سليم ظاهريًا,
النظام الموحد لإدارة نفايات الرعاية الصحية بدول مجلس التعاون لدول الخليج العربية,23,23,0,,,,,سليم ظاهريًا,
نظام مزاولة المهن الصحية,44,44,0,,,,,سليم ظاهريًا,
نظام الهيئة العامة للغذاء والدواء,25,25,0,,,,,سليم ظاهريًا,
نظام أخلاقيات البحث على المخلوقات الحية,51,51,0,,,,,سليم ظاهريًا,
تنظيم المركز الوطني للطب البديل والتكميلي,13,13,0,,,,,سليم ظاهريًا,
تنظيم صندوق مدينة الملك فهد الطبية,15,15,0,,,,,سليم ظاهريًا,
نظام المراقبة الصحية في منافذ الدخول,29,29,0,,,,,سليم ظاهريًا,
تنظيم المركز السعودي لزراعة الأعضاء,10,10,0,,,,,سليم ظاهريًا,
تنظيم المركز الوطني للمعلومات الصحية,15,15,0,,,,,سليم ظاهريًا,
تنظيم نفقات المرضى السعوديين ومرافقيهم المحولين للعلاج خارج مناطق إقامتهم,12,12,0,,,,,سليم ظاهريًا,
تنظيم المدن الطبية والمستشفيات التخصصية التابعة لوزارة الصحة,12,12,0,,,,,سليم ظاهريًا,
نظام الرعاية الصحية النفسية,30,30,0,,,,,سليم ظاهريًا,
نظام الغذاء,45,45,0,,,,,سليم ظاهريًا,
نظام منتجات التجميل,38,38,0,,,,,سليم ظاهريًا,
نظام مكافحة التدخين,20,20,0,,,,,سليم ظاهريًا,
تنظيم المركز السعودي لاعتماد المنشآت الصحية,10,10,0,,,,,سليم ظاهريًا,
نظام الوقاية من متلازمة العوز المناعي المكتسب (الإيدز) وحقوق المصابين وواجباتهم,29,29,0,,,,,سليم ظاهريًا,
لائحة البحوث والدراسات في وزارة الصحة,15,15,0,,,,,سليم ظاهريًا,
تنظيم المركز الوطني لتعزيز الصحة النفسية,13,13,0,,,,,سليم ظاهريًا,
نظام المنشآت والمستحضرات الصيدلانية والعشبية,42,42,0,,,,,سليم ظاهريًا,
تنظيم المركز السعودي لسلامة المرضى,13,13,0,,,,,سليم ظاهريًا,
نظام الأجهزة والمستلزمات الطبية,49,49,0,,,,,سليم ظاهريًا,
الترتيبات التنظيمية لهيئة الصحة العامة,13,13,0,,,,,سليم ظاهريًا,
نظام التبرع بالأعضاء البشرية,27,27,0,,,,,سليم ظاهريًا,
النظام الأساس لمستشفى الملك فيصل التخصصي ومركز الأبحاث (مؤسسة مستقلة ذات طبيعة خاصة وغير هادفة للربح),21,21,0,,,,,سليم ظاهريًا,
نظام حماية وتشجيع الصناعات الوطنية,11,11,0,,,,,سليم ظاهريًا,
نظام صندوق التنمية الصناعية السعودي,14,14,0,,,,,سليم ظاهريًا,
تنظيم الهيئة الملكية للجبيل وينبع,12,12,0,,,,,سليم ظاهريًا,
نظام المعادن الثمينة والأحجار الكريمة,22,22,0,,,,,سليم ظاهريًا,
التنظيم الخاص بهيئة المساحة الجيولوجية السعودية,16,16,0,,,,,سليم ظاهريًا,
تنظيم الهيئة السعودية للمدن الصناعية ومناطق التقنية,26,26,0,,,,,سليم ظاهريًا,
قانون (نظام) التنظيم الصناعي الموحد لدول مجلس التعاون لدول الخليج العربية,33,33,0,,,,,سليم ظاهريًا,
تنظيم هيئة تنظيم الكهرباء والإنتاج المزدوج,21,21,0,,,,,سليم ظاهريًا,
التنظيم الخاص بمركز الدراسات والبحوث البترولية,16,16,0,,,,,سليم ظاهريًا,
نظام مدينة الملك عبدالله للطاقة الذرية والمتجددة,17,17,0,,,,,سليم ظاهريًا,
القانون (النظام) الموحد للتعدين لدول مجلس التعاون,62,62,0,,,,,سليم ظاهريًا,
النظام الموحد بشأن المواد المستنفدة لطبقة الأوزون لدول مجلس التعاون لدول الخليج العربية (المعدل),20,20,0,,,,,سليم ظاهريًا,
نظام توزيع الغاز الجاف وغاز البترول السائل للأغراض السكنية والتجارية,21,21,0,,,,,سليم ظاهريًا,
نظام التجارة بالمنتجات البترولية,16,16,0,,,,,سليم ظاهريًا,
تـنظيم هيـئـة الرقابة النوويـة والإشعـاعـية,15,15,0,,,,,سليم ظاهريًا,
نظام المواد الهيدروكربونية,30,30,0,,,,,سليم ظاهريًا,
نظام الرقابة على الاستخدامات النووية والاشعاعية,35,35,0,,,,,سليم ظاهريًا,
نظام المسؤولية المدنية عن الأضرار النووية,31,31,0,,,,,سليم ظاهريًا,
تنظيم المركز السعودي لكفاءة الطاقة,14,14,0,,,,,سليم ظاهريًا,
نــظام الاستــثمار التعديني.,64,64,0,,,,,سليم ظاهريًا,
تنظيم المركز الوطني للتنمية الصناعية,15,15,0,,,,,سليم ظاهريًا,
تنظيم الهيئة العامة للمساحة والمعلومات الجيومكانية,17,17,0,,,,,سليم ظاهريًا,
نظام الكهرباء,23,23,0,,,,,سليم ظاهريًا,
تنظيم هيئة تنظيم المياه والكهرباء,20,20,0,,,,,سليم ظاهريًا,
نظام إمدادات الطاقة,12,12,0,,,,,سليم ظاهريًا,
نظام الضمان الصحي التعاوني,19,19,0,,,,,سليم ظاهريًا,
تنظيم صندوق تنمية الموارد البشرية,9,9,0,,,,,سليم ظاهريًا,
نظام التأمينات الاجتماعية,71,71,0,,,,,سليم ظاهريًا,
نظام رعاية المعوقين,16,16,0,,,,,سليم ظاهريًا,
نظام العمل,248,248,0,,,,,سليم ظاهريًا,
اللائحة التنظيمية لمراكز التنمية الاجتماعية,20,20,0,,,,,سليم ظاهريًا,
نظام الجمعيات التعاونية,44,44,0,,,,,سليم ظاهريًا,
الضوابط الخاصة بوضع الأطفال السعوديين في الخارج من أب سعودي وأم غير سعودية,6,6,0,,,,,سليم ظاهريًا,
تنظيم الصندوق الخيري الاجتماعي,14,14,0,,,,,سليم ظاهريًا,
تنظيم إعانة البحث عن عمل 1432هـ,15,15,0,,,,,سليم ظاهريًا,
تنظيم المركز الوطني للدراسات والبحوث الاجتماعية,11,11,0,,,,,سليم ظاهريًا,
نظام الحماية من الإيذاء,17,17,0,,,,,سليم ظاهريًا,
نظام التأمين ضد التعطل عن العمل,29,29,0,,,,,سليم ظاهريًا,
تنظيم المخصص المالي لصعوبة الحصول على عمل,16,16,0,,,,,سليم ظاهريًا,
اللائحة الأساسية لبرامج تأهيل المعوقين,30,30,0,,,,,سليم ظاهريًا,
نظام الجمعيات والمؤسسات الأهلية,44,44,0,,,,,سليم ظاهريًا,
نظام الهيئة العامة للأوقاف,25,25,0,,,,,سليم ظاهريًا,
اللائحة التنظيمية لتأشيرات الأعمال المؤقتة والموسمية,19,19,0,,,,,سليم ظاهريًا,
اللائحة الأساسية للبيوت الاجتماعية,16,16,0,,,,,سليم ظاهريًا,
لائحة عمال الخدمة المنزلية ومن في حكمهم,23,23,0,,,,,سليم ظاهريًا,
لائحة دور الرعاية الاجتماعية,13,13,0,,,,,سليم ظاهريًا,
اللائحة التنفيذية لضبط أعمال تفتيش العمل وتنظيمها,24,24,0,,,,,سليم ظاهريًا,
تنظيم مجلس شؤون الأسرة,12,12,0,,,,,سليم ظاهريًا,
اللائحة التنظيمية لعمل الأسر المنتجة,17,17,0,,,,,سليم ظاهريًا,
قواعد التعامل مع الوافدين من مخالفي الأنظمة,14,14,0,,,,,سليم ظاهريًا,
تنظيم هيئة رعاية الأشخاص ذوي الإعاقة,17,17,0,,,,,سليم ظاهريًا,
نظام الأحداث,24,24,0,,,,,سليم ظاهريًا,
نظام العمل التطوعي,18,18,0,,,,,سليم ظاهريًا,
نظام الضمان الاجتماعي,26,26,0,,,,,سليم ظاهريًا,
اللائحة التنفيذية لنظام الأحداث,13,13,0,,,,,سليم ظاهريًا,
اللائحة التنظيمية لدور الأحداث,36,36,0,,,,,سليم ظاهريًا,
نظام حقوق كبير السن ورعايته,23,23,0,,,,,سليم ظاهريًا,
نظام حقوق الأشخاص ذوي الإعاقة,33,33,0,,,,,سليم ظاهريًا,
نظام جباية الزكاة,4,4,0,,,,,سليم ظاهريًا,
نظام مراقبة البنوك,26,26,0,,,,,سليم ظاهريًا,
نظام ديوان المراقبة العامة,33,33,0,,,,,سليم ظاهريًا,
نظام (قانون) الجمارك الموحد لدول مجلس التعاون لدول الخليج العربية,179,179,0,,,,,سليم ظاهريًا,
نظام ضريبة الدخل,81,81,0,,,,,سليم ظاهريًا,
نظام تعريفة الطيران المدني,21,21,0,,,,,سليم ظاهريًا,
نظام الإيداع في المخازن العامة,28,28,0,,,,,سليم ظاهريًا,
نظام البنك السعودي للتسليف والادخار ( بنك التنمية الاجتماعية ),18,18,0,,,,,سليم ظاهريًا,
نظام المنافسات والمشتريات الحكومية,81,81,0,,,,,سليم ظاهريًا,
نظام المعلومات الائتمانية,17,17,0,,,,,سليم ظاهريًا,
نظام النقد العربى السعودى,15,15,0,,,,,سليم ظاهريًا,
نظام رسوم تسجيل السفن والوحدات العائمة,4,4,0,,,,,سليم ظاهريًا,
تنظيم الجمعية السعودية للمراجعين الداخليين,15,15,0,,,,,سليم ظاهريًا,
نظام إيرادات الدولة,32,32,0,,,,,سليم ظاهريًا,
تنظيم الهيئة الوطنية لمكافحة الفساد,17,17,0,,,,,سليم ظاهريًا,
نظام التمويل العقاري,15,15,0,,,,,سليم ظاهريًا,
نظام الايجار التمويلي,28,28,0,,,,,سليم ظاهريًا,
نظام مراقبة شركات التمويل,40,40,0,,,,,سليم ظاهريًا,
نظام الرهن العقاري المسجل,46,46,0,,,,,سليم ظاهريًا,
نظام وظائف مباشرة الأموال العامة,15,15,0,,,,,سليم ظاهريًا,
تنظيم المركز الوطني لقياس أداء الأجهزة العامة,17,17,0,,,,,سليم ظاهريًا,
تنظيم بنك التصدير والاستيراد السعودي,15,15,0,,,,,سليم ظاهريًا,
نظام البنك المركزي السعودي,27,27,0,,,,,سليم ظاهريًا,
نظام نقابة السيارات,64,64,0,,,,,سليم ظاهريًا,
نظام حماية خطوط السكك الحديدية,5,5,0,,,,,سليم ظاهريًا,
نظام المؤسسة العامة للخطوط الجوية العربية السعودية,13,13,0,,,,,سليم ظاهريًا,
نظام الموانئ والمرافئ والمنائر البحرية,8,8,0,,,,,سليم ظاهريًا,
نظام المؤسسة العامة للموانئ السعودية,16,16,0,,,,,سليم ظاهريًا,
نظام النقل العام على الطرق بالمملكة العربية السعودية,24,24,0,,,,,سليم ظاهريًا,
نظام البريد 1406هـ,23,23,0,,,,,سليم ظاهريًا,
تنظيم هيئة الاتصالات وتقنية المعلومات,19,19,0,,,,,سليم ظاهريًا,
تنظيم مؤسسة البريد السعودي,16,16,0,,,,,سليم ظاهريًا,
تنظيم الهيئة العامة للطيران المدني,14,14,0,,,,,سليم ظاهريًا,
نظام الطيران المدني,180,180,0,,,,,سليم ظاهريًا,
نظام مكافحة جرائم المعلوماتية,16,16,0,,,,,سليم ظاهريًا,
نظام التعاملات الإلكترونية,31,31,0,,,,,سليم ظاهريًا,
نظام المؤسسة العامة لخطوط حديد حكومة المملكة العربية السعودية,18,18,0,,,,,سليم ظاهريًا,
نظام النقل بالخطوط الحديدية,39,39,0,,,,,سليم ظاهريًا,
تنظيم هيئة النقل العام ( الهيئة العامة للنقل ),16,16,0,,,,,سليم ظاهريًا,
تنظيم الهيئة العامة للموانئ,20,20,0,,,,,سليم ظاهريًا,
لائحة إنشاء الطرق من قبل الأهالي والشركات,6,6,0,,,,,سليم ظاهريًا,
تنظيم المنطقة الخاصة اللوجستية المتكاملة,21,21,0,,,,,سليم ظاهريًا,
النظام البحري التجاري,391,391,0,,,,,سليم ظاهريًا,
لائحة حقوق والتزامات مستخدمي وسائل النقل العام,21,21,0,,,,,سليم ظاهريًا,
ضوابط استخدام تقنيات المعلومات والاتصالات في الجهات الحكومية,9,9,0,,,,,سليم ظاهريًا,
تنظيم هيئة الحكومة الرقمية,18,18,0,,,,,سليم ظاهريًا,
تنظيم مجلس المحتوى الرقمي,14,14,0,,,,,سليم ظاهريًا,
نظام البريد,37,37,0,,,,,سليم ظاهريًا,
نظام الاتصالات وتقنية المعلومات,41,41,0,,,,,سليم ظاهريًا,
الترتيبات التنظيمية للهيئة العامة للطرق,14,14,0,,,,,سليم ظاهريًا,
الترتيبات التنظيمية للمركز الوطني لسلامة النقل,14,14,0,,,,,سليم ظاهريًا,
تنظيم وكالة الفضاء السعودية,13,13,0,,,,,سليم ظاهريًا,
