layer,storage_role,system_name,stored_article_number,stored_title_or_citation,number_parsed_from_title,issue_type,severity,recommended_action
legal_articles_export.json,Seed,نظام المرافعات أمام ديوان المظالم,12,المادة الثلاثون,30,رقم المادة لا يطابق العدد الترتيبي في عنوانها,حرجة,استبدال النص بالنص الرسمي رقم 12
legal_articles_export.json,Seed,نظام المرافعات أمام ديوان المظالم,13,المادة الأربعون,40,رقم المادة لا يطابق العدد الترتيبي في عنوانها,حرجة,استبدال النص بالنص الرسمي رقم 13
legal_articles_export.json,Seed,نظام المرافعات أمام ديوان المظالم,14,المادة الخمسون,50,رقم المادة لا يطابق العدد الترتيبي في عنوانها,حرجة,استبدال النص بالنص الرسمي رقم 14
legal_articles_export.json,Seed,نظام المرافعات أمام ديوان المظالم,15,المادة الستون,60,رقم المادة لا يطابق العدد الترتيبي في عنوانها,حرجة,استبدال النص بالنص الرسمي رقم 15
legal_articles_export.json,Seed,نظام المعاملات المدنية,24,المادة الرابعة والعشرون تسري على المال العام النصوص النظامية,,عنوان غير قابل للتحليل (نصّ مُدمَج في العنوان),متوسطة,فصل النص عن العنوان يدويًا
legal_articles_export.json,Seed,نظام المعاملات المدنية,237,المادة الثامنة والثلاثون بعد المائتين,238,رقم المادة لا يطابق العدد الترتيبي في عنوانها,حرجة,استبدال النص بالنص الرسمي رقم 237
legal_articles_export.json,Seed,نظام المعاملات المدنية,238,المادة التاسعة والثلاثون بعد المائتين,239,رقم المادة لا يطابق العدد الترتيبي في عنوانها,حرجة,استبدال النص بالنص الرسمي رقم 238
legal_articles_export.json,Seed,نظام المعاملات المدنية,239,المادة الأربعون بعد المائتين,240,رقم المادة لا يطابق العدد الترتيبي في عنوانها,حرجة,استبدال النص بالنص الرسمي رقم 239
legal_articles_export.json,Seed,نظام المعاملات المدنية,240,المادة الحادية والأربعون بعد المائتين,241,رقم المادة لا يطابق العدد الترتيبي في عنوانها,حرجة,استبدال النص بالنص الرسمي رقم 240
legal_articles_export.json,Seed,نظام المعاملات المدنية,241,المادة الثانية والأربعون بعد المائتين,242,رقم المادة لا يطابق العدد الترتيبي في عنوانها,حرجة,استبدال النص بالنص الرسمي رقم 241
legal_articles_export.json,Seed,نظام المعاملات المدنية,242,المادة الثالثة والأربعون بعد المائتين,243,رقم المادة لا يطابق العدد الترتيبي في عنوانها,حرجة,استبدال النص بالنص الرسمي رقم 242
legal_articles_export.json,Seed,نظام المعاملات المدنية,243,المادة الرابعة والأربعون بعد المائتين,244,رقم المادة لا يطابق العدد الترتيبي في عنوانها,حرجة,استبدال النص بالنص الرسمي رقم 243
legal_articles_export.json,Seed,نظام المعاملات المدنية,244,المادة الخامسة والأربعون بعد المائتين,245,رقم المادة لا يطابق العدد الترتيبي في عنوانها,حرجة,استبدال النص بالنص الرسمي رقم 244
legal_articles_export.json,Seed,نظام المعاملات المدنية,245,المادة السادسة والأربعون بعد المائتين,246,رقم المادة لا يطابق العدد الترتيبي في عنوانها,حرجة,استبدال النص بالنص الرسمي رقم 245
legal_articles_export.json,Seed,نظام المعاملات المدنية,246,المادة السابعة والأربعون بعد المائتين,247,رقم المادة لا يطابق العدد الترتيبي في عنوانها,حرجة,استبدال النص بالنص الرسمي رقم 246
legal_articles_export.json,Seed,نظام المعاملات المدنية,247,المادة الثامنة والأربعون بعد المائتين,248,رقم المادة لا يطابق العدد الترتيبي في عنوانها,حرجة,استبدال النص بالنص الرسمي رقم 247
legal_articles_export.json,Seed,نظام المعاملات المدنية,248,المادة التاسعة والأربعون بعد المائتين,249,رقم المادة لا يطابق العدد الترتيبي في عنوانها,حرجة,استبدال النص بالنص الرسمي رقم 248
legal_articles_export.json,Seed,نظام المعاملات المدنية,249,المادة الخمسون بعد المائتين,250,رقم المادة لا يطابق العدد الترتيبي في عنوانها,حرجة,استبدال النص بالنص الرسمي رقم 249
legal_articles_export.json,Seed,نظام المعاملات المدنية,250,المادة الحادية والخمسون بعد المائتين,251,رقم المادة لا يطابق العدد الترتيبي في عنوانها,حرجة,استبدال النص بالنص الرسمي رقم 250
legal_articles_export.json,Seed,نظام المعاملات المدنية,251,المادة الثانية والخمسون بعد المائتين,252,رقم المادة لا يطابق العدد الترتيبي في عنوانها,حرجة,استبدال النص بالنص الرسمي رقم 251
legal_articles_export.json,Seed,نظام المعاملات المدنية,252,المادة الثالثة والخمسون بعد المائتين,253,رقم المادة لا يطابق العدد الترتيبي في عنوانها,حرجة,استبدال النص بالنص الرسمي رقم 252
legal_articles_export.json,Seed,نظام المعاملات المدنية,253,المادة الرابعة والخمسون بعد المائتين,254,رقم المادة لا يطابق العدد الترتيبي في عنوانها,حرجة,استبدال النص بالنص الرسمي رقم 253
legal_articles_export.json,Seed,نظام المعاملات المدنية,254,المادة الخامسة والخمسون بعد المائتين,255,رقم المادة لا يطابق العدد الترتيبي في عنوانها,حرجة,استبدال النص بالنص الرسمي رقم 254
legal_articles_export.json,Seed,نظام المعاملات المدنية,255,المادة السادسة والخمسون بعد المائتين,256,رقم المادة لا يطابق العدد الترتيبي في عنوانها,حرجة,استبدال النص بالنص الرسمي رقم 255
legal_articles_export.json,Seed,نظام المعاملات المدنية,256,المادة السابعة والخمسون بعد المائتين,257,رقم المادة لا يطابق العدد الترتيبي في عنوانها,حرجة,استبدال النص بالنص الرسمي رقم 256
legal_articles_export.json,Seed,نظام المعاملات المدنية,257,المادة الثامنة والخمسون بعد المائتين,258,رقم المادة لا يطابق العدد الترتيبي في عنوانها,حرجة,استبدال النص بالنص الرسمي رقم 257
legal_articles_export.json,Seed,نظام المعاملات المدنية,258,المادة التاسعة والخمسون بعد المائتين,259,رقم المادة لا يطابق العدد الترتيبي في عنوانها,حرجة,استبدال النص بالنص الرسمي رقم 258
legal_articles_export.json,Seed,نظام المعاملات المدنية,259,المادة الستون بعد المائتين,260,رقم المادة لا يطابق العدد الترتيبي في عنوانها,حرجة,استبدال النص بالنص الرسمي رقم 259
legal_articles_export.json,Seed,نظام المعاملات المدنية,260,المادة الحادية والستون بعد المائتين,261,رقم المادة لا يطابق العدد الترتيبي في عنوانها,حرجة,استبدال النص بالنص الرسمي رقم 260
legal_articles_export.json,Seed,نظام المعاملات المدنية,261,المادة الثانية والستون بعد المائتين,262,رقم المادة لا يطابق العدد الترتيبي في عنوانها,حرجة,استبدال النص بالنص الرسمي رقم 261
legal_articles_export.json,Seed,نظام المعاملات المدنية,262,المادة الثالثة والستون بعد المائتين,263,رقم المادة لا يطابق العدد الترتيبي في عنوانها,حرجة,استبدال النص بالنص الرسمي رقم 262
legal_articles_export.json,Seed,نظام المعاملات المدنية,263,المادة الرابعة والستون بعد المائتين,264,رقم المادة لا يطابق العدد الترتيبي في عنوانها,حرجة,استبدال النص بالنص الرسمي رقم 263
legal_articles_export.json,Seed,نظام المعاملات المدنية,264,المادة الخامسة والستون بعد المائتين,265,رقم المادة لا يطابق العدد الترتيبي في عنوانها,حرجة,استبدال النص بالنص الرسمي رقم 264
legal_articles_export.json,Seed,نظام المعاملات المدنية,265,المادة السادسة والستون بعد المائتين,266,رقم المادة لا يطابق العدد الترتيبي في عنوانها,حرجة,استبدال النص بالنص الرسمي رقم 265
legal_articles_export.json,Seed,نظام المعاملات المدنية,266,المادة السابعة والستون بعد المائتين,267,رقم المادة لا يطابق العدد الترتيبي في عنوانها,حرجة,استبدال النص بالنص الرسمي رقم 266
legal_articles_export.json,Seed,نظام المعاملات المدنية,267,المادة الثامنة والستون بعد المائتين,268,رقم المادة لا يطابق العدد الترتيبي في عنوانها,حرجة,استبدال النص بالنص الرسمي رقم 267
legal_articles_export.json,Seed,نظام المعاملات المدنية,268,المادة التاسعة والستون بعد المائتين,269,رقم المادة لا يطابق العدد الترتيبي في عنوانها,حرجة,استبدال النص بالنص الرسمي رقم 268
legal_articles_export.json,Seed,نظام المعاملات المدنية,269,المادة السبعون بعد المائتين,270,رقم المادة لا يطابق العدد الترتيبي في عنوانها,حرجة,استبدال النص بالنص الرسمي رقم 269
legal_articles_export.json,Seed,نظام المعاملات المدنية,270,المادة الحادية والسبعون بعد المائتين,271,رقم المادة لا يطابق العدد الترتيبي في عنوانها,حرجة,استبدال النص بالنص الرسمي رقم 270
legal_articles_export.json,Seed,نظام المعاملات المدنية,271,المادة الثانية والسبعون بعد المائتين,272,رقم المادة لا يطابق العدد الترتيبي في عنوانها,حرجة,استبدال النص بالنص الرسمي رقم 271
legal_articles_export.json,Seed,نظام المعاملات المدنية,272,المادة الثالثة والسبعون بعد المائتين,273,رقم المادة لا يطابق العدد الترتيبي في عنوانها,حرجة,استبدال النص بالنص الرسمي رقم 272
legal_articles_export.json,Seed,نظام المعاملات المدنية,273,المادة الرابعة والسبعون بعد المائتين,274,رقم المادة لا يطابق العدد الترتيبي في عنوانها,حرجة,استبدال النص بالنص الرسمي رقم 273
legal_articles_export.json,Seed,نظام المعاملات المدنية,274,المادة الخامسة والسبعون بعد المائتين,275,رقم المادة لا يطابق العدد الترتيبي في عنوانها,حرجة,استبدال النص بالنص الرسمي رقم 274
legal_articles_export.json,Seed,نظام المعاملات المدنية,275,المادة السادسة والسبعون بعد المائتين,276,رقم المادة لا يطابق العدد الترتيبي في عنوانها,حرجة,استبدال النص بالنص الرسمي رقم 275
legal_articles_export.json,Seed,نظام المعاملات المدنية,276,المادة السابعة والسبعون بعد المائتين,277,رقم المادة لا يطابق العدد الترتيبي في عنوانها,حرجة,استبدال النص بالنص الرسمي رقم 276
legal_articles_export.json,Seed,نظام المعاملات المدنية,277,المادة الثامنة والسبعون بعد المائتين,278,رقم المادة لا يطابق العدد الترتيبي في عنوانها,حرجة,استبدال النص بالنص الرسمي رقم 277
legal_articles_export.json,Seed,نظام المعاملات المدنية,278,المادة التاسعة والسبعون بعد المائتين,279,رقم المادة لا يطابق العدد الترتيبي في عنوانها,حرجة,استبدال النص بالنص الرسمي رقم 278
legal_articles_export.json,Seed,نظام المعاملات المدنية,279,المادة الثمانون بعد المائتين,280,رقم المادة لا يطابق العدد الترتيبي في عنوانها,حرجة,استبدال النص بالنص الرسمي رقم 279
legal_articles_export.json,Seed,نظام المعاملات المدنية,280,المادة الحادية والثمانون بعد المائتين,281,رقم المادة لا يطابق العدد الترتيبي في عنوانها,حرجة,استبدال النص بالنص الرسمي رقم 280
legal_articles_export.json,Seed,نظام المعاملات المدنية,281,المادة الثانية والثمانون بعد المائتين,282,رقم المادة لا يطابق العدد الترتيبي في عنوانها,حرجة,استبدال النص بالنص الرسمي رقم 281
legal_articles_export.json,Seed,نظام المعاملات المدنية,282,المادة الثالثة والثمانون بعد المائتين,283,رقم المادة لا يطابق العدد الترتيبي في عنوانها,حرجة,استبدال النص بالنص الرسمي رقم 282
legal_articles_export.json,Seed,نظام المعاملات المدنية,283,المادة الرابعة والثمانون بعد المائتين,284,رقم المادة لا يطابق العدد الترتيبي في عنوانها,حرجة,استبدال النص بالنص الرسمي رقم 283
legal_articles_export.json,Seed,نظام المعاملات المدنية,284,المادة الخامسة والثمانون بعد المائتين,285,رقم المادة لا يطابق العدد الترتيبي في عنوانها,حرجة,استبدال النص بالنص الرسمي رقم 284
legal_articles_export.json,Seed,نظام المعاملات المدنية,285,المادة السادسة والثمانون بعد المائتين,286,رقم المادة لا يطابق العدد الترتيبي في عنوانها,حرجة,استبدال النص بالنص الرسمي رقم 285
legal_articles_export.json,Seed,نظام المعاملات المدنية,286,المادة السابعة والثمانون بعد المائتين,287,رقم المادة لا يطابق العدد الترتيبي في عنوانها,حرجة,استبدال النص بالنص الرسمي رقم 286
legal_articles_export.json,Seed,نظام المعاملات المدنية,287,المادة الثامنة والثمانون بعد المائتين,288,رقم المادة لا يطابق العدد الترتيبي في عنوانها,حرجة,استبدال النص بالنص الرسمي رقم 287
legal_articles_export.json,Seed,نظام المعاملات المدنية,288,المادة التاسعة والثمانون بعد المائتين,289,رقم المادة لا يطابق العدد الترتيبي في عنوانها,حرجة,استبدال النص بالنص الرسمي رقم 288
legal_articles_export.json,Seed,نظام المعاملات المدنية,289,المادة التسعون بعد المائتين,290,رقم المادة لا يطابق العدد الترتيبي في عنوانها,حرجة,استبدال النص بالنص الرسمي رقم 289
legal_articles_export.json,Seed,نظام المعاملات المدنية,290,المادة الحادية والتسعون بعد المائتين,291,رقم المادة لا يطابق العدد الترتيبي في عنوانها,حرجة,استبدال النص بالنص الرسمي رقم 290
legal_articles_export.json,Seed,نظام المعاملات المدنية,291,المادة الثانية والتسعون بعد المائتين,292,رقم المادة لا يطابق العدد الترتيبي في عنوانها,حرجة,استبدال النص بالنص الرسمي رقم 291
legal_articles_export.json,Seed,نظام المعاملات المدنية,292,المادة الثالثة والتسعون بعد المائتين,293,رقم المادة لا يطابق العدد الترتيبي في عنوانها,حرجة,استبدال النص بالنص الرسمي رقم 292
legal_articles_export.json,Seed,نظام المعاملات المدنية,293,المادة الرابعة والتسعون بعد المائتين,294,رقم المادة لا يطابق العدد الترتيبي في عنوانها,حرجة,استبدال النص بالنص الرسمي رقم 293
legal_articles_export.json,Seed,نظام المعاملات المدنية,294,المادة الخامسة والتسعون بعد المائتين,295,رقم المادة لا يطابق العدد الترتيبي في عنوانها,حرجة,استبدال النص بالنص الرسمي رقم 294
legal_articles_export.json,Seed,نظام المعاملات المدنية,295,المادة السادسة والتسعون بعد المائتين,296,رقم المادة لا يطابق العدد الترتيبي في عنوانها,حرجة,استبدال النص بالنص الرسمي رقم 295
legal_articles_export.json,Seed,نظام المعاملات المدنية,296,المادة السابعة والتسعون بعد المائتين,297,رقم المادة لا يطابق العدد الترتيبي في عنوانها,حرجة,استبدال النص بالنص الرسمي رقم 296
legal_articles_export.json,Seed,نظام المعاملات المدنية,297,المادة الثامنة والتسعون بعد المائتين,298,رقم المادة لا يطابق العدد الترتيبي في عنوانها,حرجة,استبدال النص بالنص الرسمي رقم 297
legal_articles_export.json,Seed,نظام المعاملات المدنية,298,المادة التاسعة والتسعون بعد المائتين,299,رقم المادة لا يطابق العدد الترتيبي في عنوانها,حرجة,استبدال النص بالنص الرسمي رقم 298
legal_articles_export.json,Seed,نظام المعاملات المدنية,299,المادة الثلاثمائة,300,رقم المادة لا يطابق العدد الترتيبي في عنوانها,حرجة,استبدال النص بالنص الرسمي رقم 299
legal_articles_export.json,Seed,نظام المعاملات المدنية,300,المادة الأولى بعد الثلاثمائة,301,رقم المادة لا يطابق العدد الترتيبي في عنوانها,حرجة,استبدال النص بالنص الرسمي رقم 300
legal_articles_export.json,Seed,نظام المعاملات المدنية,301,المادة الثانية بعد الثلاثمائة,302,رقم المادة لا يطابق العدد الترتيبي في عنوانها,حرجة,استبدال النص بالنص الرسمي رقم 301
legal_articles_export.json,Seed,نظام المعاملات المدنية,302,المادة الثالثة بعد الثلاثمائة,303,رقم المادة لا يطابق العدد الترتيبي في عنوانها,حرجة,استبدال النص بالنص الرسمي رقم 302
legal_articles_export.json,Seed,نظام المعاملات المدنية,303,المادة الرابعة بعد الثلاثمائة,304,رقم المادة لا يطابق العدد الترتيبي في عنوانها,حرجة,استبدال النص بالنص الرسمي رقم 303
legal_articles_export.json,Seed,نظام المعاملات المدنية,304,المادة الخامسة بعد الثلاثمائة,305,رقم المادة لا يطابق العدد الترتيبي في عنوانها,حرجة,استبدال النص بالنص الرسمي رقم 304
legal_articles_export.json,Seed,نظام المعاملات المدنية,305,المادة السادسة بعد الثلاثمائة,306,رقم المادة لا يطابق العدد الترتيبي في عنوانها,حرجة,استبدال النص بالنص الرسمي رقم 305
legal_articles_export.json,Seed,نظام المعاملات المدنية,306,المادة السابعة بعد الثلاثمائة,307,رقم المادة لا يطابق العدد الترتيبي في عنوانها,حرجة,استبدال النص بالنص الرسمي رقم 306
legal_articles_export.json,Seed,نظام المعاملات المدنية,307,المادة الثامنة بعد الثلاثمائة,308,رقم المادة لا يطابق العدد الترتيبي في عنوانها,حرجة,استبدال النص بالنص الرسمي رقم 307
legal_articles_export.json,Seed,نظام المعاملات المدنية,308,المادة التاسعة بعد الثلاثمائة,309,رقم المادة لا يطابق العدد الترتيبي في عنوانها,حرجة,استبدال النص بالنص الرسمي رقم 308
legal_articles_export.json,Seed,نظام المعاملات المدنية,309,المادة العاشرة بعد الثلاثمائة,310,رقم المادة لا يطابق العدد الترتيبي في عنوانها,حرجة,استبدال النص بالنص الرسمي رقم 309
legal_articles_export.json,Seed,نظام المعاملات المدنية,310,المادة الحادية عشرة بعد الثلاثمائة,311,رقم المادة لا يطابق العدد الترتيبي في عنوانها,حرجة,استبدال النص بالنص الرسمي رقم 310
legal_articles_export.json,Seed,نظام المعاملات المدنية,311,المادة الثانية عشرة بعد الثلاثمائة,312,رقم المادة لا يطابق العدد الترتيبي في عنوانها,حرجة,استبدال النص بالنص الرسمي رقم 311
legal_articles_export.json,Seed,نظام المعاملات المدنية,312,المادة الثالثة عشرة بعد الثلاثمائة,313,رقم المادة لا يطابق العدد الترتيبي في عنوانها,حرجة,استبدال النص بالنص الرسمي رقم 312
legal_articles_export.json,Seed,نظام المعاملات المدنية,313,المادة الرابعة عشرة بعد الثلاثمائة,314,رقم المادة لا يطابق العدد الترتيبي في عنوانها,حرجة,استبدال النص بالنص الرسمي رقم 313
legal_articles_export.json,Seed,نظام المعاملات المدنية,314,المادة الخامسة عشرة بعد الثلاثمائة,315,رقم المادة لا يطابق العدد الترتيبي في عنوانها,حرجة,استبدال النص بالنص الرسمي رقم 314
legal_articles_export.json,Seed,نظام المعاملات المدنية,315,المادة السادسة عشرة بعد الثلاثمائة,316,رقم المادة لا يطابق العدد الترتيبي في عنوانها,حرجة,استبدال النص بالنص الرسمي رقم 315
legal_articles_export.json,Seed,نظام المعاملات المدنية,316,المادة السابعة عشرة بعد الثلاثمائة,317,رقم المادة لا يطابق العدد الترتيبي في عنوانها,حرجة,استبدال النص بالنص الرسمي رقم 316
legal_articles_export.json,Seed,نظام المعاملات المدنية,317,المادة الثامنة عشرة بعد الثلاثمائة,318,رقم المادة لا يطابق العدد الترتيبي في عنوانها,حرجة,استبدال النص بالنص الرسمي رقم 317
legal_articles_export.json,Seed,نظام المعاملات المدنية,318,المادة التاسعة عشرة بعد الثلاثمائة,319,رقم المادة لا يطابق العدد الترتيبي في عنوانها,حرجة,استبدال النص بالنص الرسمي رقم 318
legal_articles_export.json,Seed,نظام المعاملات المدنية,319,المادة العشرون بعد الثلاثمائة,320,رقم المادة لا يطابق العدد الترتيبي في عنوانها,حرجة,استبدال النص بالنص الرسمي رقم 319
legal_articles_export.json,Seed,نظام المعاملات المدنية,320,المادة الحادية والعشرون بعد الثلاثمائة,321,رقم المادة لا يطابق العدد الترتيبي في عنوانها,حرجة,استبدال النص بالنص الرسمي رقم 320
legal_articles_export.json,Seed,نظام المعاملات المدنية,321,المادة الثانية والعشرون بعد الثلاثمائة,322,رقم المادة لا يطابق العدد الترتيبي في عنوانها,حرجة,استبدال النص بالنص الرسمي رقم 321
legal_articles_export.json,Seed,نظام المعاملات المدنية,322,المادة الثالثة والعشرون بعد الثلاثمائة,323,رقم المادة لا يطابق العدد الترتيبي في عنوانها,حرجة,استبدال النص بالنص الرسمي رقم 322
legal_articles_export.json,Seed,نظام المعاملات المدنية,323,المادة الرابعة والعشرون بعد الثلاثمائة,324,رقم المادة لا يطابق العدد الترتيبي في عنوانها,حرجة,استبدال النص بالنص الرسمي رقم 323
legal_articles_export.json,Seed,نظام المعاملات المدنية,324,المادة الخامسة والعشرون بعد الثلاثمائة,325,رقم المادة لا يطابق العدد الترتيبي في عنوانها,حرجة,استبدال النص بالنص الرسمي رقم 324
legal_articles_export.json,Seed,نظام المعاملات المدنية,325,المادة السادسة والعشرون بعد الثلاثمائة,326,رقم المادة لا يطابق العدد الترتيبي في عنوانها,حرجة,استبدال النص بالنص الرسمي رقم 325
legal_articles_export.json,Seed,نظام المعاملات المدنية,326,المادة السابعة والعشرون بعد الثلاثمائة,327,رقم المادة لا يطابق العدد الترتيبي في عنوانها,حرجة,استبدال النص بالنص الرسمي رقم 326
legal_articles_export.json,Seed,نظام المعاملات المدنية,327,المادة الثامنة والعشرون بعد الثلاثمائة,328,رقم المادة لا يطابق العدد الترتيبي في عنوانها,حرجة,استبدال النص بالنص الرسمي رقم 327
legal_articles_export.json,Seed,نظام المعاملات المدنية,328,المادة التاسعة والعشرون بعد الثلاثمائة,329,رقم المادة لا يطابق العدد الترتيبي في عنوانها,حرجة,استبدال النص بالنص الرسمي رقم 328
legal_articles_export.json,Seed,نظام المعاملات المدنية,329,المادة الثلاثون بعد الثلاثمائة,330,رقم المادة لا يطابق العدد الترتيبي في عنوانها,حرجة,استبدال النص بالنص الرسمي رقم 329
legal_articles_export.json,Seed,نظام المعاملات المدنية,330,المادة الحادية والثلاثون بعد الثلاثمائة,331,رقم المادة لا يطابق العدد الترتيبي في عنوانها,حرجة,استبدال النص بالنص الرسمي رقم 330
legal_articles_export.json,Seed,نظام المعاملات المدنية,331,المادة الثانية والثلاثون بعد الثلاثمائة,332,رقم المادة لا يطابق العدد الترتيبي في عنوانها,حرجة,استبدال النص بالنص الرسمي رقم 331
legal_articles_export.json,Seed,نظام المعاملات المدنية,332,المادة الثالثة والثلاثون بعد الثلاثمائة,333,رقم المادة لا يطابق العدد الترتيبي في عنوانها,حرجة,استبدال النص بالنص الرسمي رقم 332
legal_articles_export.json,Seed,نظام المعاملات المدنية,333,المادة الرابعة والثلاثون بعد الثلاثمائة,334,رقم المادة لا يطابق العدد الترتيبي في عنوانها,حرجة,استبدال النص بالنص الرسمي رقم 333
legal_articles_export.json,Seed,نظام المعاملات المدنية,334,المادة الخامسة والثلاثون بعد الثلاثمائة,335,رقم المادة لا يطابق العدد الترتيبي في عنوانها,حرجة,استبدال النص بالنص الرسمي رقم 334
legal_articles_export.json,Seed,نظام المعاملات المدنية,335,المادة السادسة والثلاثون بعد الثلاثمائة,336,رقم المادة لا يطابق العدد الترتيبي في عنوانها,حرجة,استبدال النص بالنص الرسمي رقم 335
legal_articles_export.json,Seed,نظام المعاملات المدنية,336,المادة السابعة والثلاثون بعد الثلاثمائة,337,رقم المادة لا يطابق العدد الترتيبي في عنوانها,حرجة,استبدال النص بالنص الرسمي رقم 336
legal_articles_export.json,Seed,نظام المعاملات المدنية,337,المادة الثامنة والثلاثون بعد الثلاثمائة,338,رقم المادة لا يطابق العدد الترتيبي في عنوانها,حرجة,استبدال النص بالنص الرسمي رقم 337
legal_articles_export.json,Seed,نظام المعاملات المدنية,338,المادة التاسعة والثلاثون بعد الثلاثمائة,339,رقم المادة لا يطابق العدد الترتيبي في عنوانها,حرجة,استبدال النص بالنص الرسمي رقم 338
legal_articles_export.json,Seed,نظام المعاملات المدنية,339,المادة الأربعون بعد الثلاثمائة,340,رقم المادة لا يطابق العدد الترتيبي في عنوانها,حرجة,استبدال النص بالنص الرسمي رقم 339
legal_articles_export.json,Seed,نظام المعاملات المدنية,340,المادة الحادية والأربعون بعد الثلاثمائة,341,رقم المادة لا يطابق العدد الترتيبي في عنوانها,حرجة,استبدال النص بالنص الرسمي رقم 340
legal_articles_export.json,Seed,نظام المعاملات المدنية,341,المادة الثانية والأربعون بعد الثلاثمائة,342,رقم المادة لا يطابق العدد الترتيبي في عنوانها,حرجة,استبدال النص بالنص الرسمي رقم 341
legal_articles_export.json,Seed,نظام المعاملات المدنية,342,المادة الثالثة والأربعون بعد الثلاثمائة,343,رقم المادة لا يطابق العدد الترتيبي في عنوانها,حرجة,استبدال النص بالنص الرسمي رقم 342
legal_articles_export.json,Seed,نظام المعاملات المدنية,343,المادة الرابعة والأربعون بعد الثلاثمائة,344,رقم المادة لا يطابق العدد الترتيبي في عنوانها,حرجة,استبدال النص بالنص الرسمي رقم 343
legal_articles_export.json,Seed,نظام المعاملات المدنية,344,المادة الخامسة والأربعون بعد الثلاثمائة,345,رقم المادة لا يطابق العدد الترتيبي في عنوانها,حرجة,استبدال النص بالنص الرسمي رقم 344
legal_articles_export.json,Seed,نظام المعاملات المدنية,345,المادة السادسة والأربعون بعد الثلاثمائة,346,رقم المادة لا يطابق العدد الترتيبي في عنوانها,حرجة,استبدال النص بالنص الرسمي رقم 345
legal_articles_export.json,Seed,نظام المعاملات المدنية,346,المادة السابعة والأربعون بعد الثلاثمائة,347,رقم المادة لا يطابق العدد الترتيبي في عنوانها,حرجة,استبدال النص بالنص الرسمي رقم 346
legal_articles_export.json,Seed,نظام المعاملات المدنية,347,المادة الثامنة والأربعون بعد الثلاثمائة,348,رقم المادة لا يطابق العدد الترتيبي في عنوانها,حرجة,استبدال النص بالنص الرسمي رقم 347
legal_articles_export.json,Seed,نظام المعاملات المدنية,348,المادة التاسعة والأربعون بعد الثلاثمائة,349,رقم المادة لا يطابق العدد الترتيبي في عنوانها,حرجة,استبدال النص بالنص الرسمي رقم 348
legal_articles_export.json,Seed,نظام المعاملات المدنية,349,المادة الخمسون بعد الثلاثمائة,350,رقم المادة لا يطابق العدد الترتيبي في عنوانها,حرجة,استبدال النص بالنص الرسمي رقم 349
legal_articles_export.json,Seed,نظام المعاملات المدنية,350,المادة الحادية والخمسون بعد الثلاثمائة,351,رقم المادة لا يطابق العدد الترتيبي في عنوانها,حرجة,استبدال النص بالنص الرسمي رقم 350
legal_articles_export.json,Seed,نظام المعاملات المدنية,351,المادة الثانية والخمسون بعد الثلاثمائة,352,رقم المادة لا يطابق العدد الترتيبي في عنوانها,حرجة,استبدال النص بالنص الرسمي رقم 351
legal_articles_export.json,Seed,نظام المعاملات المدنية,352,المادة الثالثة والخمسون بعد الثلاثمائة,353,رقم المادة لا يطابق العدد الترتيبي في عنوانها,حرجة,استبدال النص بالنص الرسمي رقم 352
legal_articles_export.json,Seed,نظام المعاملات المدنية,353,المادة الرابعة والخمسون بعد الثلاثمائة,354,رقم المادة لا يطابق العدد الترتيبي في عنوانها,حرجة,استبدال النص بالنص الرسمي رقم 353
legal_articles_export.json,Seed,نظام المعاملات المدنية,354,المادة الخامسة والخمسون بعد الثلاثمائة,355,رقم المادة لا يطابق العدد الترتيبي في عنوانها,حرجة,استبدال النص بالنص الرسمي رقم 354
legal_articles_export.json,Seed,نظام المعاملات المدنية,355,المادة السادسة والخمسون بعد الثلاثمائة,356,رقم المادة لا يطابق العدد الترتيبي في عنوانها,حرجة,استبدال النص بالنص الرسمي رقم 355
legal_articles_export.json,Seed,نظام المعاملات المدنية,356,المادة السابعة والخمسون بعد الثلاثمائة,357,رقم المادة لا يطابق العدد الترتيبي في عنوانها,حرجة,استبدال النص بالنص الرسمي رقم 356
legal_articles_export.json,Seed,نظام المعاملات المدنية,357,المادة الثامنة والخمسون بعد الثلاثمائة,358,رقم المادة لا يطابق العدد الترتيبي في عنوانها,حرجة,استبدال النص بالنص الرسمي رقم 357
legal_articles_export.json,Seed,نظام المعاملات المدنية,358,المادة التاسعة والخمسون بعد الثلاثمائة,359,رقم المادة لا يطابق العدد الترتيبي في عنوانها,حرجة,استبدال النص بالنص الرسمي رقم 358
legal_articles_export.json,Seed,نظام المعاملات المدنية,359,المادة الستون بعد الثلاثمائة,360,رقم المادة لا يطابق العدد الترتيبي في عنوانها,حرجة,استبدال النص بالنص الرسمي رقم 359
legal_articles_export.json,Seed,نظام المعاملات المدنية,360,المادة الحادية والستون بعد الثلاثمائة,361,رقم المادة لا يطابق العدد الترتيبي في عنوانها,حرجة,استبدال النص بالنص الرسمي رقم 360
legal_articles_export.json,Seed,نظام المعاملات المدنية,361,المادة الثانية والستون بعد الثلاثمائة,362,رقم المادة لا يطابق العدد الترتيبي في عنوانها,حرجة,استبدال النص بالنص الرسمي رقم 361
legal_articles_export.json,Seed,نظام المعاملات المدنية,362,المادة الثالثة والستون بعد الثلاثمائة,363,رقم المادة لا يطابق العدد الترتيبي في عنوانها,حرجة,استبدال النص بالنص الرسمي رقم 362
legal_articles_export.json,Seed,نظام المعاملات المدنية,363,المادة الرابعة والستون بعد الثلاثمائة,364,رقم المادة لا يطابق العدد الترتيبي في عنوانها,حرجة,استبدال النص بالنص الرسمي رقم 363
legal_articles_export.json,Seed,نظام المعاملات المدنية,364,المادة الخامسة والستون بعد الثلاثمائة,365,رقم المادة لا يطابق العدد الترتيبي في عنوانها,حرجة,استبدال النص بالنص الرسمي رقم 364
legal_articles_export.json,Seed,نظام المعاملات المدنية,365,المادة السادسة والستون بعد الثلاثمائة,366,رقم المادة لا يطابق العدد الترتيبي في عنوانها,حرجة,استبدال النص بالنص الرسمي رقم 365
legal_articles_export.json,Seed,نظام المعاملات المدنية,366,المادة السابعة والستون بعد الثلاثمائة,367,رقم المادة لا يطابق العدد الترتيبي في عنوانها,حرجة,استبدال النص بالنص الرسمي رقم 366
legal_articles_export.json,Seed,نظام المعاملات المدنية,367,المادة الثامنة والستون بعد الثلاثمائة,368,رقم المادة لا يطابق العدد الترتيبي في عنوانها,حرجة,استبدال النص بالنص الرسمي رقم 367
legal_articles_export.json,Seed,نظام المعاملات المدنية,368,المادة التاسعة والستون بعد الثلاثمائة,369,رقم المادة لا يطابق العدد الترتيبي في عنوانها,حرجة,استبدال النص بالنص الرسمي رقم 368
legal_articles_export.json,Seed,نظام المعاملات المدنية,369,المادة السبعون بعد الثلاثمائة,370,رقم المادة لا يطابق العدد الترتيبي في عنوانها,حرجة,استبدال النص بالنص الرسمي رقم 369
legal_articles_export.json,Seed,نظام المعاملات المدنية,370,المادة الحادية والسبعون بعد الثلاثمائة,371,رقم المادة لا يطابق العدد الترتيبي في عنوانها,حرجة,استبدال النص بالنص الرسمي رقم 370
legal_articles_export.json,Seed,نظام المعاملات المدنية,371,المادة الثانية والسبعون بعد الثلاثمائة,372,رقم المادة لا يطابق العدد الترتيبي في عنوانها,حرجة,استبدال النص بالنص الرسمي رقم 371
legal_articles_export.json,Seed,نظام المعاملات المدنية,372,المادة الثالثة والسبعون بعد الثلاثمائة,373,رقم المادة لا يطابق العدد الترتيبي في عنوانها,حرجة,استبدال النص بالنص الرسمي رقم 372
legal_articles_export.json,Seed,نظام المعاملات المدنية,373,المادة الرابعة والسبعون بعد الثلاثمائة,374,رقم المادة لا يطابق العدد الترتيبي في عنوانها,حرجة,استبدال النص بالنص الرسمي رقم 373
legal_articles_export.json,Seed,نظام المعاملات المدنية,374,المادة الخامسة والسبعون بعد الثلاثمائة,375,رقم المادة لا يطابق العدد الترتيبي في عنوانها,حرجة,استبدال النص بالنص الرسمي رقم 374
legal_articles_export.json,Seed,نظام المعاملات المدنية,375,المادة السادسة والسبعون بعد الثلاثمائة,376,رقم المادة لا يطابق العدد الترتيبي في عنوانها,حرجة,استبدال النص بالنص الرسمي رقم 375
legal_articles_export.json,Seed,نظام المعاملات المدنية,376,المادة السابعة والسبعون بعد الثلاثمائة,377,رقم المادة لا يطابق العدد الترتيبي في عنوانها,حرجة,استبدال النص بالنص الرسمي رقم 376
legal_articles_export.json,Seed,نظام المعاملات المدنية,377,المادة الثامنة والسبعون بعد الثلاثمائة,378,رقم المادة لا يطابق العدد الترتيبي في عنوانها,حرجة,استبدال النص بالنص الرسمي رقم 377
legal_articles_export.json,Seed,نظام المعاملات المدنية,378,المادة التاسعة والسبعون بعد الثلاثمائة,379,رقم المادة لا يطابق العدد الترتيبي في عنوانها,حرجة,استبدال النص بالنص الرسمي رقم 378
legal_articles_export.json,Seed,نظام المعاملات المدنية,379,المادة الثمانون بعد الثلاثمائة,380,رقم المادة لا يطابق العدد الترتيبي في عنوانها,حرجة,استبدال النص بالنص الرسمي رقم 379
legal_articles_export.json,Seed,نظام المعاملات المدنية,380,المادة الحادية والثمانون بعد الثلاثمائة,381,رقم المادة لا يطابق العدد الترتيبي في عنوانها,حرجة,استبدال النص بالنص الرسمي رقم 380
legal_articles_export.json,Seed,نظام المعاملات المدنية,381,المادة الثانية والثمانون بعد الثلاثمائة,382,رقم المادة لا يطابق العدد الترتيبي في عنوانها,حرجة,استبدال النص بالنص الرسمي رقم 381
legal_articles_export.json,Seed,نظام المعاملات المدنية,382,المادة الثالثة والثمانون بعد الثلاثمائة,383,رقم المادة لا يطابق العدد الترتيبي في عنوانها,حرجة,استبدال النص بالنص الرسمي رقم 382
legal_articles_export.json,Seed,نظام المعاملات المدنية,383,المادة الرابعة والثمانون بعد الثلاثمائة,384,رقم المادة لا يطابق العدد الترتيبي في عنوانها,حرجة,استبدال النص بالنص الرسمي رقم 383
legal_articles_export.json,Seed,نظام المعاملات المدنية,384,المادة الخامسة والثمانون بعد الثلاثمائة,385,رقم المادة لا يطابق العدد الترتيبي في عنوانها,حرجة,استبدال النص بالنص الرسمي رقم 384
legal_articles_export.json,Seed,نظام المعاملات المدنية,385,المادة السادسة والثمانون بعد الثلاثمائة,386,رقم المادة لا يطابق العدد الترتيبي في عنوانها,حرجة,استبدال النص بالنص الرسمي رقم 385
legal_articles_export.json,Seed,نظام المعاملات المدنية,386,المادة السابعة والثمانون بعد الثلاثمائة,387,رقم المادة لا يطابق العدد الترتيبي في عنوانها,حرجة,استبدال النص بالنص الرسمي رقم 386
legal_articles_export.json,Seed,نظام المعاملات المدنية,387,المادة الثامنة والثمانون بعد الثلاثمائة,388,رقم المادة لا يطابق العدد الترتيبي في عنوانها,حرجة,استبدال النص بالنص الرسمي رقم 387
legal_articles_export.json,Seed,نظام المعاملات المدنية,388,المادة التاسعة والثمانون بعد الثلاثمائة,389,رقم المادة لا يطابق العدد الترتيبي في عنوانها,حرجة,استبدال النص بالنص الرسمي رقم 388
legal_articles_export.json,Seed,نظام المعاملات المدنية,389,المادة التسعون بعد الثلاثمائة,390,رقم المادة لا يطابق العدد الترتيبي في عنوانها,حرجة,استبدال النص بالنص الرسمي رقم 389
legal_articles_export.json,Seed,نظام المعاملات المدنية,390,المادة الحادية والتسعون بعد الثلاثمائة,391,رقم المادة لا يطابق العدد الترتيبي في عنوانها,حرجة,استبدال النص بالنص الرسمي رقم 390
legal_articles_export.json,Seed,نظام المعاملات المدنية,391,المادة الثانية والتسعون بعد الثلاثمائة,392,رقم المادة لا يطابق العدد الترتيبي في عنوانها,حرجة,استبدال النص بالنص الرسمي رقم 391
legal_articles_export.json,Seed,نظام المعاملات المدنية,392,المادة الثالثة والتسعون بعد الثلاثمائة,393,رقم المادة لا يطابق العدد الترتيبي في عنوانها,حرجة,استبدال النص بالنص الرسمي رقم 392
legal_articles_export.json,Seed,نظام المعاملات المدنية,393,المادة الرابعة والتسعون بعد الثلاثمائة,394,رقم المادة لا يطابق العدد الترتيبي في عنوانها,حرجة,استبدال النص بالنص الرسمي رقم 393
legal_articles_export.json,Seed,نظام المعاملات المدنية,394,المادة الخامسة والتسعون بعد الثلاثمائة,395,رقم المادة لا يطابق العدد الترتيبي في عنوانها,حرجة,استبدال النص بالنص الرسمي رقم 394
legal_articles_export.json,Seed,نظام المعاملات المدنية,395,المادة السادسة والتسعون بعد الثلاثمائة,396,رقم المادة لا يطابق العدد الترتيبي في عنوانها,حرجة,استبدال النص بالنص الرسمي رقم 395
legal_articles_export.json,Seed,نظام المعاملات المدنية,396,المادة السابعة والتسعون بعد الثلاثمائة,397,رقم المادة لا يطابق العدد الترتيبي في عنوانها,حرجة,استبدال النص بالنص الرسمي رقم 396
legal_articles_export.json,Seed,نظام المعاملات المدنية,397,المادة الثامنة والتسعون بعد الثلاثمائة,398,رقم المادة لا يطابق العدد الترتيبي في عنوانها,حرجة,استبدال النص بالنص الرسمي رقم 397
legal_articles_export.json,Seed,نظام المعاملات المدنية,398,المادة التاسعة والتسعون بعد الثلاثمائة,399,رقم المادة لا يطابق العدد الترتيبي في عنوانها,حرجة,استبدال النص بالنص الرسمي رقم 398
legal_articles_export.json,Seed,نظام المعاملات المدنية,399,المادة الأربعمائة,400,رقم المادة لا يطابق العدد الترتيبي في عنوانها,حرجة,استبدال النص بالنص الرسمي رقم 399
legal_articles_export.json,Seed,نظام المعاملات المدنية,400,المادة الأولى بعد الأربعمائة,401,رقم المادة لا يطابق العدد الترتيبي في عنوانها,حرجة,استبدال النص بالنص الرسمي رقم 400
legal_articles_export.json,Seed,نظام المعاملات المدنية,401,المادة الثانية بعد الأربعمائة,402,رقم المادة لا يطابق العدد الترتيبي في عنوانها,حرجة,استبدال النص بالنص الرسمي رقم 401
legal_articles_export.json,Seed,نظام المعاملات المدنية,402,المادة الثالثة بعد الأربعمائة,403,رقم المادة لا يطابق العدد الترتيبي في عنوانها,حرجة,استبدال النص بالنص الرسمي رقم 402
legal_articles_export.json,Seed,نظام المعاملات المدنية,403,المادة الرابعة بعد الأربعمائة,404,رقم المادة لا يطابق العدد الترتيبي في عنوانها,حرجة,استبدال النص بالنص الرسمي رقم 403
legal_articles_export.json,Seed,نظام المعاملات المدنية,404,المادة الخامسة بعد الأربعمائة,405,رقم المادة لا يطابق العدد الترتيبي في عنوانها,حرجة,استبدال النص بالنص الرسمي رقم 404
legal_articles_export.json,Seed,نظام المعاملات المدنية,405,المادة السادسة بعد الأربعمائة,406,رقم المادة لا يطابق العدد الترتيبي في عنوانها,حرجة,استبدال النص بالنص الرسمي رقم 405
legal_articles_export.json,Seed,نظام المعاملات المدنية,406,المادة السابعة بعد الأربعمائة,407,رقم المادة لا يطابق العدد الترتيبي في عنوانها,حرجة,استبدال النص بالنص الرسمي رقم 406
legal_articles_export.json,Seed,نظام المعاملات المدنية,407,المادة الثامنة بعد الأربعمائة,408,رقم المادة لا يطابق العدد الترتيبي في عنوانها,حرجة,استبدال النص بالنص الرسمي رقم 407
legal_articles_export.json,Seed,نظام المعاملات المدنية,408,المادة التاسعة بعد الأربعمائة,409,رقم المادة لا يطابق العدد الترتيبي في عنوانها,حرجة,استبدال النص بالنص الرسمي رقم 408
legal_articles_export.json,Seed,نظام المعاملات المدنية,409,المادة العاشرة بعد الأربعمائة,410,رقم المادة لا يطابق العدد الترتيبي في عنوانها,حرجة,استبدال النص بالنص الرسمي رقم 409
legal_articles_export.json,Seed,نظام المعاملات المدنية,410,المادة الحادية عشرة بعد الأربعمائة,411,رقم المادة لا يطابق العدد الترتيبي في عنوانها,حرجة,استبدال النص بالنص الرسمي رقم 410
legal_articles_export.json,Seed,نظام المعاملات المدنية,411,المادة الثانية عشرة بعد الأربعمائة,412,رقم المادة لا يطابق العدد الترتيبي في عنوانها,حرجة,استبدال النص بالنص الرسمي رقم 411
legal_articles_export.json,Seed,نظام المعاملات المدنية,412,المادة الثالثة عشرة بعد الأربعمائة,413,رقم المادة لا يطابق العدد الترتيبي في عنوانها,حرجة,استبدال النص بالنص الرسمي رقم 412
legal_articles_export.json,Seed,نظام المعاملات المدنية,413,المادة الرابعة عشرة بعد الأربعمائة,414,رقم المادة لا يطابق العدد الترتيبي في عنوانها,حرجة,استبدال النص بالنص الرسمي رقم 413
legal_articles_export.json,Seed,نظام المعاملات المدنية,414,المادة الخامسة عشرة بعد الأربعمائة,415,رقم المادة لا يطابق العدد الترتيبي في عنوانها,حرجة,استبدال النص بالنص الرسمي رقم 414
legal_articles_export.json,Seed,نظام المعاملات المدنية,415,المادة السادسة عشرة بعد الأربعمائة,416,رقم المادة لا يطابق العدد الترتيبي في عنوانها,حرجة,استبدال النص بالنص الرسمي رقم 415
legal_articles_export.json,Seed,نظام المعاملات المدنية,416,المادة السابعة عشرة بعد الأربعمائة,417,رقم المادة لا يطابق العدد الترتيبي في عنوانها,حرجة,استبدال النص بالنص الرسمي رقم 416
legal_articles_export.json,Seed,نظام المعاملات المدنية,417,المادة الثامنة عشرة بعد الأربعمائة,418,رقم المادة لا يطابق العدد الترتيبي في عنوانها,حرجة,استبدال النص بالنص الرسمي رقم 417
legal_articles_export.json,Seed,نظام المعاملات المدنية,418,المادة التاسعة عشرة بعد الأربعمائة,419,رقم المادة لا يطابق العدد الترتيبي في عنوانها,حرجة,استبدال النص بالنص الرسمي رقم 418
legal_articles_export.json,Seed,نظام المعاملات المدنية,419,المادة العشرون بعد الأربعمائة,420,رقم المادة لا يطابق العدد الترتيبي في عنوانها,حرجة,استبدال النص بالنص الرسمي رقم 419
legal_articles_export.json,Seed,نظام المعاملات المدنية,420,المادة الحادية والعشرون بعد الأربعمائة,421,رقم المادة لا يطابق العدد الترتيبي في عنوانها,حرجة,استبدال النص بالنص الرسمي رقم 420
legal_articles_export.json,Seed,نظام المعاملات المدنية,421,المادة الثانية والعشرون بعد الأربعمائة,422,رقم المادة لا يطابق العدد الترتيبي في عنوانها,حرجة,استبدال النص بالنص الرسمي رقم 421
legal_articles_export.json,Seed,نظام المعاملات المدنية,422,المادة الثالثة والعشرون بعد الأربعمائة,423,رقم المادة لا يطابق العدد الترتيبي في عنوانها,حرجة,استبدال النص بالنص الرسمي رقم 422
legal_articles_export.json,Seed,نظام المعاملات المدنية,423,المادة الرابعة والعشرون بعد الأربعمائة,424,رقم المادة لا يطابق العدد الترتيبي في عنوانها,حرجة,استبدال النص بالنص الرسمي رقم 423
legal_articles_export.json,Seed,نظام المعاملات المدنية,424,المادة الخامسة والعشرون بعد الأربعمائة,425,رقم المادة لا يطابق العدد الترتيبي في عنوانها,حرجة,استبدال النص بالنص الرسمي رقم 424
legal_articles_export.json,Seed,نظام المعاملات المدنية,425,المادة السادسة والعشرون بعد الأربعمائة,426,رقم المادة لا يطابق العدد الترتيبي في عنوانها,حرجة,استبدال النص بالنص الرسمي رقم 425
legal_articles_export.json,Seed,نظام المعاملات المدنية,426,المادة السابعة والعشرون بعد الأربعمائة,427,رقم المادة لا يطابق العدد الترتيبي في عنوانها,حرجة,استبدال النص بالنص الرسمي رقم 426
legal_articles_export.json,Seed,نظام المعاملات المدنية,427,المادة الثامنة والعشرون بعد الأربعمائة,428,رقم المادة لا يطابق العدد الترتيبي في عنوانها,حرجة,استبدال النص بالنص الرسمي رقم 427
legal_articles_export.json,Seed,نظام المعاملات المدنية,428,المادة التاسعة والعشرون بعد الأربعمائة,429,رقم المادة لا يطابق العدد الترتيبي في عنوانها,حرجة,استبدال النص بالنص الرسمي رقم 428
legal_articles_export.json,Seed,نظام المعاملات المدنية,429,المادة الثلاثون بعد الأربعمائة,430,رقم المادة لا يطابق العدد الترتيبي في عنوانها,حرجة,استبدال النص بالنص الرسمي رقم 429
legal_articles_export.json,Seed,نظام المعاملات المدنية,430,المادة الحادية والثلاثون بعد الأربعمائة,431,رقم المادة لا يطابق العدد الترتيبي في عنوانها,حرجة,استبدال النص بالنص الرسمي رقم 430
legal_articles_export.json,Seed,نظام المعاملات المدنية,431,المادة الثانية والثلاثون بعد الأربعمائة,432,رقم المادة لا يطابق العدد الترتيبي في عنوانها,حرجة,استبدال النص بالنص الرسمي رقم 431
legal_articles_export.json,Seed,نظام المعاملات المدنية,432,المادة الثالثة والثلاثون بعد الأربعمائة,433,رقم المادة لا يطابق العدد الترتيبي في عنوانها,حرجة,استبدال النص بالنص الرسمي رقم 432
legal_articles_export.json,Seed,نظام المعاملات المدنية,433,المادة الرابعة والثلاثون بعد الأربعمائة,434,رقم المادة لا يطابق العدد الترتيبي في عنوانها,حرجة,استبدال النص بالنص الرسمي رقم 433
legal_articles_export.json,Seed,نظام المعاملات المدنية,434,المادة الخامسة والثلاثون بعد الأربعمائة,435,رقم المادة لا يطابق العدد الترتيبي في عنوانها,حرجة,استبدال النص بالنص الرسمي رقم 434
legal_articles_export.json,Seed,نظام المعاملات المدنية,435,المادة السادسة والثلاثون بعد الأربعمائة,436,رقم المادة لا يطابق العدد الترتيبي في عنوانها,حرجة,استبدال النص بالنص الرسمي رقم 435
legal_articles_export.json,Seed,نظام المعاملات المدنية,436,المادة السابعة والثلاثون بعد الأربعمائة,437,رقم المادة لا يطابق العدد الترتيبي في عنوانها,حرجة,استبدال النص بالنص الرسمي رقم 436
legal_articles_export.json,Seed,نظام المعاملات المدنية,437,المادة الثامنة والثلاثون بعد الأربعمائة,438,رقم المادة لا يطابق العدد الترتيبي في عنوانها,حرجة,استبدال النص بالنص الرسمي رقم 437
legal_articles_export.json,Seed,نظام المعاملات المدنية,438,المادة التاسعة والثلاثون بعد الأربعمائة,439,رقم المادة لا يطابق العدد الترتيبي في عنوانها,حرجة,استبدال النص بالنص الرسمي رقم 438
legal_articles_export.json,Seed,نظام المعاملات المدنية,439,المادة الأربعون بعد الأربعمائة,440,رقم المادة لا يطابق العدد الترتيبي في عنوانها,حرجة,استبدال النص بالنص الرسمي رقم 439
legal_articles_export.json,Seed,نظام المعاملات المدنية,440,المادة الحادية والأربعون بعد الأربعمائة,441,رقم المادة لا يطابق العدد الترتيبي في عنوانها,حرجة,استبدال النص بالنص الرسمي رقم 440
legal_articles_export.json,Seed,نظام المعاملات المدنية,441,المادة الثانية والأربعون بعد الأربعمائة,442,رقم المادة لا يطابق العدد الترتيبي في عنوانها,حرجة,استبدال النص بالنص الرسمي رقم 441
legal_articles_export.json,Seed,نظام المعاملات المدنية,442,المادة الثالثة والأربعون بعد الأربعمائة,443,رقم المادة لا يطابق العدد الترتيبي في عنوانها,حرجة,استبدال النص بالنص الرسمي رقم 442
legal_articles_export.json,Seed,نظام المعاملات المدنية,443,المادة الرابعة والأربعون بعد الأربعمائة,444,رقم المادة لا يطابق العدد الترتيبي في عنوانها,حرجة,استبدال النص بالنص الرسمي رقم 443
legal_articles_export.json,Seed,نظام المعاملات المدنية,444,المادة الخامسة والأربعون بعد الأربعمائة,445,رقم المادة لا يطابق العدد الترتيبي في عنوانها,حرجة,استبدال النص بالنص الرسمي رقم 444
legal_articles_export.json,Seed,نظام المعاملات المدنية,445,المادة السادسة والأربعون بعد الأربعمائة,446,رقم المادة لا يطابق العدد الترتيبي في عنوانها,حرجة,استبدال النص بالنص الرسمي رقم 445
legal_articles_export.json,Seed,نظام المعاملات المدنية,446,المادة السابعة والأربعون بعد الأربعمائة,447,رقم المادة لا يطابق العدد الترتيبي في عنوانها,حرجة,استبدال النص بالنص الرسمي رقم 446
legal_articles_export.json,Seed,نظام المعاملات المدنية,447,المادة الثامنة والأربعون بعد الأربعمائة,448,رقم المادة لا يطابق العدد الترتيبي في عنوانها,حرجة,استبدال النص بالنص الرسمي رقم 447
legal_articles_export.json,Seed,نظام المعاملات المدنية,448,المادة التاسعة والأربعون بعد الأربعمائة,449,رقم المادة لا يطابق العدد الترتيبي في عنوانها,حرجة,استبدال النص بالنص الرسمي رقم 448
legal_articles_export.json,Seed,نظام المعاملات المدنية,449,المادة الخمسون بعد الأربعمائة,450,رقم المادة لا يطابق العدد الترتيبي في عنوانها,حرجة,استبدال النص بالنص الرسمي رقم 449
legal_articles_export.json,Seed,نظام المعاملات المدنية,450,المادة الحادية والخمسون بعد الأربعمائة,451,رقم المادة لا يطابق العدد الترتيبي في عنوانها,حرجة,استبدال النص بالنص الرسمي رقم 450
legal_articles_export.json,Seed,نظام المعاملات المدنية,451,المادة الثانية والخمسون بعد الأربعمائة,452,رقم المادة لا يطابق العدد الترتيبي في عنوانها,حرجة,استبدال النص بالنص الرسمي رقم 451
legal_articles_export.json,Seed,نظام المعاملات المدنية,452,المادة الثالثة والخمسون بعد الأربعمائة,453,رقم المادة لا يطابق العدد الترتيبي في عنوانها,حرجة,استبدال النص بالنص الرسمي رقم 452
legal_articles_export.json,Seed,نظام المعاملات المدنية,453,المادة الرابعة والخمسون بعد الأربعمائة,454,رقم المادة لا يطابق العدد الترتيبي في عنوانها,حرجة,استبدال النص بالنص الرسمي رقم 453
legal_articles_export.json,Seed,نظام المعاملات المدنية,454,المادة الخامسة والخمسون بعد الأربعمائة,455,رقم المادة لا يطابق العدد الترتيبي في عنوانها,حرجة,استبدال النص بالنص الرسمي رقم 454
legal_articles_export.json,Seed,نظام المعاملات المدنية,455,المادة السادسة والخمسون بعد الأربعمائة,456,رقم المادة لا يطابق العدد الترتيبي في عنوانها,حرجة,استبدال النص بالنص الرسمي رقم 455
legal_articles_export.json,Seed,نظام المعاملات المدنية,456,المادة السابعة والخمسون بعد الأربعمائة,457,رقم المادة لا يطابق العدد الترتيبي في عنوانها,حرجة,استبدال النص بالنص الرسمي رقم 456
legal_articles_export.json,Seed,نظام المعاملات المدنية,457,المادة الثامنة والخمسون بعد الأربعمائة,458,رقم المادة لا يطابق العدد الترتيبي في عنوانها,حرجة,استبدال النص بالنص الرسمي رقم 457
legal_articles_export.json,Seed,نظام المعاملات المدنية,458,المادة التاسعة والخمسون بعد الأربعمائة,459,رقم المادة لا يطابق العدد الترتيبي في عنوانها,حرجة,استبدال النص بالنص الرسمي رقم 458
legal_articles_export.json,Seed,نظام المعاملات المدنية,459,المادة الستون بعد الأربعمائة,460,رقم المادة لا يطابق العدد الترتيبي في عنوانها,حرجة,استبدال النص بالنص الرسمي رقم 459
legal_articles_export.json,Seed,نظام المعاملات المدنية,460,المادة الحادية والستون بعد الأربعمائة,461,رقم المادة لا يطابق العدد الترتيبي في عنوانها,حرجة,استبدال النص بالنص الرسمي رقم 460
legal_articles_export.json,Seed,نظام المعاملات المدنية,461,المادة الثانية والستون بعد الأربعمائة,462,رقم المادة لا يطابق العدد الترتيبي في عنوانها,حرجة,استبدال النص بالنص الرسمي رقم 461
legal_articles_export.json,Seed,نظام المعاملات المدنية,462,المادة الثالثة والستون بعد الأربعمائة,463,رقم المادة لا يطابق العدد الترتيبي في عنوانها,حرجة,استبدال النص بالنص الرسمي رقم 462
legal_articles_export.json,Seed,نظام المعاملات المدنية,463,المادة الرابعة والستون بعد الأربعمائة,464,رقم المادة لا يطابق العدد الترتيبي في عنوانها,حرجة,استبدال النص بالنص الرسمي رقم 463
legal_articles_export.json,Seed,نظام المعاملات المدنية,464,المادة الخامسة والستون بعد الأربعمائة,465,رقم المادة لا يطابق العدد الترتيبي في عنوانها,حرجة,استبدال النص بالنص الرسمي رقم 464
legal_articles_export.json,Seed,نظام المعاملات المدنية,465,المادة السادسة والستون بعد الأربعمائة,466,رقم المادة لا يطابق العدد الترتيبي في عنوانها,حرجة,استبدال النص بالنص الرسمي رقم 465
legal_articles_export.json,Seed,نظام المعاملات المدنية,466,المادة السابعة والستون بعد الأربعمائة,467,رقم المادة لا يطابق العدد الترتيبي في عنوانها,حرجة,استبدال النص بالنص الرسمي رقم 466
legal_articles_export.json,Seed,نظام المعاملات المدنية,467,المادة الثامنة والستون بعد الأربعمائة,468,رقم المادة لا يطابق العدد الترتيبي في عنوانها,حرجة,استبدال النص بالنص الرسمي رقم 467
legal_articles_export.json,Seed,نظام المعاملات المدنية,468,المادة التاسعة والستون بعد الأربعمائة,469,رقم المادة لا يطابق العدد الترتيبي في عنوانها,حرجة,استبدال النص بالنص الرسمي رقم 468
legal_articles_export.json,Seed,نظام المعاملات المدنية,469,المادة السبعون بعد الأربعمائة,470,رقم المادة لا يطابق العدد الترتيبي في عنوانها,حرجة,استبدال النص بالنص الرسمي رقم 469
legal_articles_export.json,Seed,نظام المعاملات المدنية,470,المادة الحادية والسبعون بعد الأربعمائة,471,رقم المادة لا يطابق العدد الترتيبي في عنوانها,حرجة,استبدال النص بالنص الرسمي رقم 470
legal_articles_export.json,Seed,نظام المعاملات المدنية,471,المادة الثانية والسبعون بعد الأربعمائة,472,رقم المادة لا يطابق العدد الترتيبي في عنوانها,حرجة,استبدال النص بالنص الرسمي رقم 471
legal_articles_export.json,Seed,نظام المعاملات المدنية,472,المادة الثالثة والسبعون بعد الأربعمائة,473,رقم المادة لا يطابق العدد الترتيبي في عنوانها,حرجة,استبدال النص بالنص الرسمي رقم 472
legal_articles_export.json,Seed,نظام المعاملات المدنية,473,المادة الرابعة والسبعون بعد الأربعمائة,474,رقم المادة لا يطابق العدد الترتيبي في عنوانها,حرجة,استبدال النص بالنص الرسمي رقم 473
legal_articles_export.json,Seed,نظام المعاملات المدنية,474,المادة الخامسة والسبعون بعد الأربعمائة,475,رقم المادة لا يطابق العدد الترتيبي في عنوانها,حرجة,استبدال النص بالنص الرسمي رقم 474
legal_articles_export.json,Seed,نظام المعاملات المدنية,475,المادة السادسة والسبعون بعد الأربعمائة,476,رقم المادة لا يطابق العدد الترتيبي في عنوانها,حرجة,استبدال النص بالنص الرسمي رقم 475
legal_articles_export.json,Seed,نظام المعاملات المدنية,476,المادة السابعة والسبعون بعد الأربعمائة,477,رقم المادة لا يطابق العدد الترتيبي في عنوانها,حرجة,استبدال النص بالنص الرسمي رقم 476
legal_articles_export.json,Seed,نظام المعاملات المدنية,477,المادة الثامنة والسبعون بعد الأربعمائة,478,رقم المادة لا يطابق العدد الترتيبي في عنوانها,حرجة,استبدال النص بالنص الرسمي رقم 477
legal_articles_export.json,Seed,نظام المعاملات المدنية,478,المادة التاسعة والسبعون بعد الأربعمائة,479,رقم المادة لا يطابق العدد الترتيبي في عنوانها,حرجة,استبدال النص بالنص الرسمي رقم 478
legal_articles_export.json,Seed,نظام المعاملات المدنية,479,المادة الثمانون بعد الأربعمائة,480,رقم المادة لا يطابق العدد الترتيبي في عنوانها,حرجة,استبدال النص بالنص الرسمي رقم 479
legal_articles_export.json,Seed,نظام المعاملات المدنية,480,المادة الحادية والثمانون بعد الأربعمائة,481,رقم المادة لا يطابق العدد الترتيبي في عنوانها,حرجة,استبدال النص بالنص الرسمي رقم 480
legal_articles_export.json,Seed,نظام المعاملات المدنية,481,المادة الثانية والثمانون بعد الأربعمائة,482,رقم المادة لا يطابق العدد الترتيبي في عنوانها,حرجة,استبدال النص بالنص الرسمي رقم 481
legal_articles_export.json,Seed,نظام المعاملات المدنية,482,المادة الثالثة والثمانون بعد الأربعمائة,483,رقم المادة لا يطابق العدد الترتيبي في عنوانها,حرجة,استبدال النص بالنص الرسمي رقم 482
legal_articles_export.json,Seed,نظام المعاملات المدنية,483,المادة الرابعة والثمانون بعد الأربعمائة,484,رقم المادة لا يطابق العدد الترتيبي في عنوانها,حرجة,استبدال النص بالنص الرسمي رقم 483
legal_articles_export.json,Seed,نظام المعاملات المدنية,484,المادة الخامسة والثمانون بعد الأربعمائة,485,رقم المادة لا يطابق العدد الترتيبي في عنوانها,حرجة,استبدال النص بالنص الرسمي رقم 484
legal_articles_export.json,Seed,نظام المعاملات المدنية,485,المادة السادسة والثمانون بعد الأربعمائة,486,رقم المادة لا يطابق العدد الترتيبي في عنوانها,حرجة,استبدال النص بالنص الرسمي رقم 485
legal_articles_export.json,Seed,نظام المعاملات المدنية,486,المادة السابعة والثمانون بعد الأربعمائة,487,رقم المادة لا يطابق العدد الترتيبي في عنوانها,حرجة,استبدال النص بالنص الرسمي رقم 486
legal_articles_export.json,Seed,نظام المعاملات المدنية,487,المادة الثامنة والثمانون بعد الأربعمائة,488,رقم المادة لا يطابق العدد الترتيبي في عنوانها,حرجة,استبدال النص بالنص الرسمي رقم 487
legal_articles_export.json,Seed,نظام المعاملات المدنية,488,المادة التاسعة والثمانون بعد الأربعمائة,489,رقم المادة لا يطابق العدد الترتيبي في عنوانها,حرجة,استبدال النص بالنص الرسمي رقم 488
legal_articles_export.json,Seed,نظام المعاملات المدنية,489,المادة التسعون بعد الأربعمائة,490,رقم المادة لا يطابق العدد الترتيبي في عنوانها,حرجة,استبدال النص بالنص الرسمي رقم 489
legal_articles_export.json,Seed,نظام المعاملات المدنية,490,المادة الحادية والتسعون بعد الأربعمائة,491,رقم المادة لا يطابق العدد الترتيبي في عنوانها,حرجة,استبدال النص بالنص الرسمي رقم 490
legal_articles_export.json,Seed,نظام المعاملات المدنية,491,المادة الثانية والتسعون بعد الأربعمائة,492,رقم المادة لا يطابق العدد الترتيبي في عنوانها,حرجة,استبدال النص بالنص الرسمي رقم 491
legal_articles_export.json,Seed,نظام المعاملات المدنية,492,المادة الثالثة والتسعون بعد الأربعمائة,493,رقم المادة لا يطابق العدد الترتيبي في عنوانها,حرجة,استبدال النص بالنص الرسمي رقم 492
legal_articles_export.json,Seed,نظام المعاملات المدنية,493,المادة الرابعة والتسعون بعد الأربعمائة,494,رقم المادة لا يطابق العدد الترتيبي في عنوانها,حرجة,استبدال النص بالنص الرسمي رقم 493
legal_articles_export.json,Seed,نظام المعاملات المدنية,494,المادة الخامسة والتسعون بعد الأربعمائة,495,رقم المادة لا يطابق العدد الترتيبي في عنوانها,حرجة,استبدال النص بالنص الرسمي رقم 494
legal_articles_export.json,Seed,نظام المعاملات المدنية,495,المادة السادسة والتسعون بعد الأربعمائة,496,رقم المادة لا يطابق العدد الترتيبي في عنوانها,حرجة,استبدال النص بالنص الرسمي رقم 495
legal_articles_export.json,Seed,نظام المعاملات المدنية,496,المادة السابعة والتسعون بعد الأربعمائة,497,رقم المادة لا يطابق العدد الترتيبي في عنوانها,حرجة,استبدال النص بالنص الرسمي رقم 496
legal_articles_export.json,Seed,نظام المعاملات المدنية,497,المادة الثامنة والتسعون بعد الأربعمائة,498,رقم المادة لا يطابق العدد الترتيبي في عنوانها,حرجة,استبدال النص بالنص الرسمي رقم 497
legal_articles_export.json,Seed,نظام المعاملات المدنية,498,المادة التاسعة والتسعون بعد الأربعمائة,499,رقم المادة لا يطابق العدد الترتيبي في عنوانها,حرجة,استبدال النص بالنص الرسمي رقم 498
legal_articles_export.json,Seed,نظام المعاملات المدنية,499,المادة الخمسمائة,500,رقم المادة لا يطابق العدد الترتيبي في عنوانها,حرجة,استبدال النص بالنص الرسمي رقم 499
legal_articles_export.json,Seed,نظام المعاملات المدنية,500,المادة الأولى بعد الخمسمائة,501,رقم المادة لا يطابق العدد الترتيبي في عنوانها,حرجة,استبدال النص بالنص الرسمي رقم 500
legal_articles_export.json,Seed,نظام المعاملات المدنية,501,المادة الثانية بعد الخمسمائة,502,رقم المادة لا يطابق العدد الترتيبي في عنوانها,حرجة,استبدال النص بالنص الرسمي رقم 501
legal_articles_export.json,Seed,نظام المعاملات المدنية,502,المادة الثالثة بعد الخمسمائة,503,رقم المادة لا يطابق العدد الترتيبي في عنوانها,حرجة,استبدال النص بالنص الرسمي رقم 502
legal_articles_export.json,Seed,نظام المعاملات المدنية,503,المادة الرابعة بعد الخمسمائة,504,رقم المادة لا يطابق العدد الترتيبي في عنوانها,حرجة,استبدال النص بالنص الرسمي رقم 503
legal_articles_export.json,Seed,نظام المعاملات المدنية,504,المادة الخامسة بعد الخمسمائة,505,رقم المادة لا يطابق العدد الترتيبي في عنوانها,حرجة,استبدال النص بالنص الرسمي رقم 504
legal_articles_export.json,Seed,نظام المعاملات المدنية,505,المادة السادسة بعد الخمسمائة,506,رقم المادة لا يطابق العدد الترتيبي في عنوانها,حرجة,استبدال النص بالنص الرسمي رقم 505
legal_articles_export.json,Seed,نظام المعاملات المدنية,506,المادة السابعة بعد الخمسمائة,507,رقم المادة لا يطابق العدد الترتيبي في عنوانها,حرجة,استبدال النص بالنص الرسمي رقم 506
legal_articles_export.json,Seed,نظام المعاملات المدنية,507,المادة الثامنة بعد الخمسمائة,508,رقم المادة لا يطابق العدد الترتيبي في عنوانها,حرجة,استبدال النص بالنص الرسمي رقم 507
legal_articles_export.json,Seed,نظام المعاملات المدنية,508,المادة التاسعة بعد الخمسمائة,509,رقم المادة لا يطابق العدد الترتيبي في عنوانها,حرجة,استبدال النص بالنص الرسمي رقم 508
legal_articles_export.json,Seed,نظام المعاملات المدنية,509,المادة العاشرة بعد الخمسمائة,510,رقم المادة لا يطابق العدد الترتيبي في عنوانها,حرجة,استبدال النص بالنص الرسمي رقم 509
legal_articles_export.json,Seed,نظام المعاملات المدنية,510,المادة الحادية عشرة بعد الخمسمائة,511,رقم المادة لا يطابق العدد الترتيبي في عنوانها,حرجة,استبدال النص بالنص الرسمي رقم 510
legal_articles_export.json,Seed,نظام المعاملات المدنية,511,المادة الثانية عشرة بعد الخمسمائة,512,رقم المادة لا يطابق العدد الترتيبي في عنوانها,حرجة,استبدال النص بالنص الرسمي رقم 511
legal_articles_export.json,Seed,نظام المعاملات المدنية,512,المادة الثالثة عشرة بعد الخمسمائة,513,رقم المادة لا يطابق العدد الترتيبي في عنوانها,حرجة,استبدال النص بالنص الرسمي رقم 512
legal_articles_export.json,Seed,نظام المعاملات المدنية,513,المادة الرابعة عشرة بعد الخمسمائة,514,رقم المادة لا يطابق العدد الترتيبي في عنوانها,حرجة,استبدال النص بالنص الرسمي رقم 513
legal_articles_export.json,Seed,نظام المعاملات المدنية,514,المادة الخامسة عشرة بعد الخمسمائة,515,رقم المادة لا يطابق العدد الترتيبي في عنوانها,حرجة,استبدال النص بالنص الرسمي رقم 514
legal_articles_export.json,Seed,نظام المعاملات المدنية,515,المادة السادسة عشرة بعد الخمسمائة,516,رقم المادة لا يطابق العدد الترتيبي في عنوانها,حرجة,استبدال النص بالنص الرسمي رقم 515
legal_articles_export.json,Seed,نظام المعاملات المدنية,516,المادة السابعة عشرة بعد الخمسمائة,517,رقم المادة لا يطابق العدد الترتيبي في عنوانها,حرجة,استبدال النص بالنص الرسمي رقم 516
legal_articles_export.json,Seed,نظام المعاملات المدنية,517,المادة الثامنة عشرة بعد الخمسمائة,518,رقم المادة لا يطابق العدد الترتيبي في عنوانها,حرجة,استبدال النص بالنص الرسمي رقم 517
legal_articles_export.json,Seed,نظام المعاملات المدنية,518,المادة التاسعة عشرة بعد الخمسمائة,519,رقم المادة لا يطابق العدد الترتيبي في عنوانها,حرجة,استبدال النص بالنص الرسمي رقم 518
legal_articles_export.json,Seed,نظام المعاملات المدنية,519,المادة العشرون بعد الخمسمائة,520,رقم المادة لا يطابق العدد الترتيبي في عنوانها,حرجة,استبدال النص بالنص الرسمي رقم 519
legal_articles_export.json,Seed,نظام المعاملات المدنية,520,المادة الحادية والعشرون بعد الخمسمائة,521,رقم المادة لا يطابق العدد الترتيبي في عنوانها,حرجة,استبدال النص بالنص الرسمي رقم 520
legal_articles_export.json,Seed,نظام المعاملات المدنية,521,المادة الثانية والعشرون بعد الخمسمائة,522,رقم المادة لا يطابق العدد الترتيبي في عنوانها,حرجة,استبدال النص بالنص الرسمي رقم 521
legal_articles_export.json,Seed,نظام المعاملات المدنية,522,المادة الثالثة والعشرون بعد الخمسمائة,523,رقم المادة لا يطابق العدد الترتيبي في عنوانها,حرجة,استبدال النص بالنص الرسمي رقم 522
legal_articles_export.json,Seed,نظام المعاملات المدنية,523,المادة الرابعة والعشرون بعد الخمسمائة,524,رقم المادة لا يطابق العدد الترتيبي في عنوانها,حرجة,استبدال النص بالنص الرسمي رقم 523
legal_articles_export.json,Seed,نظام المعاملات المدنية,524,المادة الخامسة والعشرون بعد الخمسمائة,525,رقم المادة لا يطابق العدد الترتيبي في عنوانها,حرجة,استبدال النص بالنص الرسمي رقم 524
legal_articles_export.json,Seed,نظام المعاملات المدنية,525,المادة السادسة والعشرون بعد الخمسمائة,526,رقم المادة لا يطابق العدد الترتيبي في عنوانها,حرجة,استبدال النص بالنص الرسمي رقم 525
legal_articles_export.json,Seed,نظام المعاملات المدنية,526,المادة السابعة والعشرون بعد الخمسمائة,527,رقم المادة لا يطابق العدد الترتيبي في عنوانها,حرجة,استبدال النص بالنص الرسمي رقم 526
legal_articles_export.json,Seed,نظام المعاملات المدنية,527,المادة الثامنة والعشرون بعد الخمسمائة,528,رقم المادة لا يطابق العدد الترتيبي في عنوانها,حرجة,استبدال النص بالنص الرسمي رقم 527
legal_articles_export.json,Seed,نظام المعاملات المدنية,528,المادة التاسعة والعشرون بعد الخمسمائة,529,رقم المادة لا يطابق العدد الترتيبي في عنوانها,حرجة,استبدال النص بالنص الرسمي رقم 528
legal_articles_export.json,Seed,نظام المعاملات المدنية,529,المادة الثلاثون بعد الخمسمائة,530,رقم المادة لا يطابق العدد الترتيبي في عنوانها,حرجة,استبدال النص بالنص الرسمي رقم 529
legal_articles_export.json,Seed,نظام المعاملات المدنية,530,المادة الحادية والثلاثون بعد الخمسمائة,531,رقم المادة لا يطابق العدد الترتيبي في عنوانها,حرجة,استبدال النص بالنص الرسمي رقم 530
legal_articles_export.json,Seed,نظام المعاملات المدنية,531,المادة الثانية والثلاثون بعد الخمسمائة,532,رقم المادة لا يطابق العدد الترتيبي في عنوانها,حرجة,استبدال النص بالنص الرسمي رقم 531
legal_articles_export.json,Seed,نظام المعاملات المدنية,532,المادة الثالثة والثلاثون بعد الخمسمائة,533,رقم المادة لا يطابق العدد الترتيبي في عنوانها,حرجة,استبدال النص بالنص الرسمي رقم 532
legal_articles_export.json,Seed,نظام المعاملات المدنية,533,المادة الرابعة والثلاثون بعد الخمسمائة,534,رقم المادة لا يطابق العدد الترتيبي في عنوانها,حرجة,استبدال النص بالنص الرسمي رقم 533
legal_articles_export.json,Seed,نظام المعاملات المدنية,534,المادة الخامسة والثلاثون بعد الخمسمائة,535,رقم المادة لا يطابق العدد الترتيبي في عنوانها,حرجة,استبدال النص بالنص الرسمي رقم 534
legal_articles_export.json,Seed,نظام المعاملات المدنية,535,المادة السادسة والثلاثون بعد الخمسمائة,536,رقم المادة لا يطابق العدد الترتيبي في عنوانها,حرجة,استبدال النص بالنص الرسمي رقم 535
legal_articles_export.json,Seed,نظام المعاملات المدنية,536,المادة السابعة والثلاثون بعد الخمسمائة,537,رقم المادة لا يطابق العدد الترتيبي في عنوانها,حرجة,استبدال النص بالنص الرسمي رقم 536
legal_articles_export.json,Seed,نظام المعاملات المدنية,537,المادة الثامنة والثلاثون بعد الخمسمائة,538,رقم المادة لا يطابق العدد الترتيبي في عنوانها,حرجة,استبدال النص بالنص الرسمي رقم 537
legal_articles_export.json,Seed,نظام المعاملات المدنية,538,المادة التاسعة والثلاثون بعد الخمسمائة,539,رقم المادة لا يطابق العدد الترتيبي في عنوانها,حرجة,استبدال النص بالنص الرسمي رقم 538
legal_articles_export.json,Seed,نظام المعاملات المدنية,539,المادة الأربعون بعد الخمسمائة,540,رقم المادة لا يطابق العدد الترتيبي في عنوانها,حرجة,استبدال النص بالنص الرسمي رقم 539
legal_articles_export.json,Seed,نظام المعاملات المدنية,540,المادة الحادية والأربعون بعد الخمسمائة,541,رقم المادة لا يطابق العدد الترتيبي في عنوانها,حرجة,استبدال النص بالنص الرسمي رقم 540
legal_articles_export.json,Seed,نظام المعاملات المدنية,541,المادة الثانية والأربعون بعد الخمسمائة,542,رقم المادة لا يطابق العدد الترتيبي في عنوانها,حرجة,استبدال النص بالنص الرسمي رقم 541
legal_articles_export.json,Seed,نظام المعاملات المدنية,542,المادة الثالثة والأربعون بعد الخمسمائة,543,رقم المادة لا يطابق العدد الترتيبي في عنوانها,حرجة,استبدال النص بالنص الرسمي رقم 542
legal_articles_export.json,Seed,نظام المعاملات المدنية,543,المادة الرابعة والأربعون بعد الخمسمائة,544,رقم المادة لا يطابق العدد الترتيبي في عنوانها,حرجة,استبدال النص بالنص الرسمي رقم 543
legal_articles_export.json,Seed,نظام المعاملات المدنية,544,المادة الخامسة والأربعون بعد الخمسمائة,545,رقم المادة لا يطابق العدد الترتيبي في عنوانها,حرجة,استبدال النص بالنص الرسمي رقم 544
legal_articles_export.json,Seed,نظام المعاملات المدنية,545,المادة السادسة والأربعون بعد الخمسمائة,546,رقم المادة لا يطابق العدد الترتيبي في عنوانها,حرجة,استبدال النص بالنص الرسمي رقم 545
legal_articles_export.json,Seed,نظام المعاملات المدنية,546,المادة السابعة والأربعون بعد الخمسمائة,547,رقم المادة لا يطابق العدد الترتيبي في عنوانها,حرجة,استبدال النص بالنص الرسمي رقم 546
legal_articles_export.json,Seed,نظام المعاملات المدنية,547,المادة الثامنة والأربعون بعد الخمسمائة,548,رقم المادة لا يطابق العدد الترتيبي في عنوانها,حرجة,استبدال النص بالنص الرسمي رقم 547
legal_articles_export.json,Seed,نظام المعاملات المدنية,548,المادة التاسعة والأربعون بعد الخمسمائة,549,رقم المادة لا يطابق العدد الترتيبي في عنوانها,حرجة,استبدال النص بالنص الرسمي رقم 548
legal_articles_export.json,Seed,نظام المعاملات المدنية,549,المادة الخمسون بعد الخمسمائة,550,رقم المادة لا يطابق العدد الترتيبي في عنوانها,حرجة,استبدال النص بالنص الرسمي رقم 549
legal_articles_export.json,Seed,نظام المعاملات المدنية,550,المادة الحادية والخمسون بعد الخمسمائة,551,رقم المادة لا يطابق العدد الترتيبي في عنوانها,حرجة,استبدال النص بالنص الرسمي رقم 550
legal_articles_export.json,Seed,نظام المعاملات المدنية,551,المادة الثانية والخمسون بعد الخمسمائة,552,رقم المادة لا يطابق العدد الترتيبي في عنوانها,حرجة,استبدال النص بالنص الرسمي رقم 551
legal_articles_export.json,Seed,نظام المعاملات المدنية,552,المادة الثالثة والخمسون بعد الخمسمائة,553,رقم المادة لا يطابق العدد الترتيبي في عنوانها,حرجة,استبدال النص بالنص الرسمي رقم 552
legal_articles_export.json,Seed,نظام المعاملات المدنية,553,المادة الرابعة والخمسون بعد الخمسمائة,554,رقم المادة لا يطابق العدد الترتيبي في عنوانها,حرجة,استبدال النص بالنص الرسمي رقم 553
legal_articles_export.json,Seed,نظام المعاملات المدنية,554,المادة الخامسة والخمسون بعد الخمسمائة,555,رقم المادة لا يطابق العدد الترتيبي في عنوانها,حرجة,استبدال النص بالنص الرسمي رقم 554
legal_articles_export.json,Seed,نظام المعاملات المدنية,555,المادة السادسة والخمسون بعد الخمسمائة,556,رقم المادة لا يطابق العدد الترتيبي في عنوانها,حرجة,استبدال النص بالنص الرسمي رقم 555
legal_articles_export.json,Seed,نظام المعاملات المدنية,556,المادة السابعة والخمسون بعد الخمسمائة,557,رقم المادة لا يطابق العدد الترتيبي في عنوانها,حرجة,استبدال النص بالنص الرسمي رقم 556
legal_articles_export.json,Seed,نظام المعاملات المدنية,557,المادة الثامنة والخمسون بعد الخمسمائة,558,رقم المادة لا يطابق العدد الترتيبي في عنوانها,حرجة,استبدال النص بالنص الرسمي رقم 557
legal_articles_export.json,Seed,نظام المعاملات المدنية,558,المادة التاسعة والخمسون بعد الخمسمائة,559,رقم المادة لا يطابق العدد الترتيبي في عنوانها,حرجة,استبدال النص بالنص الرسمي رقم 558
legal_articles_export.json,Seed,نظام المعاملات المدنية,559,المادة الستون بعد الخمسمائة,560,رقم المادة لا يطابق العدد الترتيبي في عنوانها,حرجة,استبدال النص بالنص الرسمي رقم 559
legal_articles_export.json,Seed,نظام المعاملات المدنية,560,المادة الحادية والستون بعد الخمسمائة,561,رقم المادة لا يطابق العدد الترتيبي في عنوانها,حرجة,استبدال النص بالنص الرسمي رقم 560
legal_articles_export.json,Seed,نظام المعاملات المدنية,561,المادة الثانية والستون بعد الخمسمائة,562,رقم المادة لا يطابق العدد الترتيبي في عنوانها,حرجة,استبدال النص بالنص الرسمي رقم 561
legal_articles_export.json,Seed,نظام المعاملات المدنية,562,المادة الثالثة والستون بعد الخمسمائة,563,رقم المادة لا يطابق العدد الترتيبي في عنوانها,حرجة,استبدال النص بالنص الرسمي رقم 562
legal_articles_export.json,Seed,نظام المعاملات المدنية,563,المادة الرابعة والستون بعد الخمسمائة,564,رقم المادة لا يطابق العدد الترتيبي في عنوانها,حرجة,استبدال النص بالنص الرسمي رقم 563
legal_articles_export.json,Seed,نظام المعاملات المدنية,564,المادة الخامسة والستون بعد الخمسمائة,565,رقم المادة لا يطابق العدد الترتيبي في عنوانها,حرجة,استبدال النص بالنص الرسمي رقم 564
legal_articles_export.json,Seed,نظام المعاملات المدنية,565,المادة السادسة والستون بعد الخمسمائة,566,رقم المادة لا يطابق العدد الترتيبي في عنوانها,حرجة,استبدال النص بالنص الرسمي رقم 565
legal_articles_export.json,Seed,نظام المعاملات المدنية,566,المادة السابعة والستون بعد الخمسمائة,567,رقم المادة لا يطابق العدد الترتيبي في عنوانها,حرجة,استبدال النص بالنص الرسمي رقم 566
legal_articles_export.json,Seed,نظام المعاملات المدنية,567,المادة الثامنة والستون بعد الخمسمائة,568,رقم المادة لا يطابق العدد الترتيبي في عنوانها,حرجة,استبدال النص بالنص الرسمي رقم 567
legal_articles_export.json,Seed,نظام المعاملات المدنية,568,المادة التاسعة والستون بعد الخمسمائة,569,رقم المادة لا يطابق العدد الترتيبي في عنوانها,حرجة,استبدال النص بالنص الرسمي رقم 568
legal_articles_export.json,Seed,نظام المعاملات المدنية,569,المادة السبعون بعد الخمسمائة,570,رقم المادة لا يطابق العدد الترتيبي في عنوانها,حرجة,استبدال النص بالنص الرسمي رقم 569
legal_articles_export.json,Seed,نظام المعاملات المدنية,570,المادة الحادية والسبعون بعد الخمسمائة,571,رقم المادة لا يطابق العدد الترتيبي في عنوانها,حرجة,استبدال النص بالنص الرسمي رقم 570
legal_articles_export.json,Seed,نظام المعاملات المدنية,571,المادة الثانية والسبعون بعد الخمسمائة,572,رقم المادة لا يطابق العدد الترتيبي في عنوانها,حرجة,استبدال النص بالنص الرسمي رقم 571
legal_articles_export.json,Seed,نظام المعاملات المدنية,572,المادة الثالثة والسبعون بعد الخمسمائة,573,رقم المادة لا يطابق العدد الترتيبي في عنوانها,حرجة,استبدال النص بالنص الرسمي رقم 572
legal_articles_export.json,Seed,نظام المعاملات المدنية,573,المادة الرابعة والسبعون بعد الخمسمائة,574,رقم المادة لا يطابق العدد الترتيبي في عنوانها,حرجة,استبدال النص بالنص الرسمي رقم 573
legal_articles_export.json,Seed,نظام المعاملات المدنية,574,المادة الخامسة والسبعون بعد الخمسمائة,575,رقم المادة لا يطابق العدد الترتيبي في عنوانها,حرجة,استبدال النص بالنص الرسمي رقم 574
legal_articles_export.json,Seed,نظام المعاملات المدنية,575,المادة السادسة والسبعون بعد الخمسمائة,576,رقم المادة لا يطابق العدد الترتيبي في عنوانها,حرجة,استبدال النص بالنص الرسمي رقم 575
legal_articles_export.json,Seed,نظام المعاملات المدنية,576,المادة السابعة والسبعون بعد الخمسمائة,577,رقم المادة لا يطابق العدد الترتيبي في عنوانها,حرجة,استبدال النص بالنص الرسمي رقم 576
legal_articles_export.json,Seed,نظام المعاملات المدنية,577,المادة الثامنة والسبعون بعد الخمسمائة,578,رقم المادة لا يطابق العدد الترتيبي في عنوانها,حرجة,استبدال النص بالنص الرسمي رقم 577
legal_articles_export.json,Seed,نظام المعاملات المدنية,578,المادة التاسعة والسبعون بعد الخمسمائة,579,رقم المادة لا يطابق العدد الترتيبي في عنوانها,حرجة,استبدال النص بالنص الرسمي رقم 578
legal_articles_export.json,Seed,نظام المعاملات المدنية,579,المادة الثمانون بعد الخمسمائة,580,رقم المادة لا يطابق العدد الترتيبي في عنوانها,حرجة,استبدال النص بالنص الرسمي رقم 579
legal_articles_export.json,Seed,نظام المعاملات المدنية,580,المادة الحادية والثمانون بعد الخمسمائة,581,رقم المادة لا يطابق العدد الترتيبي في عنوانها,حرجة,استبدال النص بالنص الرسمي رقم 580
legal_articles_export.json,Seed,نظام المعاملات المدنية,581,المادة الثانية والثمانون بعد الخمسمائة,582,رقم المادة لا يطابق العدد الترتيبي في عنوانها,حرجة,استبدال النص بالنص الرسمي رقم 581
legal_articles_export.json,Seed,نظام المعاملات المدنية,582,المادة الثالثة والثمانون بعد الخمسمائة,583,رقم المادة لا يطابق العدد الترتيبي في عنوانها,حرجة,استبدال النص بالنص الرسمي رقم 582
legal_articles_export.json,Seed,نظام المعاملات المدنية,583,المادة الرابعة والثمانون بعد الخمسمائة,584,رقم المادة لا يطابق العدد الترتيبي في عنوانها,حرجة,استبدال النص بالنص الرسمي رقم 583
legal_articles_export.json,Seed,نظام المعاملات المدنية,584,المادة الخامسة والثمانون بعد الخمسمائة,585,رقم المادة لا يطابق العدد الترتيبي في عنوانها,حرجة,استبدال النص بالنص الرسمي رقم 584
legal_articles_export.json,Seed,نظام المعاملات المدنية,585,المادة السادسة والثمانون بعد الخمسمائة,586,رقم المادة لا يطابق العدد الترتيبي في عنوانها,حرجة,استبدال النص بالنص الرسمي رقم 585
legal_articles_export.json,Seed,نظام المعاملات المدنية,586,المادة السابعة والثمانون بعد الخمسمائة,587,رقم المادة لا يطابق العدد الترتيبي في عنوانها,حرجة,استبدال النص بالنص الرسمي رقم 586
legal_articles_export.json,Seed,نظام المعاملات المدنية,587,المادة الثامنة والثمانون بعد الخمسمائة,588,رقم المادة لا يطابق العدد الترتيبي في عنوانها,حرجة,استبدال النص بالنص الرسمي رقم 587
legal_articles_export.json,Seed,نظام المعاملات المدنية,588,المادة التاسعة والثمانون بعد الخمسمائة,589,رقم المادة لا يطابق العدد الترتيبي في عنوانها,حرجة,استبدال النص بالنص الرسمي رقم 588
legal_articles_export.json,Seed,نظام المعاملات المدنية,589,المادة التسعون بعد الخمسمائة,590,رقم المادة لا يطابق العدد الترتيبي في عنوانها,حرجة,استبدال النص بالنص الرسمي رقم 589
legal_articles_export.json,Seed,نظام المعاملات المدنية,590,المادة الحادية والتسعون بعد الخمسمائة,591,رقم المادة لا يطابق العدد الترتيبي في عنوانها,حرجة,استبدال النص بالنص الرسمي رقم 590
legal_articles_export.json,Seed,نظام المعاملات المدنية,591,المادة الثانية والتسعون بعد الخمسمائة,592,رقم المادة لا يطابق العدد الترتيبي في عنوانها,حرجة,استبدال النص بالنص الرسمي رقم 591
legal_articles_export.json,Seed,نظام المعاملات المدنية,592,المادة الثالثة والتسعون بعد الخمسمائة,593,رقم المادة لا يطابق العدد الترتيبي في عنوانها,حرجة,استبدال النص بالنص الرسمي رقم 592
legal_articles_export.json,Seed,نظام المعاملات المدنية,593,المادة الرابعة والتسعون بعد الخمسمائة,594,رقم المادة لا يطابق العدد الترتيبي في عنوانها,حرجة,استبدال النص بالنص الرسمي رقم 593
legal_articles_export.json,Seed,نظام المعاملات المدنية,594,المادة الخامسة والتسعون بعد الخمسمائة,595,رقم المادة لا يطابق العدد الترتيبي في عنوانها,حرجة,استبدال النص بالنص الرسمي رقم 594
legal_articles_export.json,Seed,نظام المعاملات المدنية,595,المادة السادسة والتسعون بعد الخمسمائة,596,رقم المادة لا يطابق العدد الترتيبي في عنوانها,حرجة,استبدال النص بالنص الرسمي رقم 595
legal_articles_export.json,Seed,نظام المعاملات المدنية,596,المادة السابعة والتسعون بعد الخمسمائة,597,رقم المادة لا يطابق العدد الترتيبي في عنوانها,حرجة,استبدال النص بالنص الرسمي رقم 596
legal_articles_export.json,Seed,نظام المعاملات المدنية,597,المادة الثامنة والتسعون بعد الخمسمائة,598,رقم المادة لا يطابق العدد الترتيبي في عنوانها,حرجة,استبدال النص بالنص الرسمي رقم 597
legal_articles_export.json,Seed,نظام المعاملات المدنية,598,المادة التاسعة والتسعون بعد الخمسمائة,599,رقم المادة لا يطابق العدد الترتيبي في عنوانها,حرجة,استبدال النص بالنص الرسمي رقم 598
legal_articles_export.json,Seed,نظام المعاملات المدنية,599,المادة الستمائة,600,رقم المادة لا يطابق العدد الترتيبي في عنوانها,حرجة,استبدال النص بالنص الرسمي رقم 599
legal_articles_export.json,Seed,نظام المعاملات المدنية,600,المادة الأولى بعد الستمائة,601,رقم المادة لا يطابق العدد الترتيبي في عنوانها,حرجة,استبدال النص بالنص الرسمي رقم 600
legal_articles_export.json,Seed,نظام المعاملات المدنية,601,المادة الثانية بعد الستمائة,602,رقم المادة لا يطابق العدد الترتيبي في عنوانها,حرجة,استبدال النص بالنص الرسمي رقم 601
legal_articles_export.json,Seed,نظام المعاملات المدنية,602,المادة الثالثة بعد الستمائة,603,رقم المادة لا يطابق العدد الترتيبي في عنوانها,حرجة,استبدال النص بالنص الرسمي رقم 602
legal_articles_export.json,Seed,نظام المعاملات المدنية,603,المادة الرابعة بعد الستمائة,604,رقم المادة لا يطابق العدد الترتيبي في عنوانها,حرجة,استبدال النص بالنص الرسمي رقم 603
legal_articles_export.json,Seed,نظام المعاملات المدنية,604,المادة الخامسة بعد الستمائة,605,رقم المادة لا يطابق العدد الترتيبي في عنوانها,حرجة,استبدال النص بالنص الرسمي رقم 604
legal_articles_export.json,Seed,نظام المعاملات المدنية,605,المادة السادسة بعد الستمائة,606,رقم المادة لا يطابق العدد الترتيبي في عنوانها,حرجة,استبدال النص بالنص الرسمي رقم 605
legal_articles_export.json,Seed,نظام المعاملات المدنية,606,المادة السابعة بعد الستمائة,607,رقم المادة لا يطابق العدد الترتيبي في عنوانها,حرجة,استبدال النص بالنص الرسمي رقم 606
legal_articles_export.json,Seed,نظام المعاملات المدنية,607,المادة الثامنة بعد الستمائة,608,رقم المادة لا يطابق العدد الترتيبي في عنوانها,حرجة,استبدال النص بالنص الرسمي رقم 607
legal_articles_export.json,Seed,نظام المعاملات المدنية,608,المادة التاسعة بعد الستمائة,609,رقم المادة لا يطابق العدد الترتيبي في عنوانها,حرجة,استبدال النص بالنص الرسمي رقم 608
legal_articles_export.json,Seed,نظام المعاملات المدنية,609,المادة العاشرة بعد الستمائة,610,رقم المادة لا يطابق العدد الترتيبي في عنوانها,حرجة,استبدال النص بالنص الرسمي رقم 609
legal_articles_export.json,Seed,نظام المعاملات المدنية,610,المادة الحادية عشرة بعد الستمائة,611,رقم المادة لا يطابق العدد الترتيبي في عنوانها,حرجة,استبدال النص بالنص الرسمي رقم 610
legal_articles_export.json,Seed,نظام المعاملات المدنية,611,المادة الثانية عشرة بعد الستمائة,612,رقم المادة لا يطابق العدد الترتيبي في عنوانها,حرجة,استبدال النص بالنص الرسمي رقم 611
legal_articles_export.json,Seed,نظام المعاملات المدنية,612,المادة الثالثة عشرة بعد الستمائة,613,رقم المادة لا يطابق العدد الترتيبي في عنوانها,حرجة,استبدال النص بالنص الرسمي رقم 612
legal_articles_export.json,Seed,نظام المعاملات المدنية,613,المادة الرابعة عشرة بعد الستمائة,614,رقم المادة لا يطابق العدد الترتيبي في عنوانها,حرجة,استبدال النص بالنص الرسمي رقم 613
legal_articles_export.json,Seed,نظام المعاملات المدنية,614,المادة الخامسة عشرة بعد الستمائة,615,رقم المادة لا يطابق العدد الترتيبي في عنوانها,حرجة,استبدال النص بالنص الرسمي رقم 614
legal_articles_export.json,Seed,نظام المعاملات المدنية,615,المادة السادسة عشرة بعد الستمائة,616,رقم المادة لا يطابق العدد الترتيبي في عنوانها,حرجة,استبدال النص بالنص الرسمي رقم 615
legal_articles_export.json,Seed,نظام المعاملات المدنية,616,المادة السابعة عشرة بعد الستمائة,617,رقم المادة لا يطابق العدد الترتيبي في عنوانها,حرجة,استبدال النص بالنص الرسمي رقم 616
legal_articles_export.json,Seed,نظام المعاملات المدنية,617,المادة الثامنة عشرة بعد الستمائة,618,رقم المادة لا يطابق العدد الترتيبي في عنوانها,حرجة,استبدال النص بالنص الرسمي رقم 617
legal_articles_export.json,Seed,نظام المعاملات المدنية,618,المادة التاسعة عشرة بعد الستمائة,619,رقم المادة لا يطابق العدد الترتيبي في عنوانها,حرجة,استبدال النص بالنص الرسمي رقم 618
legal_articles_export.json,Seed,نظام المعاملات المدنية,619,المادة العشرون بعد الستمائة,620,رقم المادة لا يطابق العدد الترتيبي في عنوانها,حرجة,استبدال النص بالنص الرسمي رقم 619
legal_articles_export.json,Seed,نظام المعاملات المدنية,620,المادة الحادية والعشرون بعد الستمائة,621,رقم المادة لا يطابق العدد الترتيبي في عنوانها,حرجة,استبدال النص بالنص الرسمي رقم 620
legal_articles_export.json,Seed,نظام المعاملات المدنية,621,المادة الثانية والعشرون بعد الستمائة,622,رقم المادة لا يطابق العدد الترتيبي في عنوانها,حرجة,استبدال النص بالنص الرسمي رقم 621
legal_articles_export.json,Seed,نظام المعاملات المدنية,622,المادة الثالثة والعشرون بعد الستمائة,623,رقم المادة لا يطابق العدد الترتيبي في عنوانها,حرجة,استبدال النص بالنص الرسمي رقم 622
legal_articles_export.json,Seed,نظام المعاملات المدنية,623,المادة الرابعة والعشرون بعد الستمائة,624,رقم المادة لا يطابق العدد الترتيبي في عنوانها,حرجة,استبدال النص بالنص الرسمي رقم 623
legal_articles_export.json,Seed,نظام المعاملات المدنية,624,المادة الخامسة والعشرون بعد الستمائة,625,رقم المادة لا يطابق العدد الترتيبي في عنوانها,حرجة,استبدال النص بالنص الرسمي رقم 624
legal_articles_export.json,Seed,نظام المعاملات المدنية,625,المادة السادسة والعشرون بعد الستمائة,626,رقم المادة لا يطابق العدد الترتيبي في عنوانها,حرجة,استبدال النص بالنص الرسمي رقم 625
legal_articles_export.json,Seed,نظام المعاملات المدنية,626,المادة السابعة والعشرون بعد الستمائة,627,رقم المادة لا يطابق العدد الترتيبي في عنوانها,حرجة,استبدال النص بالنص الرسمي رقم 626
legal_articles_export.json,Seed,نظام المعاملات المدنية,627,المادة الثامنة والعشرون بعد الستمائة,628,رقم المادة لا يطابق العدد الترتيبي في عنوانها,حرجة,استبدال النص بالنص الرسمي رقم 627
legal_articles_export.json,Seed,نظام المعاملات المدنية,628,المادة التاسعة والعشرون بعد الستمائة,629,رقم المادة لا يطابق العدد الترتيبي في عنوانها,حرجة,استبدال النص بالنص الرسمي رقم 628
legal_articles_export.json,Seed,نظام المعاملات المدنية,629,المادة الثلاثون بعد الستمائة,630,رقم المادة لا يطابق العدد الترتيبي في عنوانها,حرجة,استبدال النص بالنص الرسمي رقم 629
legal_articles_export.json,Seed,نظام المعاملات المدنية,630,المادة الحادية والثلاثون بعد الستمائة,631,رقم المادة لا يطابق العدد الترتيبي في عنوانها,حرجة,استبدال النص بالنص الرسمي رقم 630
legal_articles_export.json,Seed,نظام المعاملات المدنية,631,المادة الثانية والثلاثون بعد الستمائة,632,رقم المادة لا يطابق العدد الترتيبي في عنوانها,حرجة,استبدال النص بالنص الرسمي رقم 631
legal_articles_export.json,Seed,نظام المعاملات المدنية,632,المادة الثالثة والثلاثون بعد الستمائة,633,رقم المادة لا يطابق العدد الترتيبي في عنوانها,حرجة,استبدال النص بالنص الرسمي رقم 632
legal_articles_export.json,Seed,نظام المعاملات المدنية,633,المادة الرابعة والثلاثون بعد الستمائة,634,رقم المادة لا يطابق العدد الترتيبي في عنوانها,حرجة,استبدال النص بالنص الرسمي رقم 633
legal_articles_export.json,Seed,نظام المعاملات المدنية,634,المادة الخامسة والثلاثون بعد الستمائة,635,رقم المادة لا يطابق العدد الترتيبي في عنوانها,حرجة,استبدال النص بالنص الرسمي رقم 634
legal_articles_export.json,Seed,نظام المعاملات المدنية,635,المادة السادسة والثلاثون بعد الستمائة,636,رقم المادة لا يطابق العدد الترتيبي في عنوانها,حرجة,استبدال النص بالنص الرسمي رقم 635
legal_articles_export.json,Seed,نظام المعاملات المدنية,636,المادة السابعة والثلاثون بعد الستمائة,637,رقم المادة لا يطابق العدد الترتيبي في عنوانها,حرجة,استبدال النص بالنص الرسمي رقم 636
legal_articles_export.json,Seed,نظام المعاملات المدنية,637,المادة الثامنة والثلاثون بعد الستمائة,638,رقم المادة لا يطابق العدد الترتيبي في عنوانها,حرجة,استبدال النص بالنص الرسمي رقم 637
legal_articles_export.json,Seed,نظام المعاملات المدنية,638,المادة التاسعة والثلاثون بعد الستمائة,639,رقم المادة لا يطابق العدد الترتيبي في عنوانها,حرجة,استبدال النص بالنص الرسمي رقم 638
legal_articles_export.json,Seed,نظام المعاملات المدنية,639,المادة الأربعون بعد الستمائة,640,رقم المادة لا يطابق العدد الترتيبي في عنوانها,حرجة,استبدال النص بالنص الرسمي رقم 639
legal_articles_export.json,Seed,نظام المعاملات المدنية,640,المادة الحادية والأربعون بعد الستمائة,641,رقم المادة لا يطابق العدد الترتيبي في عنوانها,حرجة,استبدال النص بالنص الرسمي رقم 640
legal_articles_export.json,Seed,نظام المعاملات المدنية,641,المادة الثانية والأربعون بعد الستمائة,642,رقم المادة لا يطابق العدد الترتيبي في عنوانها,حرجة,استبدال النص بالنص الرسمي رقم 641
legal_articles_export.json,Seed,نظام المعاملات المدنية,642,المادة الثالثة والأربعون بعد الستمائة,643,رقم المادة لا يطابق العدد الترتيبي في عنوانها,حرجة,استبدال النص بالنص الرسمي رقم 642
legal_articles_export.json,Seed,نظام المعاملات المدنية,643,المادة الرابعة والأربعون بعد الستمائة,644,رقم المادة لا يطابق العدد الترتيبي في عنوانها,حرجة,استبدال النص بالنص الرسمي رقم 643
legal_articles_export.json,Seed,نظام المعاملات المدنية,644,المادة الخامسة والأربعون بعد الستمائة,645,رقم المادة لا يطابق العدد الترتيبي في عنوانها,حرجة,استبدال النص بالنص الرسمي رقم 644
legal_articles_export.json,Seed,نظام المعاملات المدنية,645,المادة السادسة والأربعون بعد الستمائة,646,رقم المادة لا يطابق العدد الترتيبي في عنوانها,حرجة,استبدال النص بالنص الرسمي رقم 645
legal_articles_export.json,Seed,نظام المعاملات المدنية,646,المادة السابعة والأربعون بعد الستمائة,647,رقم المادة لا يطابق العدد الترتيبي في عنوانها,حرجة,استبدال النص بالنص الرسمي رقم 646
legal_articles_export.json,Seed,نظام المعاملات المدنية,647,المادة الثامنة والأربعون بعد الستمائة,648,رقم المادة لا يطابق العدد الترتيبي في عنوانها,حرجة,استبدال النص بالنص الرسمي رقم 647
legal_articles_export.json,Seed,نظام المعاملات المدنية,648,المادة التاسعة والأربعون بعد الستمائة,649,رقم المادة لا يطابق العدد الترتيبي في عنوانها,حرجة,استبدال النص بالنص الرسمي رقم 648
legal_articles_export.json,Seed,نظام المعاملات المدنية,649,المادة الخمسون بعد الستمائة,650,رقم المادة لا يطابق العدد الترتيبي في عنوانها,حرجة,استبدال النص بالنص الرسمي رقم 649
legal_articles_export.json,Seed,نظام المعاملات المدنية,650,المادة الحادية والخمسون بعد الستمائة,651,رقم المادة لا يطابق العدد الترتيبي في عنوانها,حرجة,استبدال النص بالنص الرسمي رقم 650
legal_articles_export.json,Seed,نظام المعاملات المدنية,651,المادة الثانية والخمسون بعد الستمائة,652,رقم المادة لا يطابق العدد الترتيبي في عنوانها,حرجة,استبدال النص بالنص الرسمي رقم 651
legal_articles_export.json,Seed,نظام المعاملات المدنية,652,المادة الثالثة والخمسون بعد الستمائة,653,رقم المادة لا يطابق العدد الترتيبي في عنوانها,حرجة,استبدال النص بالنص الرسمي رقم 652
legal_articles_export.json,Seed,نظام المعاملات المدنية,653,المادة الرابعة والخمسون بعد الستمائة,654,رقم المادة لا يطابق العدد الترتيبي في عنوانها,حرجة,استبدال النص بالنص الرسمي رقم 653
legal_articles_export.json,Seed,نظام المعاملات المدنية,654,المادة الخامسة والخمسون بعد الستمائة,655,رقم المادة لا يطابق العدد الترتيبي في عنوانها,حرجة,استبدال النص بالنص الرسمي رقم 654
legal_articles_export.json,Seed,نظام المعاملات المدنية,655,المادة السادسة والخمسون بعد الستمائة,656,رقم المادة لا يطابق العدد الترتيبي في عنوانها,حرجة,استبدال النص بالنص الرسمي رقم 655
legal_articles_export.json,Seed,نظام المعاملات المدنية,656,المادة السابعة والخمسون بعد الستمائة,657,رقم المادة لا يطابق العدد الترتيبي في عنوانها,حرجة,استبدال النص بالنص الرسمي رقم 656
legal_articles_export.json,Seed,نظام المعاملات المدنية,657,المادة الثامنة والخمسون بعد الستمائة,658,رقم المادة لا يطابق العدد الترتيبي في عنوانها,حرجة,استبدال النص بالنص الرسمي رقم 657
legal_articles_export.json,Seed,نظام المعاملات المدنية,658,المادة التاسعة والخمسون بعد الستمائة,659,رقم المادة لا يطابق العدد الترتيبي في عنوانها,حرجة,استبدال النص بالنص الرسمي رقم 658
legal_articles_export.json,Seed,نظام المعاملات المدنية,659,المادة الستون بعد الستمائة,660,رقم المادة لا يطابق العدد الترتيبي في عنوانها,حرجة,استبدال النص بالنص الرسمي رقم 659
legal_articles_export.json,Seed,نظام المعاملات المدنية,660,المادة الحادية والستون بعد الستمائة,661,رقم المادة لا يطابق العدد الترتيبي في عنوانها,حرجة,استبدال النص بالنص الرسمي رقم 660
legal_articles_export.json,Seed,نظام المعاملات المدنية,661,المادة الثانية والستون بعد الستمائة,662,رقم المادة لا يطابق العدد الترتيبي في عنوانها,حرجة,استبدال النص بالنص الرسمي رقم 661
legal_articles_export.json,Seed,نظام المعاملات المدنية,662,المادة الثالثة والستون بعد الستمائة,663,رقم المادة لا يطابق العدد الترتيبي في عنوانها,حرجة,استبدال النص بالنص الرسمي رقم 662
legal_articles_export.json,Seed,نظام المعاملات المدنية,663,المادة الرابعة والستون بعد الستمائة,664,رقم المادة لا يطابق العدد الترتيبي في عنوانها,حرجة,استبدال النص بالنص الرسمي رقم 663
legal_articles_export.json,Seed,نظام المعاملات المدنية,664,المادة الخامسة والستون بعد الستمائة,665,رقم المادة لا يطابق العدد الترتيبي في عنوانها,حرجة,استبدال النص بالنص الرسمي رقم 664
legal_articles_export.json,Seed,نظام المعاملات المدنية,665,المادة السادسة والستون بعد الستمائة,666,رقم المادة لا يطابق العدد الترتيبي في عنوانها,حرجة,استبدال النص بالنص الرسمي رقم 665
legal_articles_export.json,Seed,نظام المعاملات المدنية,666,المادة السابعة والستون بعد الستمائة,667,رقم المادة لا يطابق العدد الترتيبي في عنوانها,حرجة,استبدال النص بالنص الرسمي رقم 666
legal_articles_export.json,Seed,نظام المعاملات المدنية,667,المادة الثامنة والستون بعد الستمائة,668,رقم المادة لا يطابق العدد الترتيبي في عنوانها,حرجة,استبدال النص بالنص الرسمي رقم 667
legal_articles_export.json,Seed,نظام المعاملات المدنية,668,المادة التاسعة والستون بعد الستمائة,669,رقم المادة لا يطابق العدد الترتيبي في عنوانها,حرجة,استبدال النص بالنص الرسمي رقم 668
legal_articles_export.json,Seed,نظام المعاملات المدنية,669,المادة السبعون بعد الستمائة,670,رقم المادة لا يطابق العدد الترتيبي في عنوانها,حرجة,استبدال النص بالنص الرسمي رقم 669
legal_articles_export.json,Seed,نظام المعاملات المدنية,670,المادة الحادية والسبعون بعد الستمائة,671,رقم المادة لا يطابق العدد الترتيبي في عنوانها,حرجة,استبدال النص بالنص الرسمي رقم 670
legal_articles_export.json,Seed,نظام المعاملات المدنية,671,المادة الثانية والسبعون بعد الستمائة,672,رقم المادة لا يطابق العدد الترتيبي في عنوانها,حرجة,استبدال النص بالنص الرسمي رقم 671
legal_articles_export.json,Seed,نظام المعاملات المدنية,672,المادة الثالثة والسبعون بعد الستمائة,673,رقم المادة لا يطابق العدد الترتيبي في عنوانها,حرجة,استبدال النص بالنص الرسمي رقم 672
legal_articles_export.json,Seed,نظام المعاملات المدنية,673,المادة الرابعة والسبعون بعد الستمائة,674,رقم المادة لا يطابق العدد الترتيبي في عنوانها,حرجة,استبدال النص بالنص الرسمي رقم 673
legal_articles_export.json,Seed,نظام المعاملات المدنية,674,المادة الخامسة والسبعون بعد الستمائة,675,رقم المادة لا يطابق العدد الترتيبي في عنوانها,حرجة,استبدال النص بالنص الرسمي رقم 674
legal_articles_export.json,Seed,نظام المعاملات المدنية,675,المادة السادسة والسبعون بعد الستمائة,676,رقم المادة لا يطابق العدد الترتيبي في عنوانها,حرجة,استبدال النص بالنص الرسمي رقم 675
legal_articles_export.json,Seed,نظام المعاملات المدنية,676,المادة السابعة والسبعون بعد الستمائة,677,رقم المادة لا يطابق العدد الترتيبي في عنوانها,حرجة,استبدال النص بالنص الرسمي رقم 676
legal_articles_export.json,Seed,نظام المعاملات المدنية,677,المادة الثامنة والسبعون بعد الستمائة,678,رقم المادة لا يطابق العدد الترتيبي في عنوانها,حرجة,استبدال النص بالنص الرسمي رقم 677
legal_articles_export.json,Seed,نظام المعاملات المدنية,678,المادة التاسعة والسبعون بعد الستمائة,679,رقم المادة لا يطابق العدد الترتيبي في عنوانها,حرجة,استبدال النص بالنص الرسمي رقم 678
legal_articles_export.json,Seed,نظام المعاملات المدنية,679,المادة الثمانون بعد الستمائة,680,رقم المادة لا يطابق العدد الترتيبي في عنوانها,حرجة,استبدال النص بالنص الرسمي رقم 679
legal_articles_export.json,Seed,نظام المعاملات المدنية,680,المادة الحادية والثمانون بعد الستمائة,681,رقم المادة لا يطابق العدد الترتيبي في عنوانها,حرجة,استبدال النص بالنص الرسمي رقم 680
legal_articles_export.json,Seed,نظام المعاملات المدنية,681,المادة الثانية والثمانون بعد الستمائة,682,رقم المادة لا يطابق العدد الترتيبي في عنوانها,حرجة,استبدال النص بالنص الرسمي رقم 681
legal_articles_export.json,Seed,نظام المعاملات المدنية,682,المادة الثالثة والثمانون بعد الستمائة,683,رقم المادة لا يطابق العدد الترتيبي في عنوانها,حرجة,استبدال النص بالنص الرسمي رقم 682
legal_articles_export.json,Seed,نظام المعاملات المدنية,683,المادة الرابعة والثمانون بعد الستمائة,684,رقم المادة لا يطابق العدد الترتيبي في عنوانها,حرجة,استبدال النص بالنص الرسمي رقم 683
legal_articles_export.json,Seed,نظام المعاملات المدنية,684,المادة الخامسة والثمانون بعد الستمائة,685,رقم المادة لا يطابق العدد الترتيبي في عنوانها,حرجة,استبدال النص بالنص الرسمي رقم 684
legal_articles_export.json,Seed,نظام المعاملات المدنية,685,المادة السادسة والثمانون بعد الستمائة,686,رقم المادة لا يطابق العدد الترتيبي في عنوانها,حرجة,استبدال النص بالنص الرسمي رقم 685
legal_articles_export.json,Seed,نظام المعاملات المدنية,686,المادة السابعة والثمانون بعد الستمائة,687,رقم المادة لا يطابق العدد الترتيبي في عنوانها,حرجة,استبدال النص بالنص الرسمي رقم 686
legal_articles_export.json,Seed,نظام المعاملات المدنية,687,المادة الثامنة والثمانون بعد الستمائة,688,رقم المادة لا يطابق العدد الترتيبي في عنوانها,حرجة,استبدال النص بالنص الرسمي رقم 687
legal_articles_export.json,Seed,نظام المعاملات المدنية,688,المادة التاسعة والثمانون بعد الستمائة,689,رقم المادة لا يطابق العدد الترتيبي في عنوانها,حرجة,استبدال النص بالنص الرسمي رقم 688
legal_articles_export.json,Seed,نظام المعاملات المدنية,689,المادة التسعون بعد الستمائة,690,رقم المادة لا يطابق العدد الترتيبي في عنوانها,حرجة,استبدال النص بالنص الرسمي رقم 689
legal_articles_export.json,Seed,نظام المعاملات المدنية,690,المادة الحادية والتسعون بعد الستمائة,691,رقم المادة لا يطابق العدد الترتيبي في عنوانها,حرجة,استبدال النص بالنص الرسمي رقم 690
legal_articles_export.json,Seed,نظام المعاملات المدنية,691,المادة الثانية والتسعون بعد الستمائة,692,رقم المادة لا يطابق العدد الترتيبي في عنوانها,حرجة,استبدال النص بالنص الرسمي رقم 691
legal_articles_export.json,Seed,نظام المعاملات المدنية,692,المادة الثالثة والتسعون بعد الستمائة,693,رقم المادة لا يطابق العدد الترتيبي في عنوانها,حرجة,استبدال النص بالنص الرسمي رقم 692
legal_articles_export.json,Seed,نظام المعاملات المدنية,693,المادة الرابعة والتسعون بعد الستمائة,694,رقم المادة لا يطابق العدد الترتيبي في عنوانها,حرجة,استبدال النص بالنص الرسمي رقم 693
legal_articles_export.json,Seed,نظام المعاملات المدنية,694,المادة الخامسة والتسعون بعد الستمائة,695,رقم المادة لا يطابق العدد الترتيبي في عنوانها,حرجة,استبدال النص بالنص الرسمي رقم 694
legal_articles_export.json,Seed,نظام المعاملات المدنية,695,المادة السادسة والتسعون بعد الستمائة,696,رقم المادة لا يطابق العدد الترتيبي في عنوانها,حرجة,استبدال النص بالنص الرسمي رقم 695
legal_articles_export.json,Seed,نظام المعاملات المدنية,696,المادة السابعة والتسعون بعد الستمائة,697,رقم المادة لا يطابق العدد الترتيبي في عنوانها,حرجة,استبدال النص بالنص الرسمي رقم 696
legal_articles_export.json,Seed,نظام المعاملات المدنية,697,المادة الثامنة والتسعون بعد الستمائة,698,رقم المادة لا يطابق العدد الترتيبي في عنوانها,حرجة,استبدال النص بالنص الرسمي رقم 697
legal_articles_export.json,Seed,نظام المعاملات المدنية,698,المادة التاسعة والتسعون بعد الستمائة,699,رقم المادة لا يطابق العدد الترتيبي في عنوانها,حرجة,استبدال النص بالنص الرسمي رقم 698
legal_articles_export.json,Seed,نظام المعاملات المدنية,699,المادة السبعمائة,700,رقم المادة لا يطابق العدد الترتيبي في عنوانها,حرجة,استبدال النص بالنص الرسمي رقم 699
legal_articles_export.json,Seed,نظام المعاملات المدنية,700,المادة الأولى بعد السبعمائة,701,رقم المادة لا يطابق العدد الترتيبي في عنوانها,حرجة,استبدال النص بالنص الرسمي رقم 700
legal_articles_export.json,Seed,نظام المعاملات المدنية,701,المادة الثانية بعد السبعمائة,702,رقم المادة لا يطابق العدد الترتيبي في عنوانها,حرجة,استبدال النص بالنص الرسمي رقم 701
legal_articles_export.json,Seed,نظام المعاملات المدنية,702,المادة الثالثة بعد السبعمائة,703,رقم المادة لا يطابق العدد الترتيبي في عنوانها,حرجة,استبدال النص بالنص الرسمي رقم 702
legal_articles_export.json,Seed,نظام المعاملات المدنية,703,المادة الرابعة بعد السبعمائة,704,رقم المادة لا يطابق العدد الترتيبي في عنوانها,حرجة,استبدال النص بالنص الرسمي رقم 703
legal_articles_export.json,Seed,نظام المعاملات المدنية,704,المادة الخامسة بعد السبعمائة,705,رقم المادة لا يطابق العدد الترتيبي في عنوانها,حرجة,استبدال النص بالنص الرسمي رقم 704
legal_articles_export.json,Seed,نظام المعاملات المدنية,705,المادة السادسة بعد السبعمائة,706,رقم المادة لا يطابق العدد الترتيبي في عنوانها,حرجة,استبدال النص بالنص الرسمي رقم 705
legal_articles_export.json,Seed,نظام المعاملات المدنية,706,المادة السابعة بعد السبعمائة,707,رقم المادة لا يطابق العدد الترتيبي في عنوانها,حرجة,استبدال النص بالنص الرسمي رقم 706
legal_articles_export.json,Seed,نظام المعاملات المدنية,707,المادة الثامنة بعد السبعمائة,708,رقم المادة لا يطابق العدد الترتيبي في عنوانها,حرجة,استبدال النص بالنص الرسمي رقم 707
legal_articles_export.json,Seed,نظام المعاملات المدنية,708,المادة التاسعة بعد السبعمائة,709,رقم المادة لا يطابق العدد الترتيبي في عنوانها,حرجة,استبدال النص بالنص الرسمي رقم 708
legal_articles_export.json,Seed,نظام المعاملات المدنية,709,المادة العاشرة بعد السبعمائة,710,رقم المادة لا يطابق العدد الترتيبي في عنوانها,حرجة,استبدال النص بالنص الرسمي رقم 709
legal_articles_export.json,Seed,نظام المعاملات المدنية,710,المادة الحادية عشرة بعد السبعمائة,711,رقم المادة لا يطابق العدد الترتيبي في عنوانها,حرجة,استبدال النص بالنص الرسمي رقم 710
legal_articles_export.json,Seed,نظام المعاملات المدنية,711,المادة الثانية عشرة بعد السبعمائة,712,رقم المادة لا يطابق العدد الترتيبي في عنوانها,حرجة,استبدال النص بالنص الرسمي رقم 711
legal_articles_export.json,Seed,نظام المعاملات المدنية,712,المادة الثالثة عشرة بعد السبعمائة,713,رقم المادة لا يطابق العدد الترتيبي في عنوانها,حرجة,استبدال النص بالنص الرسمي رقم 712
legal_articles_export.json,Seed,نظام المعاملات المدنية,713,المادة الرابعة عشرة بعد السبعمائة,714,رقم المادة لا يطابق العدد الترتيبي في عنوانها,حرجة,استبدال النص بالنص الرسمي رقم 713
legal_articles_export.json,Seed,نظام المعاملات المدنية,714,المادة الخامسة عشرة بعد السبعمائة,715,رقم المادة لا يطابق العدد الترتيبي في عنوانها,حرجة,استبدال النص بالنص الرسمي رقم 714
legal_articles_export.json,Seed,نظام المعاملات المدنية,715,المادة السادسة عشرة بعد السبعمائة,716,رقم المادة لا يطابق العدد الترتيبي في عنوانها,حرجة,استبدال النص بالنص الرسمي رقم 715
legal_articles_export.json,Seed,نظام المعاملات المدنية,716,المادة السابعة عشرة بعد السبعمائة,717,رقم المادة لا يطابق العدد الترتيبي في عنوانها,حرجة,استبدال النص بالنص الرسمي رقم 716
legal_articles_export.json,Seed,نظام المعاملات المدنية,717,المادة الثامنة عشرة بعد السبعمائة,718,رقم المادة لا يطابق العدد الترتيبي في عنوانها,حرجة,استبدال النص بالنص الرسمي رقم 717
legal_articles_export.json,Seed,نظام المعاملات المدنية,718,المادة التاسعة عشرة بعد السبعمائة,719,رقم المادة لا يطابق العدد الترتيبي في عنوانها,حرجة,استبدال النص بالنص الرسمي رقم 718
legal_articles_export.json,Seed,نظام المعاملات المدنية,719,المادة العشرون بعد السبعمائة,720,رقم المادة لا يطابق العدد الترتيبي في عنوانها,حرجة,استبدال النص بالنص الرسمي رقم 719
legal_articles_export.json,Seed,نظام المعاملات المدنية,720,المادة الحادية والعشرون بعد السبعمائة,721,رقم المادة لا يطابق العدد الترتيبي في عنوانها,حرجة,استبدال النص بالنص الرسمي رقم 720
BM25 / الإنتاج,Derived,نظام الشركات,155,نظام الشركات — المادة (155),,نص مكرر حرفيًا بين مادتين,حرجة,تحديد المادة الصحيحة واستبدال المكررة بالنص الرسمي
BM25 / الإنتاج,Derived,نظام الشركات,219,نظام الشركات — المادة (219),,نص مكرر حرفيًا بين مادتين,حرجة,تحديد المادة الصحيحة واستبدال المكررة بالنص الرسمي
BM25 / الإنتاج,Derived,نظام المرافعات أمام ديوان المظالم,14,نظام المرافعات أمام ديوان المظالم — المادة (14),,نص مطابق في أول 320 حرفًا (قد يكون اقتطاعًا — يلزم تحقق من النص الكامل),تحتاج تحقق,مقارنة النص الكامل من قاعدة الإنتاج
BM25 / الإنتاج,Derived,نظام المرافعات أمام ديوان المظالم,50,نظام المرافعات أمام ديوان المظالم — المادة (50),,نص مطابق في أول 320 حرفًا (قد يكون اقتطاعًا — يلزم تحقق من النص الكامل),تحتاج تحقق,مقارنة النص الكامل من قاعدة الإنتاج
BM25 / الإنتاج,Derived,نظام المعاملات المدنية,720,نظام المعاملات المدنية — المادة (720),,نص مكرر حرفيًا بين مادتين,حرجة,تحديد المادة الصحيحة واستبدال المكررة بالنص الرسمي
BM25 / الإنتاج,Derived,نظام المعاملات المدنية,721,نظام المعاملات المدنية — المادة (721),,نص مكرر حرفيًا بين مادتين,حرجة,تحديد المادة الصحيحة واستبدال المكررة بالنص الرسمي
BM25 / الإنتاج,Derived,نظام مكافحة غسل الأموال,5,نظام مكافحة غسل الأموال — المادة (5),,نص مطابق في أول 320 حرفًا (قد يكون اقتطاعًا — يلزم تحقق من النص الكامل),تحتاج تحقق,مقارنة النص الكامل من قاعدة الإنتاج
BM25 / الإنتاج,Derived,نظام مكافحة غسل الأموال,6,نظام مكافحة غسل الأموال — المادة (6),,نص مطابق في أول 320 حرفًا (قد يكون اقتطاعًا — يلزم تحقق من النص الكامل),تحتاج تحقق,مقارنة النص الكامل من قاعدة الإنتاج
BM25 / الإنتاج,Derived,نظام مكافحة غسل الأموال,7,نظام مكافحة غسل الأموال — المادة (7),,نص مكرر حرفيًا بين مادتين,حرجة,تحديد المادة الصحيحة واستبدال المكررة بالنص الرسمي
BM25 / الإنتاج,Derived,نظام مكافحة غسل الأموال,8,نظام مكافحة غسل الأموال — المادة (8),,نص مكرر حرفيًا بين مادتين,حرجة,تحديد المادة الصحيحة واستبدال المكررة بالنص الرسمي
BM25 / الإنتاج,Derived,نظام مكافحة غسل الأموال,9,نظام مكافحة غسل الأموال — المادة (9),,نص مطابق في أول 320 حرفًا (قد يكون اقتطاعًا — يلزم تحقق من النص الكامل),تحتاج تحقق,مقارنة النص الكامل من قاعدة الإنتاج
BM25 / الإنتاج,Derived,نظام مكافحة غسل الأموال,10,نظام مكافحة غسل الأموال — المادة (10),,نص مطابق في أول 320 حرفًا (قد يكون اقتطاعًا — يلزم تحقق من النص الكامل),تحتاج تحقق,مقارنة النص الكامل من قاعدة الإنتاج
BM25 / الإنتاج,Derived,نظام الإفلاس,29,نظام الإفلاس — المادة (29),,نص مكرر حرفيًا بين مادتين,حرجة,تحديد المادة الصحيحة واستبدال المكررة بالنص الرسمي
BM25 / الإنتاج,Derived,نظام الإفلاس,74,نظام الإفلاس — المادة (74),,نص مكرر حرفيًا بين مادتين,حرجة,تحديد المادة الصحيحة واستبدال المكررة بالنص الرسمي
BM25 / الإنتاج,Derived,نظام الميداليات المدنية والعسكرية,12,نظام الميداليات المدنية والعسكرية — المادة (12),,نص مكرر حرفيًا بين مادتين,حرجة,تحديد المادة الصحيحة واستبدال المكررة بالنص الرسمي
BM25 / الإنتاج,Derived,نظام الميداليات المدنية والعسكرية,24,نظام الميداليات المدنية والعسكرية — المادة (24),,نص مكرر حرفيًا بين مادتين,حرجة,تحديد المادة الصحيحة واستبدال المكررة بالنص الرسمي
BM25 / الإنتاج,Derived,نظام الميداليات المدنية والعسكرية,15,نظام الميداليات المدنية والعسكرية — المادة (15),,نص مكرر حرفيًا بين مادتين,حرجة,تحديد المادة الصحيحة واستبدال المكررة بالنص الرسمي
BM25 / الإنتاج,Derived,نظام الميداليات المدنية والعسكرية,21,نظام الميداليات المدنية والعسكرية — المادة (21),,نص مكرر حرفيًا بين مادتين,حرجة,تحديد المادة الصحيحة واستبدال المكررة بالنص الرسمي
BM25 / الإنتاج,Derived,تنظيم إعانة البحث عن عمل,14041,تنظيم إعانة البحث عن عمل — المادة (14041),,رقم مادة شاذ (خطأ تحليل رقم),حرجة,تصحيح الرقم من عنوان المادة الرسمي
