system_name,hakeem_cited_number,actual_official_number_of_served_text,defect_kind,impact_statement,classification,required_action
نظام المعاملات المدنية,237,238,مزاح,كل استشهاد بـ«نظام المعاملات المدنية، المادة (237)» صادر عن المنصة يعرض فعليًا نصّ المادة الرسمية 238,متأثرة قطعًا,مراجعة قانونية بشرية لكل دراسة استشهدت بهذا الرقم
نظام المعاملات المدنية,238,239,مزاح,كل استشهاد بـ«نظام المعاملات المدنية، المادة (238)» صادر عن المنصة يعرض فعليًا نصّ المادة الرسمية 239,متأثرة قطعًا,مراجعة قانونية بشرية لكل دراسة استشهدت بهذا الرقم
نظام المعاملات المدنية,239,240,مزاح,كل استشهاد بـ«نظام المعاملات المدنية، المادة (239)» صادر عن المنصة يعرض فعليًا نصّ المادة الرسمية 240,متأثرة قطعًا,مراجعة قانونية بشرية لكل دراسة استشهدت بهذا الرقم
نظام المعاملات المدنية,240,241,مزاح,كل استشهاد بـ«نظام المعاملات المدنية، المادة (240)» صادر عن المنصة يعرض فعليًا نصّ المادة الرسمية 241,متأثرة قطعًا,مراجعة قانونية بشرية لكل دراسة استشهدت بهذا الرقم
نظام المعاملات المدنية,241,242,مزاح,كل استشهاد بـ«نظام المعاملات المدنية، المادة (241)» صادر عن المنصة يعرض فعليًا نصّ المادة الرسمية 242,متأثرة قطعًا,مراجعة قانونية بشرية لكل دراسة استشهدت بهذا الرقم
نظام المعاملات المدنية,242,243,مزاح,كل استشهاد بـ«نظام المعاملات المدنية، المادة (242)» صادر عن المنصة يعرض فعليًا نصّ المادة الرسمية 243,متأثرة قطعًا,مراجعة قانونية بشرية لكل دراسة استشهدت بهذا الرقم
نظام المعاملات المدنية,243,244,مزاح,كل استشهاد بـ«نظام المعاملات المدنية، المادة (243)» صادر عن المنصة يعرض فعليًا نصّ المادة الرسمية 244,متأثرة قطعًا,مراجعة قانونية بشرية لكل دراسة استشهدت بهذا الرقم
نظام المعاملات المدنية,244,245,مزاح,كل استشهاد بـ«نظام المعاملات المدنية، المادة (244)» صادر عن المنصة يعرض فعليًا نصّ المادة الرسمية 245,متأثرة قطعًا,مراجعة قانونية بشرية لكل دراسة استشهدت بهذا الرقم
نظام المعاملات المدنية,245,246,مزاح,كل استشهاد بـ«نظام المعاملات المدنية، المادة (245)» صادر عن المنصة يعرض فعليًا نصّ المادة الرسمية 246,متأثرة قطعًا,مراجعة قانونية بشرية لكل دراسة استشهدت بهذا الرقم
نظام المعاملات المدنية,246,247,مزاح,كل استشهاد بـ«نظام المعاملات المدنية، المادة (246)» صادر عن المنصة يعرض فعليًا نصّ المادة الرسمية 247,متأثرة قطعًا,مراجعة قانونية بشرية لكل دراسة استشهدت بهذا الرقم
نظام المعاملات المدنية,247,248,مزاح,كل استشهاد بـ«نظام المعاملات المدنية، المادة (247)» صادر عن المنصة يعرض فعليًا نصّ المادة الرسمية 248,متأثرة قطعًا,مراجعة قانونية بشرية لكل دراسة استشهدت بهذا الرقم
نظام المعاملات المدنية,248,249,مزاح,كل استشهاد بـ«نظام المعاملات المدنية، المادة (248)» صادر عن المنصة يعرض فعليًا نصّ المادة الرسمية 249,متأثرة قطعًا,مراجعة قانونية بشرية لكل دراسة استشهدت بهذا الرقم
نظام المعاملات المدنية,249,250,مزاح,كل استشهاد بـ«نظام المعاملات المدنية، المادة (249)» صادر عن المنصة يعرض فعليًا نصّ المادة الرسمية 250,متأثرة قطعًا,مراجعة قانونية بشرية لكل دراسة استشهدت بهذا الرقم
نظام المعاملات المدنية,250,251,مزاح,كل استشهاد بـ«نظام المعاملات المدنية، المادة (250)» صادر عن المنصة يعرض فعليًا نصّ المادة الرسمية 251,متأثرة قطعًا,مراجعة قانونية بشرية لكل دراسة استشهدت بهذا الرقم
نظام المعاملات المدنية,251,252,مزاح,كل استشهاد بـ«نظام المعاملات المدنية، المادة (251)» صادر عن المنصة يعرض فعليًا نصّ المادة الرسمية 252,متأثرة قطعًا,مراجعة قانونية بشرية لكل دراسة استشهدت بهذا الرقم
نظام المعاملات المدنية,252,253,مزاح,كل استشهاد بـ«نظام المعاملات المدنية، المادة (252)» صادر عن المنصة يعرض فعليًا نصّ المادة الرسمية 253,متأثرة قطعًا,مراجعة قانونية بشرية لكل دراسة استشهدت بهذا الرقم
نظام المعاملات المدنية,253,254,مزاح,كل استشهاد بـ«نظام المعاملات المدنية، المادة (253)» صادر عن المنصة يعرض فعليًا نصّ المادة الرسمية 254,متأثرة قطعًا,مراجعة قانونية بشرية لكل دراسة استشهدت بهذا الرقم
نظام المعاملات المدنية,254,255,مزاح,كل استشهاد بـ«نظام المعاملات المدنية، المادة (254)» صادر عن المنصة يعرض فعليًا نصّ المادة الرسمية 255,متأثرة قطعًا,مراجعة قانونية بشرية لكل دراسة استشهدت بهذا الرقم
نظام المعاملات المدنية,255,256,مزاح,كل استشهاد بـ«نظام المعاملات المدنية، المادة (255)» صادر عن المنصة يعرض فعليًا نصّ المادة الرسمية 256,متأثرة قطعًا,مراجعة قانونية بشرية لكل دراسة استشهدت بهذا الرقم
نظام المعاملات المدنية,256,257,مزاح,كل استشهاد بـ«نظام المعاملات المدنية، المادة (256)» صادر عن المنصة يعرض فعليًا نصّ المادة الرسمية 257,متأثرة قطعًا,مراجعة قانونية بشرية لكل دراسة استشهدت بهذا الرقم
نظام المعاملات المدنية,257,258,مزاح,كل استشهاد بـ«نظام المعاملات المدنية، المادة (257)» صادر عن المنصة يعرض فعليًا نصّ المادة الرسمية 258,متأثرة قطعًا,مراجعة قانونية بشرية لكل دراسة استشهدت بهذا الرقم
نظام المعاملات المدنية,258,259,مزاح,كل استشهاد بـ«نظام المعاملات المدنية، المادة (258)» صادر عن المنصة يعرض فعليًا نصّ المادة الرسمية 259,متأثرة قطعًا,مراجعة قانونية بشرية لكل دراسة استشهدت بهذا الرقم
نظام المعاملات المدنية,259,260,مزاح,كل استشهاد بـ«نظام المعاملات المدنية، المادة (259)» صادر عن المنصة يعرض فعليًا نصّ المادة الرسمية 260,متأثرة قطعًا,مراجعة قانونية بشرية لكل دراسة استشهدت بهذا الرقم
نظام المعاملات المدنية,260,261,مزاح,كل استشهاد بـ«نظام المعاملات المدنية، المادة (260)» صادر عن المنصة يعرض فعليًا نصّ المادة الرسمية 261,متأثرة قطعًا,مراجعة قانونية بشرية لكل دراسة استشهدت بهذا الرقم
نظام المعاملات المدنية,261,262,مزاح,كل استشهاد بـ«نظام المعاملات المدنية، المادة (261)» صادر عن المنصة يعرض فعليًا نصّ المادة الرسمية 262,متأثرة قطعًا,مراجعة قانونية بشرية لكل دراسة استشهدت بهذا الرقم
نظام المعاملات المدنية,262,263,مزاح,كل استشهاد بـ«نظام المعاملات المدنية، المادة (262)» صادر عن المنصة يعرض فعليًا نصّ المادة الرسمية 263,متأثرة قطعًا,مراجعة قانونية بشرية لكل دراسة استشهدت بهذا الرقم
نظام المعاملات المدنية,263,264,مزاح,كل استشهاد بـ«نظام المعاملات المدنية، المادة (263)» صادر عن المنصة يعرض فعليًا نصّ المادة الرسمية 264,متأثرة قطعًا,مراجعة قانونية بشرية لكل دراسة استشهدت بهذا الرقم
نظام المعاملات المدنية,264,265,مزاح,كل استشهاد بـ«نظام المعاملات المدنية، المادة (264)» صادر عن المنصة يعرض فعليًا نصّ المادة الرسمية 265,متأثرة قطعًا,مراجعة قانونية بشرية لكل دراسة استشهدت بهذا الرقم
نظام المعاملات المدنية,265,266,مزاح,كل استشهاد بـ«نظام المعاملات المدنية، المادة (265)» صادر عن المنصة يعرض فعليًا نصّ المادة الرسمية 266,متأثرة قطعًا,مراجعة قانونية بشرية لكل دراسة استشهدت بهذا الرقم
نظام المعاملات المدنية,266,267,مزاح,كل استشهاد بـ«نظام المعاملات المدنية، المادة (266)» صادر عن المنصة يعرض فعليًا نصّ المادة الرسمية 267,متأثرة قطعًا,مراجعة قانونية بشرية لكل دراسة استشهدت بهذا الرقم
نظام المعاملات المدنية,267,268,مزاح,كل استشهاد بـ«نظام المعاملات المدنية، المادة (267)» صادر عن المنصة يعرض فعليًا نصّ المادة الرسمية 268,متأثرة قطعًا,مراجعة قانونية بشرية لكل دراسة استشهدت بهذا الرقم
نظام المعاملات المدنية,268,269,مزاح,كل استشهاد بـ«نظام المعاملات المدنية، المادة (268)» صادر عن المنصة يعرض فعليًا نصّ المادة الرسمية 269,متأثرة قطعًا,مراجعة قانونية بشرية لكل دراسة استشهدت بهذا الرقم
نظام المعاملات المدنية,269,270,مزاح,كل استشهاد بـ«نظام المعاملات المدنية، المادة (269)» صادر عن المنصة يعرض فعليًا نصّ المادة الرسمية 270,متأثرة قطعًا,مراجعة قانونية بشرية لكل دراسة استشهدت بهذا الرقم
نظام المعاملات المدنية,270,271,مزاح,كل استشهاد بـ«نظام المعاملات المدنية، المادة (270)» صادر عن المنصة يعرض فعليًا نصّ المادة الرسمية 271,متأثرة قطعًا,مراجعة قانونية بشرية لكل دراسة استشهدت بهذا الرقم
نظام المعاملات المدنية,271,272,مزاح,كل استشهاد بـ«نظام المعاملات المدنية، المادة (271)» صادر عن المنصة يعرض فعليًا نصّ المادة الرسمية 272,متأثرة قطعًا,مراجعة قانونية بشرية لكل دراسة استشهدت بهذا الرقم
نظام المعاملات المدنية,272,273,مزاح,كل استشهاد بـ«نظام المعاملات المدنية، المادة (272)» صادر عن المنصة يعرض فعليًا نصّ المادة الرسمية 273,متأثرة قطعًا,مراجعة قانونية بشرية لكل دراسة استشهدت بهذا الرقم
نظام المعاملات المدنية,273,274,مزاح,كل استشهاد بـ«نظام المعاملات المدنية، المادة (273)» صادر عن المنصة يعرض فعليًا نصّ المادة الرسمية 274,متأثرة قطعًا,مراجعة قانونية بشرية لكل دراسة استشهدت بهذا الرقم
نظام المعاملات المدنية,274,275,مزاح,كل استشهاد بـ«نظام المعاملات المدنية، المادة (274)» صادر عن المنصة يعرض فعليًا نصّ المادة الرسمية 275,متأثرة قطعًا,مراجعة قانونية بشرية لكل دراسة استشهدت بهذا الرقم
نظام المعاملات المدنية,275,276,مزاح,كل استشهاد بـ«نظام المعاملات المدنية، المادة (275)» صادر عن المنصة يعرض فعليًا نصّ المادة الرسمية 276,متأثرة قطعًا,مراجعة قانونية بشرية لكل دراسة استشهدت بهذا الرقم
نظام المعاملات المدنية,276,277,مزاح,كل استشهاد بـ«نظام المعاملات المدنية، المادة (276)» صادر عن المنصة يعرض فعليًا نصّ المادة الرسمية 277,متأثرة قطعًا,مراجعة قانونية بشرية لكل دراسة استشهدت بهذا الرقم
نظام المعاملات المدنية,277,278,مزاح,كل استشهاد بـ«نظام المعاملات المدنية، المادة (277)» صادر عن المنصة يعرض فعليًا نصّ المادة الرسمية 278,متأثرة قطعًا,مراجعة قانونية بشرية لكل دراسة استشهدت بهذا الرقم
نظام المعاملات المدنية,278,279,مزاح,كل استشهاد بـ«نظام المعاملات المدنية، المادة (278)» صادر عن المنصة يعرض فعليًا نصّ المادة الرسمية 279,متأثرة قطعًا,مراجعة قانونية بشرية لكل دراسة استشهدت بهذا الرقم
نظام المعاملات المدنية,279,280,مزاح,كل استشهاد بـ«نظام المعاملات المدنية، المادة (279)» صادر عن المنصة يعرض فعليًا نصّ المادة الرسمية 280,متأثرة قطعًا,مراجعة قانونية بشرية لكل دراسة استشهدت بهذا الرقم
نظام المعاملات المدنية,280,281,مزاح,كل استشهاد بـ«نظام المعاملات المدنية، المادة (280)» صادر عن المنصة يعرض فعليًا نصّ المادة الرسمية 281,متأثرة قطعًا,مراجعة قانونية بشرية لكل دراسة استشهدت بهذا الرقم
نظام المعاملات المدنية,281,282,مزاح,كل استشهاد بـ«نظام المعاملات المدنية، المادة (281)» صادر عن المنصة يعرض فعليًا نصّ المادة الرسمية 282,متأثرة قطعًا,مراجعة قانونية بشرية لكل دراسة استشهدت بهذا الرقم
نظام المعاملات المدنية,282,283,مزاح,كل استشهاد بـ«نظام المعاملات المدنية، المادة (282)» صادر عن المنصة يعرض فعليًا نصّ المادة الرسمية 283,متأثرة قطعًا,مراجعة قانونية بشرية لكل دراسة استشهدت بهذا الرقم
نظام المعاملات المدنية,283,284,مزاح,كل استشهاد بـ«نظام المعاملات المدنية، المادة (283)» صادر عن المنصة يعرض فعليًا نصّ المادة الرسمية 284,متأثرة قطعًا,مراجعة قانونية بشرية لكل دراسة استشهدت بهذا الرقم
نظام المعاملات المدنية,284,285,مزاح,كل استشهاد بـ«نظام المعاملات المدنية، المادة (284)» صادر عن المنصة يعرض فعليًا نصّ المادة الرسمية 285,متأثرة قطعًا,مراجعة قانونية بشرية لكل دراسة استشهدت بهذا الرقم
نظام المعاملات المدنية,285,286,مزاح,كل استشهاد بـ«نظام المعاملات المدنية، المادة (285)» صادر عن المنصة يعرض فعليًا نصّ المادة الرسمية 286,متأثرة قطعًا,مراجعة قانونية بشرية لكل دراسة استشهدت بهذا الرقم
نظام المعاملات المدنية,286,287,مزاح,كل استشهاد بـ«نظام المعاملات المدنية، المادة (286)» صادر عن المنصة يعرض فعليًا نصّ المادة الرسمية 287,متأثرة قطعًا,مراجعة قانونية بشرية لكل دراسة استشهدت بهذا الرقم
نظام المعاملات المدنية,287,288,مزاح,كل استشهاد بـ«نظام المعاملات المدنية، المادة (287)» صادر عن المنصة يعرض فعليًا نصّ المادة الرسمية 288,متأثرة قطعًا,مراجعة قانونية بشرية لكل دراسة استشهدت بهذا الرقم
نظام المعاملات المدنية,288,289,مزاح,كل استشهاد بـ«نظام المعاملات المدنية، المادة (288)» صادر عن المنصة يعرض فعليًا نصّ المادة الرسمية 289,متأثرة قطعًا,مراجعة قانونية بشرية لكل دراسة استشهدت بهذا الرقم
نظام المعاملات المدنية,289,290,مزاح,كل استشهاد بـ«نظام المعاملات المدنية، المادة (289)» صادر عن المنصة يعرض فعليًا نصّ المادة الرسمية 290,متأثرة قطعًا,مراجعة قانونية بشرية لكل دراسة استشهدت بهذا الرقم
نظام المعاملات المدنية,290,291,مزاح,كل استشهاد بـ«نظام المعاملات المدنية، المادة (290)» صادر عن المنصة يعرض فعليًا نصّ المادة الرسمية 291,متأثرة قطعًا,مراجعة قانونية بشرية لكل دراسة استشهدت بهذا الرقم
نظام المعاملات المدنية,291,292,مزاح,كل استشهاد بـ«نظام المعاملات المدنية، المادة (291)» صادر عن المنصة يعرض فعليًا نصّ المادة الرسمية 292,متأثرة قطعًا,مراجعة قانونية بشرية لكل دراسة استشهدت بهذا الرقم
نظام المعاملات المدنية,292,293,مزاح,كل استشهاد بـ«نظام المعاملات المدنية، المادة (292)» صادر عن المنصة يعرض فعليًا نصّ المادة الرسمية 293,متأثرة قطعًا,مراجعة قانونية بشرية لكل دراسة استشهدت بهذا الرقم
نظام المعاملات المدنية,293,294,مزاح,كل استشهاد بـ«نظام المعاملات المدنية، المادة (293)» صادر عن المنصة يعرض فعليًا نصّ المادة الرسمية 294,متأثرة قطعًا,مراجعة قانونية بشرية لكل دراسة استشهدت بهذا الرقم
نظام المعاملات المدنية,294,295,مزاح,كل استشهاد بـ«نظام المعاملات المدنية، المادة (294)» صادر عن المنصة يعرض فعليًا نصّ المادة الرسمية 295,متأثرة قطعًا,مراجعة قانونية بشرية لكل دراسة استشهدت بهذا الرقم
نظام المعاملات المدنية,295,296,مزاح,كل استشهاد بـ«نظام المعاملات المدنية، المادة (295)» صادر عن المنصة يعرض فعليًا نصّ المادة الرسمية 296,متأثرة قطعًا,مراجعة قانونية بشرية لكل دراسة استشهدت بهذا الرقم
نظام المعاملات المدنية,296,297,مزاح,كل استشهاد بـ«نظام المعاملات المدنية، المادة (296)» صادر عن المنصة يعرض فعليًا نصّ المادة الرسمية 297,متأثرة قطعًا,مراجعة قانونية بشرية لكل دراسة استشهدت بهذا الرقم
نظام المعاملات المدنية,297,298,مزاح,كل استشهاد بـ«نظام المعاملات المدنية، المادة (297)» صادر عن المنصة يعرض فعليًا نصّ المادة الرسمية 298,متأثرة قطعًا,مراجعة قانونية بشرية لكل دراسة استشهدت بهذا الرقم
نظام المعاملات المدنية,298,299,مزاح,كل استشهاد بـ«نظام المعاملات المدنية، المادة (298)» صادر عن المنصة يعرض فعليًا نصّ المادة الرسمية 299,متأثرة قطعًا,مراجعة قانونية بشرية لكل دراسة استشهدت بهذا الرقم
نظام المعاملات المدنية,299,300,مزاح,كل استشهاد بـ«نظام المعاملات المدنية، المادة (299)» صادر عن المنصة يعرض فعليًا نصّ المادة الرسمية 300,متأثرة قطعًا,مراجعة قانونية بشرية لكل دراسة استشهدت بهذا الرقم
نظام المعاملات المدنية,300,301,مزاح,كل استشهاد بـ«نظام المعاملات المدنية، المادة (300)» صادر عن المنصة يعرض فعليًا نصّ المادة الرسمية 301,متأثرة قطعًا,مراجعة قانونية بشرية لكل دراسة استشهدت بهذا الرقم
نظام المعاملات المدنية,301,302,مزاح,كل استشهاد بـ«نظام المعاملات المدنية، المادة (301)» صادر عن المنصة يعرض فعليًا نصّ المادة الرسمية 302,متأثرة قطعًا,مراجعة قانونية بشرية لكل دراسة استشهدت بهذا الرقم
نظام المعاملات المدنية,302,303,مزاح,كل استشهاد بـ«نظام المعاملات المدنية، المادة (302)» صادر عن المنصة يعرض فعليًا نصّ المادة الرسمية 303,متأثرة قطعًا,مراجعة قانونية بشرية لكل دراسة استشهدت بهذا الرقم
نظام المعاملات المدنية,303,304,مزاح,كل استشهاد بـ«نظام المعاملات المدنية، المادة (303)» صادر عن المنصة يعرض فعليًا نصّ المادة الرسمية 304,متأثرة قطعًا,مراجعة قانونية بشرية لكل دراسة استشهدت بهذا الرقم
نظام المعاملات المدنية,304,305,مزاح,كل استشهاد بـ«نظام المعاملات المدنية، المادة (304)» صادر عن المنصة يعرض فعليًا نصّ المادة الرسمية 305,متأثرة قطعًا,مراجعة قانونية بشرية لكل دراسة استشهدت بهذا الرقم
نظام المعاملات المدنية,305,306,مزاح,كل استشهاد بـ«نظام المعاملات المدنية، المادة (305)» صادر عن المنصة يعرض فعليًا نصّ المادة الرسمية 306,متأثرة قطعًا,مراجعة قانونية بشرية لكل دراسة استشهدت بهذا الرقم
نظام المعاملات المدنية,306,307,مزاح,كل استشهاد بـ«نظام المعاملات المدنية، المادة (306)» صادر عن المنصة يعرض فعليًا نصّ المادة الرسمية 307,متأثرة قطعًا,مراجعة قانونية بشرية لكل دراسة استشهدت بهذا الرقم
نظام المعاملات المدنية,307,308,مزاح,كل استشهاد بـ«نظام المعاملات المدنية، المادة (307)» صادر عن المنصة يعرض فعليًا نصّ المادة الرسمية 308,متأثرة قطعًا,مراجعة قانونية بشرية لكل دراسة استشهدت بهذا الرقم
نظام المعاملات المدنية,308,309,مزاح,كل استشهاد بـ«نظام المعاملات المدنية، المادة (308)» صادر عن المنصة يعرض فعليًا نصّ المادة الرسمية 309,متأثرة قطعًا,مراجعة قانونية بشرية لكل دراسة استشهدت بهذا الرقم
نظام المعاملات المدنية,309,310,مزاح,كل استشهاد بـ«نظام المعاملات المدنية، المادة (309)» صادر عن المنصة يعرض فعليًا نصّ المادة الرسمية 310,متأثرة قطعًا,مراجعة قانونية بشرية لكل دراسة استشهدت بهذا الرقم
نظام المعاملات المدنية,310,311,مزاح,كل استشهاد بـ«نظام المعاملات المدنية، المادة (310)» صادر عن المنصة يعرض فعليًا نصّ المادة الرسمية 311,متأثرة قطعًا,مراجعة قانونية بشرية لكل دراسة استشهدت بهذا الرقم
نظام المعاملات المدنية,311,312,مزاح,كل استشهاد بـ«نظام المعاملات المدنية، المادة (311)» صادر عن المنصة يعرض فعليًا نصّ المادة الرسمية 312,متأثرة قطعًا,مراجعة قانونية بشرية لكل دراسة استشهدت بهذا الرقم
نظام المعاملات المدنية,312,313,مزاح,كل استشهاد بـ«نظام المعاملات المدنية، المادة (312)» صادر عن المنصة يعرض فعليًا نصّ المادة الرسمية 313,متأثرة قطعًا,مراجعة قانونية بشرية لكل دراسة استشهدت بهذا الرقم
نظام المعاملات المدنية,313,314,مزاح,كل استشهاد بـ«نظام المعاملات المدنية، المادة (313)» صادر عن المنصة يعرض فعليًا نصّ المادة الرسمية 314,متأثرة قطعًا,مراجعة قانونية بشرية لكل دراسة استشهدت بهذا الرقم
نظام المعاملات المدنية,314,315,مزاح,كل استشهاد بـ«نظام المعاملات المدنية، المادة (314)» صادر عن المنصة يعرض فعليًا نصّ المادة الرسمية 315,متأثرة قطعًا,مراجعة قانونية بشرية لكل دراسة استشهدت بهذا الرقم
نظام المعاملات المدنية,315,316,مزاح,كل استشهاد بـ«نظام المعاملات المدنية، المادة (315)» صادر عن المنصة يعرض فعليًا نصّ المادة الرسمية 316,متأثرة قطعًا,مراجعة قانونية بشرية لكل دراسة استشهدت بهذا الرقم
نظام المعاملات المدنية,316,317,مزاح,كل استشهاد بـ«نظام المعاملات المدنية، المادة (316)» صادر عن المنصة يعرض فعليًا نصّ المادة الرسمية 317,متأثرة قطعًا,مراجعة قانونية بشرية لكل دراسة استشهدت بهذا الرقم
نظام المعاملات المدنية,317,318,مزاح,كل استشهاد بـ«نظام المعاملات المدنية، المادة (317)» صادر عن المنصة يعرض فعليًا نصّ المادة الرسمية 318,متأثرة قطعًا,مراجعة قانونية بشرية لكل دراسة استشهدت بهذا الرقم
نظام المعاملات المدنية,318,319,مزاح,كل استشهاد بـ«نظام المعاملات المدنية، المادة (318)» صادر عن المنصة يعرض فعليًا نصّ المادة الرسمية 319,متأثرة قطعًا,مراجعة قانونية بشرية لكل دراسة استشهدت بهذا الرقم
نظام المعاملات المدنية,319,320,مزاح,كل استشهاد بـ«نظام المعاملات المدنية، المادة (319)» صادر عن المنصة يعرض فعليًا نصّ المادة الرسمية 320,متأثرة قطعًا,مراجعة قانونية بشرية لكل دراسة استشهدت بهذا الرقم
نظام المعاملات المدنية,320,321,مزاح,كل استشهاد بـ«نظام المعاملات المدنية، المادة (320)» صادر عن المنصة يعرض فعليًا نصّ المادة الرسمية 321,متأثرة قطعًا,مراجعة قانونية بشرية لكل دراسة استشهدت بهذا الرقم
نظام المعاملات المدنية,321,322,مزاح,كل استشهاد بـ«نظام المعاملات المدنية، المادة (321)» صادر عن المنصة يعرض فعليًا نصّ المادة الرسمية 322,متأثرة قطعًا,مراجعة قانونية بشرية لكل دراسة استشهدت بهذا الرقم
نظام المعاملات المدنية,322,323,مزاح,كل استشهاد بـ«نظام المعاملات المدنية، المادة (322)» صادر عن المنصة يعرض فعليًا نصّ المادة الرسمية 323,متأثرة قطعًا,مراجعة قانونية بشرية لكل دراسة استشهدت بهذا الرقم
نظام المعاملات المدنية,323,324,مزاح,كل استشهاد بـ«نظام المعاملات المدنية، المادة (323)» صادر عن المنصة يعرض فعليًا نصّ المادة الرسمية 324,متأثرة قطعًا,مراجعة قانونية بشرية لكل دراسة استشهدت بهذا الرقم
نظام المعاملات المدنية,324,325,مزاح,كل استشهاد بـ«نظام المعاملات المدنية، المادة (324)» صادر عن المنصة يعرض فعليًا نصّ المادة الرسمية 325,متأثرة قطعًا,مراجعة قانونية بشرية لكل دراسة استشهدت بهذا الرقم
نظام المعاملات المدنية,325,326,مزاح,كل استشهاد بـ«نظام المعاملات المدنية، المادة (325)» صادر عن المنصة يعرض فعليًا نصّ المادة الرسمية 326,متأثرة قطعًا,مراجعة قانونية بشرية لكل دراسة استشهدت بهذا الرقم
نظام المعاملات المدنية,326,327,مزاح,كل استشهاد بـ«نظام المعاملات المدنية، المادة (326)» صادر عن المنصة يعرض فعليًا نصّ المادة الرسمية 327,متأثرة قطعًا,مراجعة قانونية بشرية لكل دراسة استشهدت بهذا الرقم
نظام المعاملات المدنية,327,328,مزاح,كل استشهاد بـ«نظام المعاملات المدنية، المادة (327)» صادر عن المنصة يعرض فعليًا نصّ المادة الرسمية 328,متأثرة قطعًا,مراجعة قانونية بشرية لكل دراسة استشهدت بهذا الرقم
نظام المعاملات المدنية,328,329,مزاح,كل استشهاد بـ«نظام المعاملات المدنية، المادة (328)» صادر عن المنصة يعرض فعليًا نصّ المادة الرسمية 329,متأثرة قطعًا,مراجعة قانونية بشرية لكل دراسة استشهدت بهذا الرقم
نظام المعاملات المدنية,329,330,مزاح,كل استشهاد بـ«نظام المعاملات المدنية، المادة (329)» صادر عن المنصة يعرض فعليًا نصّ المادة الرسمية 330,متأثرة قطعًا,مراجعة قانونية بشرية لكل دراسة استشهدت بهذا الرقم
نظام المعاملات المدنية,330,331,مزاح,كل استشهاد بـ«نظام المعاملات المدنية، المادة (330)» صادر عن المنصة يعرض فعليًا نصّ المادة الرسمية 331,متأثرة قطعًا,مراجعة قانونية بشرية لكل دراسة استشهدت بهذا الرقم
نظام المعاملات المدنية,331,332,مزاح,كل استشهاد بـ«نظام المعاملات المدنية، المادة (331)» صادر عن المنصة يعرض فعليًا نصّ المادة الرسمية 332,متأثرة قطعًا,مراجعة قانونية بشرية لكل دراسة استشهدت بهذا الرقم
نظام المعاملات المدنية,332,333,مزاح,كل استشهاد بـ«نظام المعاملات المدنية، المادة (332)» صادر عن المنصة يعرض فعليًا نصّ المادة الرسمية 333,متأثرة قطعًا,مراجعة قانونية بشرية لكل دراسة استشهدت بهذا الرقم
نظام المعاملات المدنية,333,334,مزاح,كل استشهاد بـ«نظام المعاملات المدنية، المادة (333)» صادر عن المنصة يعرض فعليًا نصّ المادة الرسمية 334,متأثرة قطعًا,مراجعة قانونية بشرية لكل دراسة استشهدت بهذا الرقم
نظام المعاملات المدنية,334,335,مزاح,كل استشهاد بـ«نظام المعاملات المدنية، المادة (334)» صادر عن المنصة يعرض فعليًا نصّ المادة الرسمية 335,متأثرة قطعًا,مراجعة قانونية بشرية لكل دراسة استشهدت بهذا الرقم
نظام المعاملات المدنية,335,336,مزاح,كل استشهاد بـ«نظام المعاملات المدنية، المادة (335)» صادر عن المنصة يعرض فعليًا نصّ المادة الرسمية 336,متأثرة قطعًا,مراجعة قانونية بشرية لكل دراسة استشهدت بهذا الرقم
نظام المعاملات المدنية,336,337,مزاح,كل استشهاد بـ«نظام المعاملات المدنية، المادة (336)» صادر عن المنصة يعرض فعليًا نصّ المادة الرسمية 337,متأثرة قطعًا,مراجعة قانونية بشرية لكل دراسة استشهدت بهذا الرقم
نظام المعاملات المدنية,337,338,مزاح,كل استشهاد بـ«نظام المعاملات المدنية، المادة (337)» صادر عن المنصة يعرض فعليًا نصّ المادة الرسمية 338,متأثرة قطعًا,مراجعة قانونية بشرية لكل دراسة استشهدت بهذا الرقم
نظام المعاملات المدنية,338,339,مزاح,كل استشهاد بـ«نظام المعاملات المدنية، المادة (338)» صادر عن المنصة يعرض فعليًا نصّ المادة الرسمية 339,متأثرة قطعًا,مراجعة قانونية بشرية لكل دراسة استشهدت بهذا الرقم
نظام المعاملات المدنية,339,340,مزاح,كل استشهاد بـ«نظام المعاملات المدنية، المادة (339)» صادر عن المنصة يعرض فعليًا نصّ المادة الرسمية 340,متأثرة قطعًا,مراجعة قانونية بشرية لكل دراسة استشهدت بهذا الرقم
نظام المعاملات المدنية,340,341,مزاح,كل استشهاد بـ«نظام المعاملات المدنية، المادة (340)» صادر عن المنصة يعرض فعليًا نصّ المادة الرسمية 341,متأثرة قطعًا,مراجعة قانونية بشرية لكل دراسة استشهدت بهذا الرقم
نظام المعاملات المدنية,341,342,مزاح,كل استشهاد بـ«نظام المعاملات المدنية، المادة (341)» صادر عن المنصة يعرض فعليًا نصّ المادة الرسمية 342,متأثرة قطعًا,مراجعة قانونية بشرية لكل دراسة استشهدت بهذا الرقم
نظام المعاملات المدنية,342,343,مزاح,كل استشهاد بـ«نظام المعاملات المدنية، المادة (342)» صادر عن المنصة يعرض فعليًا نصّ المادة الرسمية 343,متأثرة قطعًا,مراجعة قانونية بشرية لكل دراسة استشهدت بهذا الرقم
نظام المعاملات المدنية,343,344,مزاح,كل استشهاد بـ«نظام المعاملات المدنية، المادة (343)» صادر عن المنصة يعرض فعليًا نصّ المادة الرسمية 344,متأثرة قطعًا,مراجعة قانونية بشرية لكل دراسة استشهدت بهذا الرقم
نظام المعاملات المدنية,344,345,مزاح,كل استشهاد بـ«نظام المعاملات المدنية، المادة (344)» صادر عن المنصة يعرض فعليًا نصّ المادة الرسمية 345,متأثرة قطعًا,مراجعة قانونية بشرية لكل دراسة استشهدت بهذا الرقم
نظام المعاملات المدنية,345,346,مزاح,كل استشهاد بـ«نظام المعاملات المدنية، المادة (345)» صادر عن المنصة يعرض فعليًا نصّ المادة الرسمية 346,متأثرة قطعًا,مراجعة قانونية بشرية لكل دراسة استشهدت بهذا الرقم
نظام المعاملات المدنية,346,347,مزاح,كل استشهاد بـ«نظام المعاملات المدنية، المادة (346)» صادر عن المنصة يعرض فعليًا نصّ المادة الرسمية 347,متأثرة قطعًا,مراجعة قانونية بشرية لكل دراسة استشهدت بهذا الرقم
نظام المعاملات المدنية,347,348,مزاح,كل استشهاد بـ«نظام المعاملات المدنية، المادة (347)» صادر عن المنصة يعرض فعليًا نصّ المادة الرسمية 348,متأثرة قطعًا,مراجعة قانونية بشرية لكل دراسة استشهدت بهذا الرقم
نظام المعاملات المدنية,348,349,مزاح,كل استشهاد بـ«نظام المعاملات المدنية، المادة (348)» صادر عن المنصة يعرض فعليًا نصّ المادة الرسمية 349,متأثرة قطعًا,مراجعة قانونية بشرية لكل دراسة استشهدت بهذا الرقم
نظام المعاملات المدنية,349,350,مزاح,كل استشهاد بـ«نظام المعاملات المدنية، المادة (349)» صادر عن المنصة يعرض فعليًا نصّ المادة الرسمية 350,متأثرة قطعًا,مراجعة قانونية بشرية لكل دراسة استشهدت بهذا الرقم
نظام المعاملات المدنية,350,351,مزاح,كل استشهاد بـ«نظام المعاملات المدنية، المادة (350)» صادر عن المنصة يعرض فعليًا نصّ المادة الرسمية 351,متأثرة قطعًا,مراجعة قانونية بشرية لكل دراسة استشهدت بهذا الرقم
نظام المعاملات المدنية,351,352,مزاح,كل استشهاد بـ«نظام المعاملات المدنية، المادة (351)» صادر عن المنصة يعرض فعليًا نصّ المادة الرسمية 352,متأثرة قطعًا,مراجعة قانونية بشرية لكل دراسة استشهدت بهذا الرقم
نظام المعاملات المدنية,352,353,مزاح,كل استشهاد بـ«نظام المعاملات المدنية، المادة (352)» صادر عن المنصة يعرض فعليًا نصّ المادة الرسمية 353,متأثرة قطعًا,مراجعة قانونية بشرية لكل دراسة استشهدت بهذا الرقم
نظام المعاملات المدنية,353,354,مزاح,كل استشهاد بـ«نظام المعاملات المدنية، المادة (353)» صادر عن المنصة يعرض فعليًا نصّ المادة الرسمية 354,متأثرة قطعًا,مراجعة قانونية بشرية لكل دراسة استشهدت بهذا الرقم
نظام المعاملات المدنية,354,355,مزاح,كل استشهاد بـ«نظام المعاملات المدنية، المادة (354)» صادر عن المنصة يعرض فعليًا نصّ المادة الرسمية 355,متأثرة قطعًا,مراجعة قانونية بشرية لكل دراسة استشهدت بهذا الرقم
نظام المعاملات المدنية,355,356,مزاح,كل استشهاد بـ«نظام المعاملات المدنية، المادة (355)» صادر عن المنصة يعرض فعليًا نصّ المادة الرسمية 356,متأثرة قطعًا,مراجعة قانونية بشرية لكل دراسة استشهدت بهذا الرقم
نظام المعاملات المدنية,356,357,مزاح,كل استشهاد بـ«نظام المعاملات المدنية، المادة (356)» صادر عن المنصة يعرض فعليًا نصّ المادة الرسمية 357,متأثرة قطعًا,مراجعة قانونية بشرية لكل دراسة استشهدت بهذا الرقم
نظام المعاملات المدنية,357,358,مزاح,كل استشهاد بـ«نظام المعاملات المدنية، المادة (357)» صادر عن المنصة يعرض فعليًا نصّ المادة الرسمية 358,متأثرة قطعًا,مراجعة قانونية بشرية لكل دراسة استشهدت بهذا الرقم
نظام المعاملات المدنية,358,359,مزاح,كل استشهاد بـ«نظام المعاملات المدنية، المادة (358)» صادر عن المنصة يعرض فعليًا نصّ المادة الرسمية 359,متأثرة قطعًا,مراجعة قانونية بشرية لكل دراسة استشهدت بهذا الرقم
نظام المعاملات المدنية,359,360,مزاح,كل استشهاد بـ«نظام المعاملات المدنية، المادة (359)» صادر عن المنصة يعرض فعليًا نصّ المادة الرسمية 360,متأثرة قطعًا,مراجعة قانونية بشرية لكل دراسة استشهدت بهذا الرقم
نظام المعاملات المدنية,360,361,مزاح,كل استشهاد بـ«نظام المعاملات المدنية، المادة (360)» صادر عن المنصة يعرض فعليًا نصّ المادة الرسمية 361,متأثرة قطعًا,مراجعة قانونية بشرية لكل دراسة استشهدت بهذا الرقم
نظام المعاملات المدنية,361,362,مزاح,كل استشهاد بـ«نظام المعاملات المدنية، المادة (361)» صادر عن المنصة يعرض فعليًا نصّ المادة الرسمية 362,متأثرة قطعًا,مراجعة قانونية بشرية لكل دراسة استشهدت بهذا الرقم
نظام المعاملات المدنية,362,363,مزاح,كل استشهاد بـ«نظام المعاملات المدنية، المادة (362)» صادر عن المنصة يعرض فعليًا نصّ المادة الرسمية 363,متأثرة قطعًا,مراجعة قانونية بشرية لكل دراسة استشهدت بهذا الرقم
نظام المعاملات المدنية,363,364,مزاح,كل استشهاد بـ«نظام المعاملات المدنية، المادة (363)» صادر عن المنصة يعرض فعليًا نصّ المادة الرسمية 364,متأثرة قطعًا,مراجعة قانونية بشرية لكل دراسة استشهدت بهذا الرقم
نظام المعاملات المدنية,364,365,مزاح,كل استشهاد بـ«نظام المعاملات المدنية، المادة (364)» صادر عن المنصة يعرض فعليًا نصّ المادة الرسمية 365,متأثرة قطعًا,مراجعة قانونية بشرية لكل دراسة استشهدت بهذا الرقم
نظام المعاملات المدنية,365,366,مزاح,كل استشهاد بـ«نظام المعاملات المدنية، المادة (365)» صادر عن المنصة يعرض فعليًا نصّ المادة الرسمية 366,متأثرة قطعًا,مراجعة قانونية بشرية لكل دراسة استشهدت بهذا الرقم
نظام المعاملات المدنية,366,367,مزاح,كل استشهاد بـ«نظام المعاملات المدنية، المادة (366)» صادر عن المنصة يعرض فعليًا نصّ المادة الرسمية 367,متأثرة قطعًا,مراجعة قانونية بشرية لكل دراسة استشهدت بهذا الرقم
نظام المعاملات المدنية,367,368,مزاح,كل استشهاد بـ«نظام المعاملات المدنية، المادة (367)» صادر عن المنصة يعرض فعليًا نصّ المادة الرسمية 368,متأثرة قطعًا,مراجعة قانونية بشرية لكل دراسة استشهدت بهذا الرقم
نظام المعاملات المدنية,368,369,مزاح,كل استشهاد بـ«نظام المعاملات المدنية، المادة (368)» صادر عن المنصة يعرض فعليًا نصّ المادة الرسمية 369,متأثرة قطعًا,مراجعة قانونية بشرية لكل دراسة استشهدت بهذا الرقم
نظام المعاملات المدنية,369,370,مزاح,كل استشهاد بـ«نظام المعاملات المدنية، المادة (369)» صادر عن المنصة يعرض فعليًا نصّ المادة الرسمية 370,متأثرة قطعًا,مراجعة قانونية بشرية لكل دراسة استشهدت بهذا الرقم
نظام المعاملات المدنية,370,371,مزاح,كل استشهاد بـ«نظام المعاملات المدنية، المادة (370)» صادر عن المنصة يعرض فعليًا نصّ المادة الرسمية 371,متأثرة قطعًا,مراجعة قانونية بشرية لكل دراسة استشهدت بهذا الرقم
نظام المعاملات المدنية,371,372,مزاح,كل استشهاد بـ«نظام المعاملات المدنية، المادة (371)» صادر عن المنصة يعرض فعليًا نصّ المادة الرسمية 372,متأثرة قطعًا,مراجعة قانونية بشرية لكل دراسة استشهدت بهذا الرقم
نظام المعاملات المدنية,372,373,مزاح,كل استشهاد بـ«نظام المعاملات المدنية، المادة (372)» صادر عن المنصة يعرض فعليًا نصّ المادة الرسمية 373,متأثرة قطعًا,مراجعة قانونية بشرية لكل دراسة استشهدت بهذا الرقم
نظام المعاملات المدنية,373,374,مزاح,كل استشهاد بـ«نظام المعاملات المدنية، المادة (373)» صادر عن المنصة يعرض فعليًا نصّ المادة الرسمية 374,متأثرة قطعًا,مراجعة قانونية بشرية لكل دراسة استشهدت بهذا الرقم
نظام المعاملات المدنية,374,375,مزاح,كل استشهاد بـ«نظام المعاملات المدنية، المادة (374)» صادر عن المنصة يعرض فعليًا نصّ المادة الرسمية 375,متأثرة قطعًا,مراجعة قانونية بشرية لكل دراسة استشهدت بهذا الرقم
نظام المعاملات المدنية,375,376,مزاح,كل استشهاد بـ«نظام المعاملات المدنية، المادة (375)» صادر عن المنصة يعرض فعليًا نصّ المادة الرسمية 376,متأثرة قطعًا,مراجعة قانونية بشرية لكل دراسة استشهدت بهذا الرقم
نظام المعاملات المدنية,376,377,مزاح,كل استشهاد بـ«نظام المعاملات المدنية، المادة (376)» صادر عن المنصة يعرض فعليًا نصّ المادة الرسمية 377,متأثرة قطعًا,مراجعة قانونية بشرية لكل دراسة استشهدت بهذا الرقم
نظام المعاملات المدنية,377,378,مزاح,كل استشهاد بـ«نظام المعاملات المدنية، المادة (377)» صادر عن المنصة يعرض فعليًا نصّ المادة الرسمية 378,متأثرة قطعًا,مراجعة قانونية بشرية لكل دراسة استشهدت بهذا الرقم
نظام المعاملات المدنية,378,379,مزاح,كل استشهاد بـ«نظام المعاملات المدنية، المادة (378)» صادر عن المنصة يعرض فعليًا نصّ المادة الرسمية 379,متأثرة قطعًا,مراجعة قانونية بشرية لكل دراسة استشهدت بهذا الرقم
نظام المعاملات المدنية,379,380,مزاح,كل استشهاد بـ«نظام المعاملات المدنية، المادة (379)» صادر عن المنصة يعرض فعليًا نصّ المادة الرسمية 380,متأثرة قطعًا,مراجعة قانونية بشرية لكل دراسة استشهدت بهذا الرقم
نظام المعاملات المدنية,380,381,مزاح,كل استشهاد بـ«نظام المعاملات المدنية، المادة (380)» صادر عن المنصة يعرض فعليًا نصّ المادة الرسمية 381,متأثرة قطعًا,مراجعة قانونية بشرية لكل دراسة استشهدت بهذا الرقم
نظام المعاملات المدنية,381,382,مزاح,كل استشهاد بـ«نظام المعاملات المدنية، المادة (381)» صادر عن المنصة يعرض فعليًا نصّ المادة الرسمية 382,متأثرة قطعًا,مراجعة قانونية بشرية لكل دراسة استشهدت بهذا الرقم
نظام المعاملات المدنية,382,383,مزاح,كل استشهاد بـ«نظام المعاملات المدنية، المادة (382)» صادر عن المنصة يعرض فعليًا نصّ المادة الرسمية 383,متأثرة قطعًا,مراجعة قانونية بشرية لكل دراسة استشهدت بهذا الرقم
نظام المعاملات المدنية,383,384,مزاح,كل استشهاد بـ«نظام المعاملات المدنية، المادة (383)» صادر عن المنصة يعرض فعليًا نصّ المادة الرسمية 384,متأثرة قطعًا,مراجعة قانونية بشرية لكل دراسة استشهدت بهذا الرقم
نظام المعاملات المدنية,384,385,مزاح,كل استشهاد بـ«نظام المعاملات المدنية، المادة (384)» صادر عن المنصة يعرض فعليًا نصّ المادة الرسمية 385,متأثرة قطعًا,مراجعة قانونية بشرية لكل دراسة استشهدت بهذا الرقم
نظام المعاملات المدنية,385,386,مزاح,كل استشهاد بـ«نظام المعاملات المدنية، المادة (385)» صادر عن المنصة يعرض فعليًا نصّ المادة الرسمية 386,متأثرة قطعًا,مراجعة قانونية بشرية لكل دراسة استشهدت بهذا الرقم
نظام المعاملات المدنية,386,387,مزاح,كل استشهاد بـ«نظام المعاملات المدنية، المادة (386)» صادر عن المنصة يعرض فعليًا نصّ المادة الرسمية 387,متأثرة قطعًا,مراجعة قانونية بشرية لكل دراسة استشهدت بهذا الرقم
نظام المعاملات المدنية,387,388,مزاح,كل استشهاد بـ«نظام المعاملات المدنية، المادة (387)» صادر عن المنصة يعرض فعليًا نصّ المادة الرسمية 388,متأثرة قطعًا,مراجعة قانونية بشرية لكل دراسة استشهدت بهذا الرقم
نظام المعاملات المدنية,388,389,مزاح,كل استشهاد بـ«نظام المعاملات المدنية، المادة (388)» صادر عن المنصة يعرض فعليًا نصّ المادة الرسمية 389,متأثرة قطعًا,مراجعة قانونية بشرية لكل دراسة استشهدت بهذا الرقم
نظام المعاملات المدنية,389,390,مزاح,كل استشهاد بـ«نظام المعاملات المدنية، المادة (389)» صادر عن المنصة يعرض فعليًا نصّ المادة الرسمية 390,متأثرة قطعًا,مراجعة قانونية بشرية لكل دراسة استشهدت بهذا الرقم
نظام المعاملات المدنية,390,391,مزاح,كل استشهاد بـ«نظام المعاملات المدنية، المادة (390)» صادر عن المنصة يعرض فعليًا نصّ المادة الرسمية 391,متأثرة قطعًا,مراجعة قانونية بشرية لكل دراسة استشهدت بهذا الرقم
نظام المعاملات المدنية,391,392,مزاح,كل استشهاد بـ«نظام المعاملات المدنية، المادة (391)» صادر عن المنصة يعرض فعليًا نصّ المادة الرسمية 392,متأثرة قطعًا,مراجعة قانونية بشرية لكل دراسة استشهدت بهذا الرقم
نظام المعاملات المدنية,392,393,مزاح,كل استشهاد بـ«نظام المعاملات المدنية، المادة (392)» صادر عن المنصة يعرض فعليًا نصّ المادة الرسمية 393,متأثرة قطعًا,مراجعة قانونية بشرية لكل دراسة استشهدت بهذا الرقم
نظام المعاملات المدنية,393,394,مزاح,كل استشهاد بـ«نظام المعاملات المدنية، المادة (393)» صادر عن المنصة يعرض فعليًا نصّ المادة الرسمية 394,متأثرة قطعًا,مراجعة قانونية بشرية لكل دراسة استشهدت بهذا الرقم
نظام المعاملات المدنية,394,395,مزاح,كل استشهاد بـ«نظام المعاملات المدنية، المادة (394)» صادر عن المنصة يعرض فعليًا نصّ المادة الرسمية 395,متأثرة قطعًا,مراجعة قانونية بشرية لكل دراسة استشهدت بهذا الرقم
نظام المعاملات المدنية,395,396,مزاح,كل استشهاد بـ«نظام المعاملات المدنية، المادة (395)» صادر عن المنصة يعرض فعليًا نصّ المادة الرسمية 396,متأثرة قطعًا,مراجعة قانونية بشرية لكل دراسة استشهدت بهذا الرقم
نظام المعاملات المدنية,396,397,مزاح,كل استشهاد بـ«نظام المعاملات المدنية، المادة (396)» صادر عن المنصة يعرض فعليًا نصّ المادة الرسمية 397,متأثرة قطعًا,مراجعة قانونية بشرية لكل دراسة استشهدت بهذا الرقم
نظام المعاملات المدنية,397,398,مزاح,كل استشهاد بـ«نظام المعاملات المدنية، المادة (397)» صادر عن المنصة يعرض فعليًا نصّ المادة الرسمية 398,متأثرة قطعًا,مراجعة قانونية بشرية لكل دراسة استشهدت بهذا الرقم
نظام المعاملات المدنية,398,399,مزاح,كل استشهاد بـ«نظام المعاملات المدنية، المادة (398)» صادر عن المنصة يعرض فعليًا نصّ المادة الرسمية 399,متأثرة قطعًا,مراجعة قانونية بشرية لكل دراسة استشهدت بهذا الرقم
نظام المعاملات المدنية,399,400,مزاح,كل استشهاد بـ«نظام المعاملات المدنية، المادة (399)» صادر عن المنصة يعرض فعليًا نصّ المادة الرسمية 400,متأثرة قطعًا,مراجعة قانونية بشرية لكل دراسة استشهدت بهذا الرقم
نظام المعاملات المدنية,400,401,مزاح,كل استشهاد بـ«نظام المعاملات المدنية، المادة (400)» صادر عن المنصة يعرض فعليًا نصّ المادة الرسمية 401,متأثرة قطعًا,مراجعة قانونية بشرية لكل دراسة استشهدت بهذا الرقم
نظام المعاملات المدنية,401,402,مزاح,كل استشهاد بـ«نظام المعاملات المدنية، المادة (401)» صادر عن المنصة يعرض فعليًا نصّ المادة الرسمية 402,متأثرة قطعًا,مراجعة قانونية بشرية لكل دراسة استشهدت بهذا الرقم
نظام المعاملات المدنية,402,403,مزاح,كل استشهاد بـ«نظام المعاملات المدنية، المادة (402)» صادر عن المنصة يعرض فعليًا نصّ المادة الرسمية 403,متأثرة قطعًا,مراجعة قانونية بشرية لكل دراسة استشهدت بهذا الرقم
نظام المعاملات المدنية,403,404,مزاح,كل استشهاد بـ«نظام المعاملات المدنية، المادة (403)» صادر عن المنصة يعرض فعليًا نصّ المادة الرسمية 404,متأثرة قطعًا,مراجعة قانونية بشرية لكل دراسة استشهدت بهذا الرقم
نظام المعاملات المدنية,404,405,مزاح,كل استشهاد بـ«نظام المعاملات المدنية، المادة (404)» صادر عن المنصة يعرض فعليًا نصّ المادة الرسمية 405,متأثرة قطعًا,مراجعة قانونية بشرية لكل دراسة استشهدت بهذا الرقم
نظام المعاملات المدنية,405,406,مزاح,كل استشهاد بـ«نظام المعاملات المدنية، المادة (405)» صادر عن المنصة يعرض فعليًا نصّ المادة الرسمية 406,متأثرة قطعًا,مراجعة قانونية بشرية لكل دراسة استشهدت بهذا الرقم
نظام المعاملات المدنية,406,407,مزاح,كل استشهاد بـ«نظام المعاملات المدنية، المادة (406)» صادر عن المنصة يعرض فعليًا نصّ المادة الرسمية 407,متأثرة قطعًا,مراجعة قانونية بشرية لكل دراسة استشهدت بهذا الرقم
نظام المعاملات المدنية,407,408,مزاح,كل استشهاد بـ«نظام المعاملات المدنية، المادة (407)» صادر عن المنصة يعرض فعليًا نصّ المادة الرسمية 408,متأثرة قطعًا,مراجعة قانونية بشرية لكل دراسة استشهدت بهذا الرقم
نظام المعاملات المدنية,408,409,مزاح,كل استشهاد بـ«نظام المعاملات المدنية، المادة (408)» صادر عن المنصة يعرض فعليًا نصّ المادة الرسمية 409,متأثرة قطعًا,مراجعة قانونية بشرية لكل دراسة استشهدت بهذا الرقم
نظام المعاملات المدنية,409,410,مزاح,كل استشهاد بـ«نظام المعاملات المدنية، المادة (409)» صادر عن المنصة يعرض فعليًا نصّ المادة الرسمية 410,متأثرة قطعًا,مراجعة قانونية بشرية لكل دراسة استشهدت بهذا الرقم
نظام المعاملات المدنية,410,411,مزاح,كل استشهاد بـ«نظام المعاملات المدنية، المادة (410)» صادر عن المنصة يعرض فعليًا نصّ المادة الرسمية 411,متأثرة قطعًا,مراجعة قانونية بشرية لكل دراسة استشهدت بهذا الرقم
نظام المعاملات المدنية,411,412,مزاح,كل استشهاد بـ«نظام المعاملات المدنية، المادة (411)» صادر عن المنصة يعرض فعليًا نصّ المادة الرسمية 412,متأثرة قطعًا,مراجعة قانونية بشرية لكل دراسة استشهدت بهذا الرقم
نظام المعاملات المدنية,412,413,مزاح,كل استشهاد بـ«نظام المعاملات المدنية، المادة (412)» صادر عن المنصة يعرض فعليًا نصّ المادة الرسمية 413,متأثرة قطعًا,مراجعة قانونية بشرية لكل دراسة استشهدت بهذا الرقم
نظام المعاملات المدنية,413,414,مزاح,كل استشهاد بـ«نظام المعاملات المدنية، المادة (413)» صادر عن المنصة يعرض فعليًا نصّ المادة الرسمية 414,متأثرة قطعًا,مراجعة قانونية بشرية لكل دراسة استشهدت بهذا الرقم
نظام المعاملات المدنية,414,415,مزاح,كل استشهاد بـ«نظام المعاملات المدنية، المادة (414)» صادر عن المنصة يعرض فعليًا نصّ المادة الرسمية 415,متأثرة قطعًا,مراجعة قانونية بشرية لكل دراسة استشهدت بهذا الرقم
نظام المعاملات المدنية,415,416,مزاح,كل استشهاد بـ«نظام المعاملات المدنية، المادة (415)» صادر عن المنصة يعرض فعليًا نصّ المادة الرسمية 416,متأثرة قطعًا,مراجعة قانونية بشرية لكل دراسة استشهدت بهذا الرقم
نظام المعاملات المدنية,416,417,مزاح,كل استشهاد بـ«نظام المعاملات المدنية، المادة (416)» صادر عن المنصة يعرض فعليًا نصّ المادة الرسمية 417,متأثرة قطعًا,مراجعة قانونية بشرية لكل دراسة استشهدت بهذا الرقم
نظام المعاملات المدنية,417,418,مزاح,كل استشهاد بـ«نظام المعاملات المدنية، المادة (417)» صادر عن المنصة يعرض فعليًا نصّ المادة الرسمية 418,متأثرة قطعًا,مراجعة قانونية بشرية لكل دراسة استشهدت بهذا الرقم
نظام المعاملات المدنية,418,419,مزاح,كل استشهاد بـ«نظام المعاملات المدنية، المادة (418)» صادر عن المنصة يعرض فعليًا نصّ المادة الرسمية 419,متأثرة قطعًا,مراجعة قانونية بشرية لكل دراسة استشهدت بهذا الرقم
نظام المعاملات المدنية,419,420,مزاح,كل استشهاد بـ«نظام المعاملات المدنية، المادة (419)» صادر عن المنصة يعرض فعليًا نصّ المادة الرسمية 420,متأثرة قطعًا,مراجعة قانونية بشرية لكل دراسة استشهدت بهذا الرقم
نظام المعاملات المدنية,420,421,مزاح,كل استشهاد بـ«نظام المعاملات المدنية، المادة (420)» صادر عن المنصة يعرض فعليًا نصّ المادة الرسمية 421,متأثرة قطعًا,مراجعة قانونية بشرية لكل دراسة استشهدت بهذا الرقم
نظام المعاملات المدنية,421,422,مزاح,كل استشهاد بـ«نظام المعاملات المدنية، المادة (421)» صادر عن المنصة يعرض فعليًا نصّ المادة الرسمية 422,متأثرة قطعًا,مراجعة قانونية بشرية لكل دراسة استشهدت بهذا الرقم
نظام المعاملات المدنية,422,423,مزاح,كل استشهاد بـ«نظام المعاملات المدنية، المادة (422)» صادر عن المنصة يعرض فعليًا نصّ المادة الرسمية 423,متأثرة قطعًا,مراجعة قانونية بشرية لكل دراسة استشهدت بهذا الرقم
نظام المعاملات المدنية,423,424,مزاح,كل استشهاد بـ«نظام المعاملات المدنية، المادة (423)» صادر عن المنصة يعرض فعليًا نصّ المادة الرسمية 424,متأثرة قطعًا,مراجعة قانونية بشرية لكل دراسة استشهدت بهذا الرقم
نظام المعاملات المدنية,424,425,مزاح,كل استشهاد بـ«نظام المعاملات المدنية، المادة (424)» صادر عن المنصة يعرض فعليًا نصّ المادة الرسمية 425,متأثرة قطعًا,مراجعة قانونية بشرية لكل دراسة استشهدت بهذا الرقم
نظام المعاملات المدنية,425,426,مزاح,كل استشهاد بـ«نظام المعاملات المدنية، المادة (425)» صادر عن المنصة يعرض فعليًا نصّ المادة الرسمية 426,متأثرة قطعًا,مراجعة قانونية بشرية لكل دراسة استشهدت بهذا الرقم
نظام المعاملات المدنية,426,427,مزاح,كل استشهاد بـ«نظام المعاملات المدنية، المادة (426)» صادر عن المنصة يعرض فعليًا نصّ المادة الرسمية 427,متأثرة قطعًا,مراجعة قانونية بشرية لكل دراسة استشهدت بهذا الرقم
نظام المعاملات المدنية,427,428,مزاح,كل استشهاد بـ«نظام المعاملات المدنية، المادة (427)» صادر عن المنصة يعرض فعليًا نصّ المادة الرسمية 428,متأثرة قطعًا,مراجعة قانونية بشرية لكل دراسة استشهدت بهذا الرقم
نظام المعاملات المدنية,428,429,مزاح,كل استشهاد بـ«نظام المعاملات المدنية، المادة (428)» صادر عن المنصة يعرض فعليًا نصّ المادة الرسمية 429,متأثرة قطعًا,مراجعة قانونية بشرية لكل دراسة استشهدت بهذا الرقم
نظام المعاملات المدنية,429,430,مزاح,كل استشهاد بـ«نظام المعاملات المدنية، المادة (429)» صادر عن المنصة يعرض فعليًا نصّ المادة الرسمية 430,متأثرة قطعًا,مراجعة قانونية بشرية لكل دراسة استشهدت بهذا الرقم
نظام المعاملات المدنية,430,431,مزاح,كل استشهاد بـ«نظام المعاملات المدنية، المادة (430)» صادر عن المنصة يعرض فعليًا نصّ المادة الرسمية 431,متأثرة قطعًا,مراجعة قانونية بشرية لكل دراسة استشهدت بهذا الرقم
نظام المعاملات المدنية,431,432,مزاح,كل استشهاد بـ«نظام المعاملات المدنية، المادة (431)» صادر عن المنصة يعرض فعليًا نصّ المادة الرسمية 432,متأثرة قطعًا,مراجعة قانونية بشرية لكل دراسة استشهدت بهذا الرقم
نظام المعاملات المدنية,432,433,مزاح,كل استشهاد بـ«نظام المعاملات المدنية، المادة (432)» صادر عن المنصة يعرض فعليًا نصّ المادة الرسمية 433,متأثرة قطعًا,مراجعة قانونية بشرية لكل دراسة استشهدت بهذا الرقم
نظام المعاملات المدنية,433,434,مزاح,كل استشهاد بـ«نظام المعاملات المدنية، المادة (433)» صادر عن المنصة يعرض فعليًا نصّ المادة الرسمية 434,متأثرة قطعًا,مراجعة قانونية بشرية لكل دراسة استشهدت بهذا الرقم
نظام المعاملات المدنية,434,435,مزاح,كل استشهاد بـ«نظام المعاملات المدنية، المادة (434)» صادر عن المنصة يعرض فعليًا نصّ المادة الرسمية 435,متأثرة قطعًا,مراجعة قانونية بشرية لكل دراسة استشهدت بهذا الرقم
نظام المعاملات المدنية,435,436,مزاح,كل استشهاد بـ«نظام المعاملات المدنية، المادة (435)» صادر عن المنصة يعرض فعليًا نصّ المادة الرسمية 436,متأثرة قطعًا,مراجعة قانونية بشرية لكل دراسة استشهدت بهذا الرقم
نظام المعاملات المدنية,436,437,مزاح,كل استشهاد بـ«نظام المعاملات المدنية، المادة (436)» صادر عن المنصة يعرض فعليًا نصّ المادة الرسمية 437,متأثرة قطعًا,مراجعة قانونية بشرية لكل دراسة استشهدت بهذا الرقم
نظام المعاملات المدنية,437,438,مزاح,كل استشهاد بـ«نظام المعاملات المدنية، المادة (437)» صادر عن المنصة يعرض فعليًا نصّ المادة الرسمية 438,متأثرة قطعًا,مراجعة قانونية بشرية لكل دراسة استشهدت بهذا الرقم
نظام المعاملات المدنية,438,439,مزاح,كل استشهاد بـ«نظام المعاملات المدنية، المادة (438)» صادر عن المنصة يعرض فعليًا نصّ المادة الرسمية 439,متأثرة قطعًا,مراجعة قانونية بشرية لكل دراسة استشهدت بهذا الرقم
نظام المعاملات المدنية,439,440,مزاح,كل استشهاد بـ«نظام المعاملات المدنية، المادة (439)» صادر عن المنصة يعرض فعليًا نصّ المادة الرسمية 440,متأثرة قطعًا,مراجعة قانونية بشرية لكل دراسة استشهدت بهذا الرقم
نظام المعاملات المدنية,440,441,مزاح,كل استشهاد بـ«نظام المعاملات المدنية، المادة (440)» صادر عن المنصة يعرض فعليًا نصّ المادة الرسمية 441,متأثرة قطعًا,مراجعة قانونية بشرية لكل دراسة استشهدت بهذا الرقم
نظام المعاملات المدنية,441,442,مزاح,كل استشهاد بـ«نظام المعاملات المدنية، المادة (441)» صادر عن المنصة يعرض فعليًا نصّ المادة الرسمية 442,متأثرة قطعًا,مراجعة قانونية بشرية لكل دراسة استشهدت بهذا الرقم
نظام المعاملات المدنية,442,443,مزاح,كل استشهاد بـ«نظام المعاملات المدنية، المادة (442)» صادر عن المنصة يعرض فعليًا نصّ المادة الرسمية 443,متأثرة قطعًا,مراجعة قانونية بشرية لكل دراسة استشهدت بهذا الرقم
نظام المعاملات المدنية,443,444,مزاح,كل استشهاد بـ«نظام المعاملات المدنية، المادة (443)» صادر عن المنصة يعرض فعليًا نصّ المادة الرسمية 444,متأثرة قطعًا,مراجعة قانونية بشرية لكل دراسة استشهدت بهذا الرقم
نظام المعاملات المدنية,444,445,مزاح,كل استشهاد بـ«نظام المعاملات المدنية، المادة (444)» صادر عن المنصة يعرض فعليًا نصّ المادة الرسمية 445,متأثرة قطعًا,مراجعة قانونية بشرية لكل دراسة استشهدت بهذا الرقم
نظام المعاملات المدنية,445,446,مزاح,كل استشهاد بـ«نظام المعاملات المدنية، المادة (445)» صادر عن المنصة يعرض فعليًا نصّ المادة الرسمية 446,متأثرة قطعًا,مراجعة قانونية بشرية لكل دراسة استشهدت بهذا الرقم
نظام المعاملات المدنية,446,447,مزاح,كل استشهاد بـ«نظام المعاملات المدنية، المادة (446)» صادر عن المنصة يعرض فعليًا نصّ المادة الرسمية 447,متأثرة قطعًا,مراجعة قانونية بشرية لكل دراسة استشهدت بهذا الرقم
نظام المعاملات المدنية,447,448,مزاح,كل استشهاد بـ«نظام المعاملات المدنية، المادة (447)» صادر عن المنصة يعرض فعليًا نصّ المادة الرسمية 448,متأثرة قطعًا,مراجعة قانونية بشرية لكل دراسة استشهدت بهذا الرقم
نظام المعاملات المدنية,448,449,مزاح,كل استشهاد بـ«نظام المعاملات المدنية، المادة (448)» صادر عن المنصة يعرض فعليًا نصّ المادة الرسمية 449,متأثرة قطعًا,مراجعة قانونية بشرية لكل دراسة استشهدت بهذا الرقم
نظام المعاملات المدنية,449,450,مزاح,كل استشهاد بـ«نظام المعاملات المدنية، المادة (449)» صادر عن المنصة يعرض فعليًا نصّ المادة الرسمية 450,متأثرة قطعًا,مراجعة قانونية بشرية لكل دراسة استشهدت بهذا الرقم
نظام المعاملات المدنية,450,451,مزاح,كل استشهاد بـ«نظام المعاملات المدنية، المادة (450)» صادر عن المنصة يعرض فعليًا نصّ المادة الرسمية 451,متأثرة قطعًا,مراجعة قانونية بشرية لكل دراسة استشهدت بهذا الرقم
نظام المعاملات المدنية,451,452,مزاح,كل استشهاد بـ«نظام المعاملات المدنية، المادة (451)» صادر عن المنصة يعرض فعليًا نصّ المادة الرسمية 452,متأثرة قطعًا,مراجعة قانونية بشرية لكل دراسة استشهدت بهذا الرقم
نظام المعاملات المدنية,452,453,مزاح,كل استشهاد بـ«نظام المعاملات المدنية، المادة (452)» صادر عن المنصة يعرض فعليًا نصّ المادة الرسمية 453,متأثرة قطعًا,مراجعة قانونية بشرية لكل دراسة استشهدت بهذا الرقم
نظام المعاملات المدنية,453,454,مزاح,كل استشهاد بـ«نظام المعاملات المدنية، المادة (453)» صادر عن المنصة يعرض فعليًا نصّ المادة الرسمية 454,متأثرة قطعًا,مراجعة قانونية بشرية لكل دراسة استشهدت بهذا الرقم
نظام المعاملات المدنية,454,455,مزاح,كل استشهاد بـ«نظام المعاملات المدنية، المادة (454)» صادر عن المنصة يعرض فعليًا نصّ المادة الرسمية 455,متأثرة قطعًا,مراجعة قانونية بشرية لكل دراسة استشهدت بهذا الرقم
نظام المعاملات المدنية,455,456,مزاح,كل استشهاد بـ«نظام المعاملات المدنية، المادة (455)» صادر عن المنصة يعرض فعليًا نصّ المادة الرسمية 456,متأثرة قطعًا,مراجعة قانونية بشرية لكل دراسة استشهدت بهذا الرقم
نظام المعاملات المدنية,456,457,مزاح,كل استشهاد بـ«نظام المعاملات المدنية، المادة (456)» صادر عن المنصة يعرض فعليًا نصّ المادة الرسمية 457,متأثرة قطعًا,مراجعة قانونية بشرية لكل دراسة استشهدت بهذا الرقم
نظام المعاملات المدنية,457,458,مزاح,كل استشهاد بـ«نظام المعاملات المدنية، المادة (457)» صادر عن المنصة يعرض فعليًا نصّ المادة الرسمية 458,متأثرة قطعًا,مراجعة قانونية بشرية لكل دراسة استشهدت بهذا الرقم
نظام المعاملات المدنية,458,459,مزاح,كل استشهاد بـ«نظام المعاملات المدنية، المادة (458)» صادر عن المنصة يعرض فعليًا نصّ المادة الرسمية 459,متأثرة قطعًا,مراجعة قانونية بشرية لكل دراسة استشهدت بهذا الرقم
نظام المعاملات المدنية,459,460,مزاح,كل استشهاد بـ«نظام المعاملات المدنية، المادة (459)» صادر عن المنصة يعرض فعليًا نصّ المادة الرسمية 460,متأثرة قطعًا,مراجعة قانونية بشرية لكل دراسة استشهدت بهذا الرقم
نظام المعاملات المدنية,460,461,مزاح,كل استشهاد بـ«نظام المعاملات المدنية، المادة (460)» صادر عن المنصة يعرض فعليًا نصّ المادة الرسمية 461,متأثرة قطعًا,مراجعة قانونية بشرية لكل دراسة استشهدت بهذا الرقم
نظام المعاملات المدنية,461,462,مزاح,كل استشهاد بـ«نظام المعاملات المدنية، المادة (461)» صادر عن المنصة يعرض فعليًا نصّ المادة الرسمية 462,متأثرة قطعًا,مراجعة قانونية بشرية لكل دراسة استشهدت بهذا الرقم
نظام المعاملات المدنية,462,463,مزاح,كل استشهاد بـ«نظام المعاملات المدنية، المادة (462)» صادر عن المنصة يعرض فعليًا نصّ المادة الرسمية 463,متأثرة قطعًا,مراجعة قانونية بشرية لكل دراسة استشهدت بهذا الرقم
نظام المعاملات المدنية,463,464,مزاح,كل استشهاد بـ«نظام المعاملات المدنية، المادة (463)» صادر عن المنصة يعرض فعليًا نصّ المادة الرسمية 464,متأثرة قطعًا,مراجعة قانونية بشرية لكل دراسة استشهدت بهذا الرقم
نظام المعاملات المدنية,464,465,مزاح,كل استشهاد بـ«نظام المعاملات المدنية، المادة (464)» صادر عن المنصة يعرض فعليًا نصّ المادة الرسمية 465,متأثرة قطعًا,مراجعة قانونية بشرية لكل دراسة استشهدت بهذا الرقم
نظام المعاملات المدنية,465,466,مزاح,كل استشهاد بـ«نظام المعاملات المدنية، المادة (465)» صادر عن المنصة يعرض فعليًا نصّ المادة الرسمية 466,متأثرة قطعًا,مراجعة قانونية بشرية لكل دراسة استشهدت بهذا الرقم
نظام المعاملات المدنية,466,467,مزاح,كل استشهاد بـ«نظام المعاملات المدنية، المادة (466)» صادر عن المنصة يعرض فعليًا نصّ المادة الرسمية 467,متأثرة قطعًا,مراجعة قانونية بشرية لكل دراسة استشهدت بهذا الرقم
نظام المعاملات المدنية,467,468,مزاح,كل استشهاد بـ«نظام المعاملات المدنية، المادة (467)» صادر عن المنصة يعرض فعليًا نصّ المادة الرسمية 468,متأثرة قطعًا,مراجعة قانونية بشرية لكل دراسة استشهدت بهذا الرقم
نظام المعاملات المدنية,468,469,مزاح,كل استشهاد بـ«نظام المعاملات المدنية، المادة (468)» صادر عن المنصة يعرض فعليًا نصّ المادة الرسمية 469,متأثرة قطعًا,مراجعة قانونية بشرية لكل دراسة استشهدت بهذا الرقم
نظام المعاملات المدنية,469,470,مزاح,كل استشهاد بـ«نظام المعاملات المدنية، المادة (469)» صادر عن المنصة يعرض فعليًا نصّ المادة الرسمية 470,متأثرة قطعًا,مراجعة قانونية بشرية لكل دراسة استشهدت بهذا الرقم
نظام المعاملات المدنية,470,471,مزاح,كل استشهاد بـ«نظام المعاملات المدنية، المادة (470)» صادر عن المنصة يعرض فعليًا نصّ المادة الرسمية 471,متأثرة قطعًا,مراجعة قانونية بشرية لكل دراسة استشهدت بهذا الرقم
نظام المعاملات المدنية,471,472,مزاح,كل استشهاد بـ«نظام المعاملات المدنية، المادة (471)» صادر عن المنصة يعرض فعليًا نصّ المادة الرسمية 472,متأثرة قطعًا,مراجعة قانونية بشرية لكل دراسة استشهدت بهذا الرقم
نظام المعاملات المدنية,472,473,مزاح,كل استشهاد بـ«نظام المعاملات المدنية، المادة (472)» صادر عن المنصة يعرض فعليًا نصّ المادة الرسمية 473,متأثرة قطعًا,مراجعة قانونية بشرية لكل دراسة استشهدت بهذا الرقم
نظام المعاملات المدنية,473,474,مزاح,كل استشهاد بـ«نظام المعاملات المدنية، المادة (473)» صادر عن المنصة يعرض فعليًا نصّ المادة الرسمية 474,متأثرة قطعًا,مراجعة قانونية بشرية لكل دراسة استشهدت بهذا الرقم
نظام المعاملات المدنية,474,475,مزاح,كل استشهاد بـ«نظام المعاملات المدنية، المادة (474)» صادر عن المنصة يعرض فعليًا نصّ المادة الرسمية 475,متأثرة قطعًا,مراجعة قانونية بشرية لكل دراسة استشهدت بهذا الرقم
نظام المعاملات المدنية,475,476,مزاح,كل استشهاد بـ«نظام المعاملات المدنية، المادة (475)» صادر عن المنصة يعرض فعليًا نصّ المادة الرسمية 476,متأثرة قطعًا,مراجعة قانونية بشرية لكل دراسة استشهدت بهذا الرقم
نظام المعاملات المدنية,476,477,مزاح,كل استشهاد بـ«نظام المعاملات المدنية، المادة (476)» صادر عن المنصة يعرض فعليًا نصّ المادة الرسمية 477,متأثرة قطعًا,مراجعة قانونية بشرية لكل دراسة استشهدت بهذا الرقم
نظام المعاملات المدنية,477,478,مزاح,كل استشهاد بـ«نظام المعاملات المدنية، المادة (477)» صادر عن المنصة يعرض فعليًا نصّ المادة الرسمية 478,متأثرة قطعًا,مراجعة قانونية بشرية لكل دراسة استشهدت بهذا الرقم
نظام المعاملات المدنية,478,479,مزاح,كل استشهاد بـ«نظام المعاملات المدنية، المادة (478)» صادر عن المنصة يعرض فعليًا نصّ المادة الرسمية 479,متأثرة قطعًا,مراجعة قانونية بشرية لكل دراسة استشهدت بهذا الرقم
نظام المعاملات المدنية,479,480,مزاح,كل استشهاد بـ«نظام المعاملات المدنية، المادة (479)» صادر عن المنصة يعرض فعليًا نصّ المادة الرسمية 480,متأثرة قطعًا,مراجعة قانونية بشرية لكل دراسة استشهدت بهذا الرقم
نظام المعاملات المدنية,480,481,مزاح,كل استشهاد بـ«نظام المعاملات المدنية، المادة (480)» صادر عن المنصة يعرض فعليًا نصّ المادة الرسمية 481,متأثرة قطعًا,مراجعة قانونية بشرية لكل دراسة استشهدت بهذا الرقم
نظام المعاملات المدنية,481,482,مزاح,كل استشهاد بـ«نظام المعاملات المدنية، المادة (481)» صادر عن المنصة يعرض فعليًا نصّ المادة الرسمية 482,متأثرة قطعًا,مراجعة قانونية بشرية لكل دراسة استشهدت بهذا الرقم
نظام المعاملات المدنية,482,483,مزاح,كل استشهاد بـ«نظام المعاملات المدنية، المادة (482)» صادر عن المنصة يعرض فعليًا نصّ المادة الرسمية 483,متأثرة قطعًا,مراجعة قانونية بشرية لكل دراسة استشهدت بهذا الرقم
نظام المعاملات المدنية,483,484,مزاح,كل استشهاد بـ«نظام المعاملات المدنية، المادة (483)» صادر عن المنصة يعرض فعليًا نصّ المادة الرسمية 484,متأثرة قطعًا,مراجعة قانونية بشرية لكل دراسة استشهدت بهذا الرقم
نظام المعاملات المدنية,484,485,مزاح,كل استشهاد بـ«نظام المعاملات المدنية، المادة (484)» صادر عن المنصة يعرض فعليًا نصّ المادة الرسمية 485,متأثرة قطعًا,مراجعة قانونية بشرية لكل دراسة استشهدت بهذا الرقم
نظام المعاملات المدنية,485,486,مزاح,كل استشهاد بـ«نظام المعاملات المدنية، المادة (485)» صادر عن المنصة يعرض فعليًا نصّ المادة الرسمية 486,متأثرة قطعًا,مراجعة قانونية بشرية لكل دراسة استشهدت بهذا الرقم
نظام المعاملات المدنية,486,487,مزاح,كل استشهاد بـ«نظام المعاملات المدنية، المادة (486)» صادر عن المنصة يعرض فعليًا نصّ المادة الرسمية 487,متأثرة قطعًا,مراجعة قانونية بشرية لكل دراسة استشهدت بهذا الرقم
نظام المعاملات المدنية,487,488,مزاح,كل استشهاد بـ«نظام المعاملات المدنية، المادة (487)» صادر عن المنصة يعرض فعليًا نصّ المادة الرسمية 488,متأثرة قطعًا,مراجعة قانونية بشرية لكل دراسة استشهدت بهذا الرقم
نظام المعاملات المدنية,488,489,مزاح,كل استشهاد بـ«نظام المعاملات المدنية، المادة (488)» صادر عن المنصة يعرض فعليًا نصّ المادة الرسمية 489,متأثرة قطعًا,مراجعة قانونية بشرية لكل دراسة استشهدت بهذا الرقم
نظام المعاملات المدنية,489,490,مزاح,كل استشهاد بـ«نظام المعاملات المدنية، المادة (489)» صادر عن المنصة يعرض فعليًا نصّ المادة الرسمية 490,متأثرة قطعًا,مراجعة قانونية بشرية لكل دراسة استشهدت بهذا الرقم
نظام المعاملات المدنية,490,491,مزاح,كل استشهاد بـ«نظام المعاملات المدنية، المادة (490)» صادر عن المنصة يعرض فعليًا نصّ المادة الرسمية 491,متأثرة قطعًا,مراجعة قانونية بشرية لكل دراسة استشهدت بهذا الرقم
نظام المعاملات المدنية,491,492,مزاح,كل استشهاد بـ«نظام المعاملات المدنية، المادة (491)» صادر عن المنصة يعرض فعليًا نصّ المادة الرسمية 492,متأثرة قطعًا,مراجعة قانونية بشرية لكل دراسة استشهدت بهذا الرقم
نظام المعاملات المدنية,492,493,مزاح,كل استشهاد بـ«نظام المعاملات المدنية، المادة (492)» صادر عن المنصة يعرض فعليًا نصّ المادة الرسمية 493,متأثرة قطعًا,مراجعة قانونية بشرية لكل دراسة استشهدت بهذا الرقم
نظام المعاملات المدنية,493,494,مزاح,كل استشهاد بـ«نظام المعاملات المدنية، المادة (493)» صادر عن المنصة يعرض فعليًا نصّ المادة الرسمية 494,متأثرة قطعًا,مراجعة قانونية بشرية لكل دراسة استشهدت بهذا الرقم
نظام المعاملات المدنية,494,495,مزاح,كل استشهاد بـ«نظام المعاملات المدنية، المادة (494)» صادر عن المنصة يعرض فعليًا نصّ المادة الرسمية 495,متأثرة قطعًا,مراجعة قانونية بشرية لكل دراسة استشهدت بهذا الرقم
نظام المعاملات المدنية,495,496,مزاح,كل استشهاد بـ«نظام المعاملات المدنية، المادة (495)» صادر عن المنصة يعرض فعليًا نصّ المادة الرسمية 496,متأثرة قطعًا,مراجعة قانونية بشرية لكل دراسة استشهدت بهذا الرقم
نظام المعاملات المدنية,496,497,مزاح,كل استشهاد بـ«نظام المعاملات المدنية، المادة (496)» صادر عن المنصة يعرض فعليًا نصّ المادة الرسمية 497,متأثرة قطعًا,مراجعة قانونية بشرية لكل دراسة استشهدت بهذا الرقم
نظام المعاملات المدنية,497,498,مزاح,كل استشهاد بـ«نظام المعاملات المدنية، المادة (497)» صادر عن المنصة يعرض فعليًا نصّ المادة الرسمية 498,متأثرة قطعًا,مراجعة قانونية بشرية لكل دراسة استشهدت بهذا الرقم
نظام المعاملات المدنية,498,499,مزاح,كل استشهاد بـ«نظام المعاملات المدنية، المادة (498)» صادر عن المنصة يعرض فعليًا نصّ المادة الرسمية 499,متأثرة قطعًا,مراجعة قانونية بشرية لكل دراسة استشهدت بهذا الرقم
نظام المعاملات المدنية,499,500,مزاح,كل استشهاد بـ«نظام المعاملات المدنية، المادة (499)» صادر عن المنصة يعرض فعليًا نصّ المادة الرسمية 500,متأثرة قطعًا,مراجعة قانونية بشرية لكل دراسة استشهدت بهذا الرقم
نظام المعاملات المدنية,500,501,مزاح,كل استشهاد بـ«نظام المعاملات المدنية، المادة (500)» صادر عن المنصة يعرض فعليًا نصّ المادة الرسمية 501,متأثرة قطعًا,مراجعة قانونية بشرية لكل دراسة استشهدت بهذا الرقم
نظام المعاملات المدنية,501,502,مزاح,كل استشهاد بـ«نظام المعاملات المدنية، المادة (501)» صادر عن المنصة يعرض فعليًا نصّ المادة الرسمية 502,متأثرة قطعًا,مراجعة قانونية بشرية لكل دراسة استشهدت بهذا الرقم
نظام المعاملات المدنية,502,503,مزاح,كل استشهاد بـ«نظام المعاملات المدنية، المادة (502)» صادر عن المنصة يعرض فعليًا نصّ المادة الرسمية 503,متأثرة قطعًا,مراجعة قانونية بشرية لكل دراسة استشهدت بهذا الرقم
نظام المعاملات المدنية,503,504,مزاح,كل استشهاد بـ«نظام المعاملات المدنية، المادة (503)» صادر عن المنصة يعرض فعليًا نصّ المادة الرسمية 504,متأثرة قطعًا,مراجعة قانونية بشرية لكل دراسة استشهدت بهذا الرقم
نظام المعاملات المدنية,504,505,مزاح,كل استشهاد بـ«نظام المعاملات المدنية، المادة (504)» صادر عن المنصة يعرض فعليًا نصّ المادة الرسمية 505,متأثرة قطعًا,مراجعة قانونية بشرية لكل دراسة استشهدت بهذا الرقم
نظام المعاملات المدنية,505,506,مزاح,كل استشهاد بـ«نظام المعاملات المدنية، المادة (505)» صادر عن المنصة يعرض فعليًا نصّ المادة الرسمية 506,متأثرة قطعًا,مراجعة قانونية بشرية لكل دراسة استشهدت بهذا الرقم
نظام المعاملات المدنية,506,507,مزاح,كل استشهاد بـ«نظام المعاملات المدنية، المادة (506)» صادر عن المنصة يعرض فعليًا نصّ المادة الرسمية 507,متأثرة قطعًا,مراجعة قانونية بشرية لكل دراسة استشهدت بهذا الرقم
نظام المعاملات المدنية,507,508,مزاح,كل استشهاد بـ«نظام المعاملات المدنية، المادة (507)» صادر عن المنصة يعرض فعليًا نصّ المادة الرسمية 508,متأثرة قطعًا,مراجعة قانونية بشرية لكل دراسة استشهدت بهذا الرقم
نظام المعاملات المدنية,508,509,مزاح,كل استشهاد بـ«نظام المعاملات المدنية، المادة (508)» صادر عن المنصة يعرض فعليًا نصّ المادة الرسمية 509,متأثرة قطعًا,مراجعة قانونية بشرية لكل دراسة استشهدت بهذا الرقم
نظام المعاملات المدنية,509,510,مزاح,كل استشهاد بـ«نظام المعاملات المدنية، المادة (509)» صادر عن المنصة يعرض فعليًا نصّ المادة الرسمية 510,متأثرة قطعًا,مراجعة قانونية بشرية لكل دراسة استشهدت بهذا الرقم
نظام المعاملات المدنية,510,511,مزاح,كل استشهاد بـ«نظام المعاملات المدنية، المادة (510)» صادر عن المنصة يعرض فعليًا نصّ المادة الرسمية 511,متأثرة قطعًا,مراجعة قانونية بشرية لكل دراسة استشهدت بهذا الرقم
نظام المعاملات المدنية,511,512,مزاح,كل استشهاد بـ«نظام المعاملات المدنية، المادة (511)» صادر عن المنصة يعرض فعليًا نصّ المادة الرسمية 512,متأثرة قطعًا,مراجعة قانونية بشرية لكل دراسة استشهدت بهذا الرقم
نظام المعاملات المدنية,512,513,مزاح,كل استشهاد بـ«نظام المعاملات المدنية، المادة (512)» صادر عن المنصة يعرض فعليًا نصّ المادة الرسمية 513,متأثرة قطعًا,مراجعة قانونية بشرية لكل دراسة استشهدت بهذا الرقم
نظام المعاملات المدنية,513,514,مزاح,كل استشهاد بـ«نظام المعاملات المدنية، المادة (513)» صادر عن المنصة يعرض فعليًا نصّ المادة الرسمية 514,متأثرة قطعًا,مراجعة قانونية بشرية لكل دراسة استشهدت بهذا الرقم
نظام المعاملات المدنية,514,515,مزاح,كل استشهاد بـ«نظام المعاملات المدنية، المادة (514)» صادر عن المنصة يعرض فعليًا نصّ المادة الرسمية 515,متأثرة قطعًا,مراجعة قانونية بشرية لكل دراسة استشهدت بهذا الرقم
نظام المعاملات المدنية,515,516,مزاح,كل استشهاد بـ«نظام المعاملات المدنية، المادة (515)» صادر عن المنصة يعرض فعليًا نصّ المادة الرسمية 516,متأثرة قطعًا,مراجعة قانونية بشرية لكل دراسة استشهدت بهذا الرقم
نظام المعاملات المدنية,516,517,مزاح,كل استشهاد بـ«نظام المعاملات المدنية، المادة (516)» صادر عن المنصة يعرض فعليًا نصّ المادة الرسمية 517,متأثرة قطعًا,مراجعة قانونية بشرية لكل دراسة استشهدت بهذا الرقم
نظام المعاملات المدنية,517,518,مزاح,كل استشهاد بـ«نظام المعاملات المدنية، المادة (517)» صادر عن المنصة يعرض فعليًا نصّ المادة الرسمية 518,متأثرة قطعًا,مراجعة قانونية بشرية لكل دراسة استشهدت بهذا الرقم
نظام المعاملات المدنية,518,519,مزاح,كل استشهاد بـ«نظام المعاملات المدنية، المادة (518)» صادر عن المنصة يعرض فعليًا نصّ المادة الرسمية 519,متأثرة قطعًا,مراجعة قانونية بشرية لكل دراسة استشهدت بهذا الرقم
نظام المعاملات المدنية,519,520,مزاح,كل استشهاد بـ«نظام المعاملات المدنية، المادة (519)» صادر عن المنصة يعرض فعليًا نصّ المادة الرسمية 520,متأثرة قطعًا,مراجعة قانونية بشرية لكل دراسة استشهدت بهذا الرقم
نظام المعاملات المدنية,520,521,مزاح,كل استشهاد بـ«نظام المعاملات المدنية، المادة (520)» صادر عن المنصة يعرض فعليًا نصّ المادة الرسمية 521,متأثرة قطعًا,مراجعة قانونية بشرية لكل دراسة استشهدت بهذا الرقم
نظام المعاملات المدنية,521,522,مزاح,كل استشهاد بـ«نظام المعاملات المدنية، المادة (521)» صادر عن المنصة يعرض فعليًا نصّ المادة الرسمية 522,متأثرة قطعًا,مراجعة قانونية بشرية لكل دراسة استشهدت بهذا الرقم
نظام المعاملات المدنية,522,523,مزاح,كل استشهاد بـ«نظام المعاملات المدنية، المادة (522)» صادر عن المنصة يعرض فعليًا نصّ المادة الرسمية 523,متأثرة قطعًا,مراجعة قانونية بشرية لكل دراسة استشهدت بهذا الرقم
نظام المعاملات المدنية,523,524,مزاح,كل استشهاد بـ«نظام المعاملات المدنية، المادة (523)» صادر عن المنصة يعرض فعليًا نصّ المادة الرسمية 524,متأثرة قطعًا,مراجعة قانونية بشرية لكل دراسة استشهدت بهذا الرقم
نظام المعاملات المدنية,524,525,مزاح,كل استشهاد بـ«نظام المعاملات المدنية، المادة (524)» صادر عن المنصة يعرض فعليًا نصّ المادة الرسمية 525,متأثرة قطعًا,مراجعة قانونية بشرية لكل دراسة استشهدت بهذا الرقم
نظام المعاملات المدنية,525,526,مزاح,كل استشهاد بـ«نظام المعاملات المدنية، المادة (525)» صادر عن المنصة يعرض فعليًا نصّ المادة الرسمية 526,متأثرة قطعًا,مراجعة قانونية بشرية لكل دراسة استشهدت بهذا الرقم
نظام المعاملات المدنية,526,527,مزاح,كل استشهاد بـ«نظام المعاملات المدنية، المادة (526)» صادر عن المنصة يعرض فعليًا نصّ المادة الرسمية 527,متأثرة قطعًا,مراجعة قانونية بشرية لكل دراسة استشهدت بهذا الرقم
نظام المعاملات المدنية,527,528,مزاح,كل استشهاد بـ«نظام المعاملات المدنية، المادة (527)» صادر عن المنصة يعرض فعليًا نصّ المادة الرسمية 528,متأثرة قطعًا,مراجعة قانونية بشرية لكل دراسة استشهدت بهذا الرقم
نظام المعاملات المدنية,528,529,مزاح,كل استشهاد بـ«نظام المعاملات المدنية، المادة (528)» صادر عن المنصة يعرض فعليًا نصّ المادة الرسمية 529,متأثرة قطعًا,مراجعة قانونية بشرية لكل دراسة استشهدت بهذا الرقم
نظام المعاملات المدنية,529,530,مزاح,كل استشهاد بـ«نظام المعاملات المدنية، المادة (529)» صادر عن المنصة يعرض فعليًا نصّ المادة الرسمية 530,متأثرة قطعًا,مراجعة قانونية بشرية لكل دراسة استشهدت بهذا الرقم
نظام المعاملات المدنية,530,531,مزاح,كل استشهاد بـ«نظام المعاملات المدنية، المادة (530)» صادر عن المنصة يعرض فعليًا نصّ المادة الرسمية 531,متأثرة قطعًا,مراجعة قانونية بشرية لكل دراسة استشهدت بهذا الرقم
نظام المعاملات المدنية,531,532,مزاح,كل استشهاد بـ«نظام المعاملات المدنية، المادة (531)» صادر عن المنصة يعرض فعليًا نصّ المادة الرسمية 532,متأثرة قطعًا,مراجعة قانونية بشرية لكل دراسة استشهدت بهذا الرقم
نظام المعاملات المدنية,532,533,مزاح,كل استشهاد بـ«نظام المعاملات المدنية، المادة (532)» صادر عن المنصة يعرض فعليًا نصّ المادة الرسمية 533,متأثرة قطعًا,مراجعة قانونية بشرية لكل دراسة استشهدت بهذا الرقم
نظام المعاملات المدنية,533,534,مزاح,كل استشهاد بـ«نظام المعاملات المدنية، المادة (533)» صادر عن المنصة يعرض فعليًا نصّ المادة الرسمية 534,متأثرة قطعًا,مراجعة قانونية بشرية لكل دراسة استشهدت بهذا الرقم
نظام المعاملات المدنية,534,535,مزاح,كل استشهاد بـ«نظام المعاملات المدنية، المادة (534)» صادر عن المنصة يعرض فعليًا نصّ المادة الرسمية 535,متأثرة قطعًا,مراجعة قانونية بشرية لكل دراسة استشهدت بهذا الرقم
نظام المعاملات المدنية,535,536,مزاح,كل استشهاد بـ«نظام المعاملات المدنية، المادة (535)» صادر عن المنصة يعرض فعليًا نصّ المادة الرسمية 536,متأثرة قطعًا,مراجعة قانونية بشرية لكل دراسة استشهدت بهذا الرقم
نظام المعاملات المدنية,536,537,مزاح,كل استشهاد بـ«نظام المعاملات المدنية، المادة (536)» صادر عن المنصة يعرض فعليًا نصّ المادة الرسمية 537,متأثرة قطعًا,مراجعة قانونية بشرية لكل دراسة استشهدت بهذا الرقم
نظام المعاملات المدنية,537,538,مزاح,كل استشهاد بـ«نظام المعاملات المدنية، المادة (537)» صادر عن المنصة يعرض فعليًا نصّ المادة الرسمية 538,متأثرة قطعًا,مراجعة قانونية بشرية لكل دراسة استشهدت بهذا الرقم
نظام المعاملات المدنية,538,539,مزاح,كل استشهاد بـ«نظام المعاملات المدنية، المادة (538)» صادر عن المنصة يعرض فعليًا نصّ المادة الرسمية 539,متأثرة قطعًا,مراجعة قانونية بشرية لكل دراسة استشهدت بهذا الرقم
نظام المعاملات المدنية,539,540,مزاح,كل استشهاد بـ«نظام المعاملات المدنية، المادة (539)» صادر عن المنصة يعرض فعليًا نصّ المادة الرسمية 540,متأثرة قطعًا,مراجعة قانونية بشرية لكل دراسة استشهدت بهذا الرقم
نظام المعاملات المدنية,540,541,مزاح,كل استشهاد بـ«نظام المعاملات المدنية، المادة (540)» صادر عن المنصة يعرض فعليًا نصّ المادة الرسمية 541,متأثرة قطعًا,مراجعة قانونية بشرية لكل دراسة استشهدت بهذا الرقم
نظام المعاملات المدنية,541,542,مزاح,كل استشهاد بـ«نظام المعاملات المدنية، المادة (541)» صادر عن المنصة يعرض فعليًا نصّ المادة الرسمية 542,متأثرة قطعًا,مراجعة قانونية بشرية لكل دراسة استشهدت بهذا الرقم
نظام المعاملات المدنية,542,543,مزاح,كل استشهاد بـ«نظام المعاملات المدنية، المادة (542)» صادر عن المنصة يعرض فعليًا نصّ المادة الرسمية 543,متأثرة قطعًا,مراجعة قانونية بشرية لكل دراسة استشهدت بهذا الرقم
نظام المعاملات المدنية,543,544,مزاح,كل استشهاد بـ«نظام المعاملات المدنية، المادة (543)» صادر عن المنصة يعرض فعليًا نصّ المادة الرسمية 544,متأثرة قطعًا,مراجعة قانونية بشرية لكل دراسة استشهدت بهذا الرقم
نظام المعاملات المدنية,544,545,مزاح,كل استشهاد بـ«نظام المعاملات المدنية، المادة (544)» صادر عن المنصة يعرض فعليًا نصّ المادة الرسمية 545,متأثرة قطعًا,مراجعة قانونية بشرية لكل دراسة استشهدت بهذا الرقم
نظام المعاملات المدنية,545,546,مزاح,كل استشهاد بـ«نظام المعاملات المدنية، المادة (545)» صادر عن المنصة يعرض فعليًا نصّ المادة الرسمية 546,متأثرة قطعًا,مراجعة قانونية بشرية لكل دراسة استشهدت بهذا الرقم
نظام المعاملات المدنية,546,547,مزاح,كل استشهاد بـ«نظام المعاملات المدنية، المادة (546)» صادر عن المنصة يعرض فعليًا نصّ المادة الرسمية 547,متأثرة قطعًا,مراجعة قانونية بشرية لكل دراسة استشهدت بهذا الرقم
نظام المعاملات المدنية,547,548,مزاح,كل استشهاد بـ«نظام المعاملات المدنية، المادة (547)» صادر عن المنصة يعرض فعليًا نصّ المادة الرسمية 548,متأثرة قطعًا,مراجعة قانونية بشرية لكل دراسة استشهدت بهذا الرقم
نظام المعاملات المدنية,548,549,مزاح,كل استشهاد بـ«نظام المعاملات المدنية، المادة (548)» صادر عن المنصة يعرض فعليًا نصّ المادة الرسمية 549,متأثرة قطعًا,مراجعة قانونية بشرية لكل دراسة استشهدت بهذا الرقم
نظام المعاملات المدنية,549,550,مزاح,كل استشهاد بـ«نظام المعاملات المدنية، المادة (549)» صادر عن المنصة يعرض فعليًا نصّ المادة الرسمية 550,متأثرة قطعًا,مراجعة قانونية بشرية لكل دراسة استشهدت بهذا الرقم
نظام المعاملات المدنية,550,551,مزاح,كل استشهاد بـ«نظام المعاملات المدنية، المادة (550)» صادر عن المنصة يعرض فعليًا نصّ المادة الرسمية 551,متأثرة قطعًا,مراجعة قانونية بشرية لكل دراسة استشهدت بهذا الرقم
نظام المعاملات المدنية,551,552,مزاح,كل استشهاد بـ«نظام المعاملات المدنية، المادة (551)» صادر عن المنصة يعرض فعليًا نصّ المادة الرسمية 552,متأثرة قطعًا,مراجعة قانونية بشرية لكل دراسة استشهدت بهذا الرقم
نظام المعاملات المدنية,552,553,مزاح,كل استشهاد بـ«نظام المعاملات المدنية، المادة (552)» صادر عن المنصة يعرض فعليًا نصّ المادة الرسمية 553,متأثرة قطعًا,مراجعة قانونية بشرية لكل دراسة استشهدت بهذا الرقم
نظام المعاملات المدنية,553,554,مزاح,كل استشهاد بـ«نظام المعاملات المدنية، المادة (553)» صادر عن المنصة يعرض فعليًا نصّ المادة الرسمية 554,متأثرة قطعًا,مراجعة قانونية بشرية لكل دراسة استشهدت بهذا الرقم
نظام المعاملات المدنية,554,555,مزاح,كل استشهاد بـ«نظام المعاملات المدنية، المادة (554)» صادر عن المنصة يعرض فعليًا نصّ المادة الرسمية 555,متأثرة قطعًا,مراجعة قانونية بشرية لكل دراسة استشهدت بهذا الرقم
نظام المعاملات المدنية,555,556,مزاح,كل استشهاد بـ«نظام المعاملات المدنية، المادة (555)» صادر عن المنصة يعرض فعليًا نصّ المادة الرسمية 556,متأثرة قطعًا,مراجعة قانونية بشرية لكل دراسة استشهدت بهذا الرقم
نظام المعاملات المدنية,556,557,مزاح,كل استشهاد بـ«نظام المعاملات المدنية، المادة (556)» صادر عن المنصة يعرض فعليًا نصّ المادة الرسمية 557,متأثرة قطعًا,مراجعة قانونية بشرية لكل دراسة استشهدت بهذا الرقم
نظام المعاملات المدنية,557,558,مزاح,كل استشهاد بـ«نظام المعاملات المدنية، المادة (557)» صادر عن المنصة يعرض فعليًا نصّ المادة الرسمية 558,متأثرة قطعًا,مراجعة قانونية بشرية لكل دراسة استشهدت بهذا الرقم
نظام المعاملات المدنية,558,559,مزاح,كل استشهاد بـ«نظام المعاملات المدنية، المادة (558)» صادر عن المنصة يعرض فعليًا نصّ المادة الرسمية 559,متأثرة قطعًا,مراجعة قانونية بشرية لكل دراسة استشهدت بهذا الرقم
نظام المعاملات المدنية,559,560,مزاح,كل استشهاد بـ«نظام المعاملات المدنية، المادة (559)» صادر عن المنصة يعرض فعليًا نصّ المادة الرسمية 560,متأثرة قطعًا,مراجعة قانونية بشرية لكل دراسة استشهدت بهذا الرقم
نظام المعاملات المدنية,560,561,مزاح,كل استشهاد بـ«نظام المعاملات المدنية، المادة (560)» صادر عن المنصة يعرض فعليًا نصّ المادة الرسمية 561,متأثرة قطعًا,مراجعة قانونية بشرية لكل دراسة استشهدت بهذا الرقم
نظام المعاملات المدنية,561,562,مزاح,كل استشهاد بـ«نظام المعاملات المدنية، المادة (561)» صادر عن المنصة يعرض فعليًا نصّ المادة الرسمية 562,متأثرة قطعًا,مراجعة قانونية بشرية لكل دراسة استشهدت بهذا الرقم
نظام المعاملات المدنية,562,563,مزاح,كل استشهاد بـ«نظام المعاملات المدنية، المادة (562)» صادر عن المنصة يعرض فعليًا نصّ المادة الرسمية 563,متأثرة قطعًا,مراجعة قانونية بشرية لكل دراسة استشهدت بهذا الرقم
نظام المعاملات المدنية,563,564,مزاح,كل استشهاد بـ«نظام المعاملات المدنية، المادة (563)» صادر عن المنصة يعرض فعليًا نصّ المادة الرسمية 564,متأثرة قطعًا,مراجعة قانونية بشرية لكل دراسة استشهدت بهذا الرقم
نظام المعاملات المدنية,564,565,مزاح,كل استشهاد بـ«نظام المعاملات المدنية، المادة (564)» صادر عن المنصة يعرض فعليًا نصّ المادة الرسمية 565,متأثرة قطعًا,مراجعة قانونية بشرية لكل دراسة استشهدت بهذا الرقم
نظام المعاملات المدنية,565,566,مزاح,كل استشهاد بـ«نظام المعاملات المدنية، المادة (565)» صادر عن المنصة يعرض فعليًا نصّ المادة الرسمية 566,متأثرة قطعًا,مراجعة قانونية بشرية لكل دراسة استشهدت بهذا الرقم
نظام المعاملات المدنية,566,567,مزاح,كل استشهاد بـ«نظام المعاملات المدنية، المادة (566)» صادر عن المنصة يعرض فعليًا نصّ المادة الرسمية 567,متأثرة قطعًا,مراجعة قانونية بشرية لكل دراسة استشهدت بهذا الرقم
نظام المعاملات المدنية,567,568,مزاح,كل استشهاد بـ«نظام المعاملات المدنية، المادة (567)» صادر عن المنصة يعرض فعليًا نصّ المادة الرسمية 568,متأثرة قطعًا,مراجعة قانونية بشرية لكل دراسة استشهدت بهذا الرقم
نظام المعاملات المدنية,568,569,مزاح,كل استشهاد بـ«نظام المعاملات المدنية، المادة (568)» صادر عن المنصة يعرض فعليًا نصّ المادة الرسمية 569,متأثرة قطعًا,مراجعة قانونية بشرية لكل دراسة استشهدت بهذا الرقم
نظام المعاملات المدنية,569,570,مزاح,كل استشهاد بـ«نظام المعاملات المدنية، المادة (569)» صادر عن المنصة يعرض فعليًا نصّ المادة الرسمية 570,متأثرة قطعًا,مراجعة قانونية بشرية لكل دراسة استشهدت بهذا الرقم
نظام المعاملات المدنية,570,571,مزاح,كل استشهاد بـ«نظام المعاملات المدنية، المادة (570)» صادر عن المنصة يعرض فعليًا نصّ المادة الرسمية 571,متأثرة قطعًا,مراجعة قانونية بشرية لكل دراسة استشهدت بهذا الرقم
نظام المعاملات المدنية,571,572,مزاح,كل استشهاد بـ«نظام المعاملات المدنية، المادة (571)» صادر عن المنصة يعرض فعليًا نصّ المادة الرسمية 572,متأثرة قطعًا,مراجعة قانونية بشرية لكل دراسة استشهدت بهذا الرقم
نظام المعاملات المدنية,572,573,مزاح,كل استشهاد بـ«نظام المعاملات المدنية، المادة (572)» صادر عن المنصة يعرض فعليًا نصّ المادة الرسمية 573,متأثرة قطعًا,مراجعة قانونية بشرية لكل دراسة استشهدت بهذا الرقم
نظام المعاملات المدنية,573,574,مزاح,كل استشهاد بـ«نظام المعاملات المدنية، المادة (573)» صادر عن المنصة يعرض فعليًا نصّ المادة الرسمية 574,متأثرة قطعًا,مراجعة قانونية بشرية لكل دراسة استشهدت بهذا الرقم
نظام المعاملات المدنية,574,575,مزاح,كل استشهاد بـ«نظام المعاملات المدنية، المادة (574)» صادر عن المنصة يعرض فعليًا نصّ المادة الرسمية 575,متأثرة قطعًا,مراجعة قانونية بشرية لكل دراسة استشهدت بهذا الرقم
نظام المعاملات المدنية,575,576,مزاح,كل استشهاد بـ«نظام المعاملات المدنية، المادة (575)» صادر عن المنصة يعرض فعليًا نصّ المادة الرسمية 576,متأثرة قطعًا,مراجعة قانونية بشرية لكل دراسة استشهدت بهذا الرقم
نظام المعاملات المدنية,576,577,مزاح,كل استشهاد بـ«نظام المعاملات المدنية، المادة (576)» صادر عن المنصة يعرض فعليًا نصّ المادة الرسمية 577,متأثرة قطعًا,مراجعة قانونية بشرية لكل دراسة استشهدت بهذا الرقم
نظام المعاملات المدنية,577,578,مزاح,كل استشهاد بـ«نظام المعاملات المدنية، المادة (577)» صادر عن المنصة يعرض فعليًا نصّ المادة الرسمية 578,متأثرة قطعًا,مراجعة قانونية بشرية لكل دراسة استشهدت بهذا الرقم
نظام المعاملات المدنية,578,579,مزاح,كل استشهاد بـ«نظام المعاملات المدنية، المادة (578)» صادر عن المنصة يعرض فعليًا نصّ المادة الرسمية 579,متأثرة قطعًا,مراجعة قانونية بشرية لكل دراسة استشهدت بهذا الرقم
نظام المعاملات المدنية,579,580,مزاح,كل استشهاد بـ«نظام المعاملات المدنية، المادة (579)» صادر عن المنصة يعرض فعليًا نصّ المادة الرسمية 580,متأثرة قطعًا,مراجعة قانونية بشرية لكل دراسة استشهدت بهذا الرقم
نظام المعاملات المدنية,580,581,مزاح,كل استشهاد بـ«نظام المعاملات المدنية، المادة (580)» صادر عن المنصة يعرض فعليًا نصّ المادة الرسمية 581,متأثرة قطعًا,مراجعة قانونية بشرية لكل دراسة استشهدت بهذا الرقم
نظام المعاملات المدنية,581,582,مزاح,كل استشهاد بـ«نظام المعاملات المدنية، المادة (581)» صادر عن المنصة يعرض فعليًا نصّ المادة الرسمية 582,متأثرة قطعًا,مراجعة قانونية بشرية لكل دراسة استشهدت بهذا الرقم
نظام المعاملات المدنية,582,583,مزاح,كل استشهاد بـ«نظام المعاملات المدنية، المادة (582)» صادر عن المنصة يعرض فعليًا نصّ المادة الرسمية 583,متأثرة قطعًا,مراجعة قانونية بشرية لكل دراسة استشهدت بهذا الرقم
نظام المعاملات المدنية,583,584,مزاح,كل استشهاد بـ«نظام المعاملات المدنية، المادة (583)» صادر عن المنصة يعرض فعليًا نصّ المادة الرسمية 584,متأثرة قطعًا,مراجعة قانونية بشرية لكل دراسة استشهدت بهذا الرقم
نظام المعاملات المدنية,584,585,مزاح,كل استشهاد بـ«نظام المعاملات المدنية، المادة (584)» صادر عن المنصة يعرض فعليًا نصّ المادة الرسمية 585,متأثرة قطعًا,مراجعة قانونية بشرية لكل دراسة استشهدت بهذا الرقم
نظام المعاملات المدنية,585,586,مزاح,كل استشهاد بـ«نظام المعاملات المدنية، المادة (585)» صادر عن المنصة يعرض فعليًا نصّ المادة الرسمية 586,متأثرة قطعًا,مراجعة قانونية بشرية لكل دراسة استشهدت بهذا الرقم
نظام المعاملات المدنية,586,587,مزاح,كل استشهاد بـ«نظام المعاملات المدنية، المادة (586)» صادر عن المنصة يعرض فعليًا نصّ المادة الرسمية 587,متأثرة قطعًا,مراجعة قانونية بشرية لكل دراسة استشهدت بهذا الرقم
نظام المعاملات المدنية,587,588,مزاح,كل استشهاد بـ«نظام المعاملات المدنية، المادة (587)» صادر عن المنصة يعرض فعليًا نصّ المادة الرسمية 588,متأثرة قطعًا,مراجعة قانونية بشرية لكل دراسة استشهدت بهذا الرقم
نظام المعاملات المدنية,588,589,مزاح,كل استشهاد بـ«نظام المعاملات المدنية، المادة (588)» صادر عن المنصة يعرض فعليًا نصّ المادة الرسمية 589,متأثرة قطعًا,مراجعة قانونية بشرية لكل دراسة استشهدت بهذا الرقم
نظام المعاملات المدنية,589,590,مزاح,كل استشهاد بـ«نظام المعاملات المدنية، المادة (589)» صادر عن المنصة يعرض فعليًا نصّ المادة الرسمية 590,متأثرة قطعًا,مراجعة قانونية بشرية لكل دراسة استشهدت بهذا الرقم
نظام المعاملات المدنية,590,591,مزاح,كل استشهاد بـ«نظام المعاملات المدنية، المادة (590)» صادر عن المنصة يعرض فعليًا نصّ المادة الرسمية 591,متأثرة قطعًا,مراجعة قانونية بشرية لكل دراسة استشهدت بهذا الرقم
نظام المعاملات المدنية,591,592,مزاح,كل استشهاد بـ«نظام المعاملات المدنية، المادة (591)» صادر عن المنصة يعرض فعليًا نصّ المادة الرسمية 592,متأثرة قطعًا,مراجعة قانونية بشرية لكل دراسة استشهدت بهذا الرقم
نظام المعاملات المدنية,592,593,مزاح,كل استشهاد بـ«نظام المعاملات المدنية، المادة (592)» صادر عن المنصة يعرض فعليًا نصّ المادة الرسمية 593,متأثرة قطعًا,مراجعة قانونية بشرية لكل دراسة استشهدت بهذا الرقم
نظام المعاملات المدنية,593,594,مزاح,كل استشهاد بـ«نظام المعاملات المدنية، المادة (593)» صادر عن المنصة يعرض فعليًا نصّ المادة الرسمية 594,متأثرة قطعًا,مراجعة قانونية بشرية لكل دراسة استشهدت بهذا الرقم
نظام المعاملات المدنية,594,595,مزاح,كل استشهاد بـ«نظام المعاملات المدنية، المادة (594)» صادر عن المنصة يعرض فعليًا نصّ المادة الرسمية 595,متأثرة قطعًا,مراجعة قانونية بشرية لكل دراسة استشهدت بهذا الرقم
نظام المعاملات المدنية,595,596,مزاح,كل استشهاد بـ«نظام المعاملات المدنية، المادة (595)» صادر عن المنصة يعرض فعليًا نصّ المادة الرسمية 596,متأثرة قطعًا,مراجعة قانونية بشرية لكل دراسة استشهدت بهذا الرقم
نظام المعاملات المدنية,596,597,مزاح,كل استشهاد بـ«نظام المعاملات المدنية، المادة (596)» صادر عن المنصة يعرض فعليًا نصّ المادة الرسمية 597,متأثرة قطعًا,مراجعة قانونية بشرية لكل دراسة استشهدت بهذا الرقم
نظام المعاملات المدنية,597,598,مزاح,كل استشهاد بـ«نظام المعاملات المدنية، المادة (597)» صادر عن المنصة يعرض فعليًا نصّ المادة الرسمية 598,متأثرة قطعًا,مراجعة قانونية بشرية لكل دراسة استشهدت بهذا الرقم
نظام المعاملات المدنية,598,599,مزاح,كل استشهاد بـ«نظام المعاملات المدنية، المادة (598)» صادر عن المنصة يعرض فعليًا نصّ المادة الرسمية 599,متأثرة قطعًا,مراجعة قانونية بشرية لكل دراسة استشهدت بهذا الرقم
نظام المعاملات المدنية,599,600,مزاح,كل استشهاد بـ«نظام المعاملات المدنية، المادة (599)» صادر عن المنصة يعرض فعليًا نصّ المادة الرسمية 600,متأثرة قطعًا,مراجعة قانونية بشرية لكل دراسة استشهدت بهذا الرقم
نظام المعاملات المدنية,600,601,مزاح,كل استشهاد بـ«نظام المعاملات المدنية، المادة (600)» صادر عن المنصة يعرض فعليًا نصّ المادة الرسمية 601,متأثرة قطعًا,مراجعة قانونية بشرية لكل دراسة استشهدت بهذا الرقم
نظام المعاملات المدنية,601,602,مزاح,كل استشهاد بـ«نظام المعاملات المدنية، المادة (601)» صادر عن المنصة يعرض فعليًا نصّ المادة الرسمية 602,متأثرة قطعًا,مراجعة قانونية بشرية لكل دراسة استشهدت بهذا الرقم
نظام المعاملات المدنية,602,603,مزاح,كل استشهاد بـ«نظام المعاملات المدنية، المادة (602)» صادر عن المنصة يعرض فعليًا نصّ المادة الرسمية 603,متأثرة قطعًا,مراجعة قانونية بشرية لكل دراسة استشهدت بهذا الرقم
نظام المعاملات المدنية,603,604,مزاح,كل استشهاد بـ«نظام المعاملات المدنية، المادة (603)» صادر عن المنصة يعرض فعليًا نصّ المادة الرسمية 604,متأثرة قطعًا,مراجعة قانونية بشرية لكل دراسة استشهدت بهذا الرقم
نظام المعاملات المدنية,604,605,مزاح,كل استشهاد بـ«نظام المعاملات المدنية، المادة (604)» صادر عن المنصة يعرض فعليًا نصّ المادة الرسمية 605,متأثرة قطعًا,مراجعة قانونية بشرية لكل دراسة استشهدت بهذا الرقم
نظام المعاملات المدنية,605,606,مزاح,كل استشهاد بـ«نظام المعاملات المدنية، المادة (605)» صادر عن المنصة يعرض فعليًا نصّ المادة الرسمية 606,متأثرة قطعًا,مراجعة قانونية بشرية لكل دراسة استشهدت بهذا الرقم
نظام المعاملات المدنية,606,607,مزاح,كل استشهاد بـ«نظام المعاملات المدنية، المادة (606)» صادر عن المنصة يعرض فعليًا نصّ المادة الرسمية 607,متأثرة قطعًا,مراجعة قانونية بشرية لكل دراسة استشهدت بهذا الرقم
نظام المعاملات المدنية,607,608,مزاح,كل استشهاد بـ«نظام المعاملات المدنية، المادة (607)» صادر عن المنصة يعرض فعليًا نصّ المادة الرسمية 608,متأثرة قطعًا,مراجعة قانونية بشرية لكل دراسة استشهدت بهذا الرقم
نظام المعاملات المدنية,608,609,مزاح,كل استشهاد بـ«نظام المعاملات المدنية، المادة (608)» صادر عن المنصة يعرض فعليًا نصّ المادة الرسمية 609,متأثرة قطعًا,مراجعة قانونية بشرية لكل دراسة استشهدت بهذا الرقم
نظام المعاملات المدنية,609,610,مزاح,كل استشهاد بـ«نظام المعاملات المدنية، المادة (609)» صادر عن المنصة يعرض فعليًا نصّ المادة الرسمية 610,متأثرة قطعًا,مراجعة قانونية بشرية لكل دراسة استشهدت بهذا الرقم
نظام المعاملات المدنية,610,611,مزاح,كل استشهاد بـ«نظام المعاملات المدنية، المادة (610)» صادر عن المنصة يعرض فعليًا نصّ المادة الرسمية 611,متأثرة قطعًا,مراجعة قانونية بشرية لكل دراسة استشهدت بهذا الرقم
نظام المعاملات المدنية,611,612,مزاح,كل استشهاد بـ«نظام المعاملات المدنية، المادة (611)» صادر عن المنصة يعرض فعليًا نصّ المادة الرسمية 612,متأثرة قطعًا,مراجعة قانونية بشرية لكل دراسة استشهدت بهذا الرقم
نظام المعاملات المدنية,612,613,مزاح,كل استشهاد بـ«نظام المعاملات المدنية، المادة (612)» صادر عن المنصة يعرض فعليًا نصّ المادة الرسمية 613,متأثرة قطعًا,مراجعة قانونية بشرية لكل دراسة استشهدت بهذا الرقم
نظام المعاملات المدنية,613,614,مزاح,كل استشهاد بـ«نظام المعاملات المدنية، المادة (613)» صادر عن المنصة يعرض فعليًا نصّ المادة الرسمية 614,متأثرة قطعًا,مراجعة قانونية بشرية لكل دراسة استشهدت بهذا الرقم
نظام المعاملات المدنية,614,615,مزاح,كل استشهاد بـ«نظام المعاملات المدنية، المادة (614)» صادر عن المنصة يعرض فعليًا نصّ المادة الرسمية 615,متأثرة قطعًا,مراجعة قانونية بشرية لكل دراسة استشهدت بهذا الرقم
نظام المعاملات المدنية,615,616,مزاح,كل استشهاد بـ«نظام المعاملات المدنية، المادة (615)» صادر عن المنصة يعرض فعليًا نصّ المادة الرسمية 616,متأثرة قطعًا,مراجعة قانونية بشرية لكل دراسة استشهدت بهذا الرقم
نظام المعاملات المدنية,616,617,مزاح,كل استشهاد بـ«نظام المعاملات المدنية، المادة (616)» صادر عن المنصة يعرض فعليًا نصّ المادة الرسمية 617,متأثرة قطعًا,مراجعة قانونية بشرية لكل دراسة استشهدت بهذا الرقم
نظام المعاملات المدنية,617,618,مزاح,كل استشهاد بـ«نظام المعاملات المدنية، المادة (617)» صادر عن المنصة يعرض فعليًا نصّ المادة الرسمية 618,متأثرة قطعًا,مراجعة قانونية بشرية لكل دراسة استشهدت بهذا الرقم
نظام المعاملات المدنية,618,619,مزاح,كل استشهاد بـ«نظام المعاملات المدنية، المادة (618)» صادر عن المنصة يعرض فعليًا نصّ المادة الرسمية 619,متأثرة قطعًا,مراجعة قانونية بشرية لكل دراسة استشهدت بهذا الرقم
نظام المعاملات المدنية,619,620,مزاح,كل استشهاد بـ«نظام المعاملات المدنية، المادة (619)» صادر عن المنصة يعرض فعليًا نصّ المادة الرسمية 620,متأثرة قطعًا,مراجعة قانونية بشرية لكل دراسة استشهدت بهذا الرقم
نظام المعاملات المدنية,620,621,مزاح,كل استشهاد بـ«نظام المعاملات المدنية، المادة (620)» صادر عن المنصة يعرض فعليًا نصّ المادة الرسمية 621,متأثرة قطعًا,مراجعة قانونية بشرية لكل دراسة استشهدت بهذا الرقم
نظام المعاملات المدنية,621,622,مزاح,كل استشهاد بـ«نظام المعاملات المدنية، المادة (621)» صادر عن المنصة يعرض فعليًا نصّ المادة الرسمية 622,متأثرة قطعًا,مراجعة قانونية بشرية لكل دراسة استشهدت بهذا الرقم
نظام المعاملات المدنية,622,623,مزاح,كل استشهاد بـ«نظام المعاملات المدنية، المادة (622)» صادر عن المنصة يعرض فعليًا نصّ المادة الرسمية 623,متأثرة قطعًا,مراجعة قانونية بشرية لكل دراسة استشهدت بهذا الرقم
نظام المعاملات المدنية,623,624,مزاح,كل استشهاد بـ«نظام المعاملات المدنية، المادة (623)» صادر عن المنصة يعرض فعليًا نصّ المادة الرسمية 624,متأثرة قطعًا,مراجعة قانونية بشرية لكل دراسة استشهدت بهذا الرقم
نظام المعاملات المدنية,624,625,مزاح,كل استشهاد بـ«نظام المعاملات المدنية، المادة (624)» صادر عن المنصة يعرض فعليًا نصّ المادة الرسمية 625,متأثرة قطعًا,مراجعة قانونية بشرية لكل دراسة استشهدت بهذا الرقم
نظام المعاملات المدنية,625,626,مزاح,كل استشهاد بـ«نظام المعاملات المدنية، المادة (625)» صادر عن المنصة يعرض فعليًا نصّ المادة الرسمية 626,متأثرة قطعًا,مراجعة قانونية بشرية لكل دراسة استشهدت بهذا الرقم
نظام المعاملات المدنية,626,627,مزاح,كل استشهاد بـ«نظام المعاملات المدنية، المادة (626)» صادر عن المنصة يعرض فعليًا نصّ المادة الرسمية 627,متأثرة قطعًا,مراجعة قانونية بشرية لكل دراسة استشهدت بهذا الرقم
نظام المعاملات المدنية,627,628,مزاح,كل استشهاد بـ«نظام المعاملات المدنية، المادة (627)» صادر عن المنصة يعرض فعليًا نصّ المادة الرسمية 628,متأثرة قطعًا,مراجعة قانونية بشرية لكل دراسة استشهدت بهذا الرقم
نظام المعاملات المدنية,628,629,مزاح,كل استشهاد بـ«نظام المعاملات المدنية، المادة (628)» صادر عن المنصة يعرض فعليًا نصّ المادة الرسمية 629,متأثرة قطعًا,مراجعة قانونية بشرية لكل دراسة استشهدت بهذا الرقم
نظام المعاملات المدنية,629,630,مزاح,كل استشهاد بـ«نظام المعاملات المدنية، المادة (629)» صادر عن المنصة يعرض فعليًا نصّ المادة الرسمية 630,متأثرة قطعًا,مراجعة قانونية بشرية لكل دراسة استشهدت بهذا الرقم
نظام المعاملات المدنية,630,631,مزاح,كل استشهاد بـ«نظام المعاملات المدنية، المادة (630)» صادر عن المنصة يعرض فعليًا نصّ المادة الرسمية 631,متأثرة قطعًا,مراجعة قانونية بشرية لكل دراسة استشهدت بهذا الرقم
نظام المعاملات المدنية,631,632,مزاح,كل استشهاد بـ«نظام المعاملات المدنية، المادة (631)» صادر عن المنصة يعرض فعليًا نصّ المادة الرسمية 632,متأثرة قطعًا,مراجعة قانونية بشرية لكل دراسة استشهدت بهذا الرقم
نظام المعاملات المدنية,632,633,مزاح,كل استشهاد بـ«نظام المعاملات المدنية، المادة (632)» صادر عن المنصة يعرض فعليًا نصّ المادة الرسمية 633,متأثرة قطعًا,مراجعة قانونية بشرية لكل دراسة استشهدت بهذا الرقم
نظام المعاملات المدنية,633,634,مزاح,كل استشهاد بـ«نظام المعاملات المدنية، المادة (633)» صادر عن المنصة يعرض فعليًا نصّ المادة الرسمية 634,متأثرة قطعًا,مراجعة قانونية بشرية لكل دراسة استشهدت بهذا الرقم
نظام المعاملات المدنية,634,635,مزاح,كل استشهاد بـ«نظام المعاملات المدنية، المادة (634)» صادر عن المنصة يعرض فعليًا نصّ المادة الرسمية 635,متأثرة قطعًا,مراجعة قانونية بشرية لكل دراسة استشهدت بهذا الرقم
نظام المعاملات المدنية,635,636,مزاح,كل استشهاد بـ«نظام المعاملات المدنية، المادة (635)» صادر عن المنصة يعرض فعليًا نصّ المادة الرسمية 636,متأثرة قطعًا,مراجعة قانونية بشرية لكل دراسة استشهدت بهذا الرقم
نظام المعاملات المدنية,636,637,مزاح,كل استشهاد بـ«نظام المعاملات المدنية، المادة (636)» صادر عن المنصة يعرض فعليًا نصّ المادة الرسمية 637,متأثرة قطعًا,مراجعة قانونية بشرية لكل دراسة استشهدت بهذا الرقم
نظام المعاملات المدنية,637,638,مزاح,كل استشهاد بـ«نظام المعاملات المدنية، المادة (637)» صادر عن المنصة يعرض فعليًا نصّ المادة الرسمية 638,متأثرة قطعًا,مراجعة قانونية بشرية لكل دراسة استشهدت بهذا الرقم
نظام المعاملات المدنية,638,639,مزاح,كل استشهاد بـ«نظام المعاملات المدنية، المادة (638)» صادر عن المنصة يعرض فعليًا نصّ المادة الرسمية 639,متأثرة قطعًا,مراجعة قانونية بشرية لكل دراسة استشهدت بهذا الرقم
نظام المعاملات المدنية,639,640,مزاح,كل استشهاد بـ«نظام المعاملات المدنية، المادة (639)» صادر عن المنصة يعرض فعليًا نصّ المادة الرسمية 640,متأثرة قطعًا,مراجعة قانونية بشرية لكل دراسة استشهدت بهذا الرقم
نظام المعاملات المدنية,640,641,مزاح,كل استشهاد بـ«نظام المعاملات المدنية، المادة (640)» صادر عن المنصة يعرض فعليًا نصّ المادة الرسمية 641,متأثرة قطعًا,مراجعة قانونية بشرية لكل دراسة استشهدت بهذا الرقم
نظام المعاملات المدنية,641,642,مزاح,كل استشهاد بـ«نظام المعاملات المدنية، المادة (641)» صادر عن المنصة يعرض فعليًا نصّ المادة الرسمية 642,متأثرة قطعًا,مراجعة قانونية بشرية لكل دراسة استشهدت بهذا الرقم
نظام المعاملات المدنية,642,643,مزاح,كل استشهاد بـ«نظام المعاملات المدنية، المادة (642)» صادر عن المنصة يعرض فعليًا نصّ المادة الرسمية 643,متأثرة قطعًا,مراجعة قانونية بشرية لكل دراسة استشهدت بهذا الرقم
نظام المعاملات المدنية,643,644,مزاح,كل استشهاد بـ«نظام المعاملات المدنية، المادة (643)» صادر عن المنصة يعرض فعليًا نصّ المادة الرسمية 644,متأثرة قطعًا,مراجعة قانونية بشرية لكل دراسة استشهدت بهذا الرقم
نظام المعاملات المدنية,644,645,مزاح,كل استشهاد بـ«نظام المعاملات المدنية، المادة (644)» صادر عن المنصة يعرض فعليًا نصّ المادة الرسمية 645,متأثرة قطعًا,مراجعة قانونية بشرية لكل دراسة استشهدت بهذا الرقم
نظام المعاملات المدنية,645,646,مزاح,كل استشهاد بـ«نظام المعاملات المدنية، المادة (645)» صادر عن المنصة يعرض فعليًا نصّ المادة الرسمية 646,متأثرة قطعًا,مراجعة قانونية بشرية لكل دراسة استشهدت بهذا الرقم
نظام المعاملات المدنية,646,647,مزاح,كل استشهاد بـ«نظام المعاملات المدنية، المادة (646)» صادر عن المنصة يعرض فعليًا نصّ المادة الرسمية 647,متأثرة قطعًا,مراجعة قانونية بشرية لكل دراسة استشهدت بهذا الرقم
نظام المعاملات المدنية,647,648,مزاح,كل استشهاد بـ«نظام المعاملات المدنية، المادة (647)» صادر عن المنصة يعرض فعليًا نصّ المادة الرسمية 648,متأثرة قطعًا,مراجعة قانونية بشرية لكل دراسة استشهدت بهذا الرقم
نظام المعاملات المدنية,648,649,مزاح,كل استشهاد بـ«نظام المعاملات المدنية، المادة (648)» صادر عن المنصة يعرض فعليًا نصّ المادة الرسمية 649,متأثرة قطعًا,مراجعة قانونية بشرية لكل دراسة استشهدت بهذا الرقم
نظام المعاملات المدنية,649,650,مزاح,كل استشهاد بـ«نظام المعاملات المدنية، المادة (649)» صادر عن المنصة يعرض فعليًا نصّ المادة الرسمية 650,متأثرة قطعًا,مراجعة قانونية بشرية لكل دراسة استشهدت بهذا الرقم
نظام المعاملات المدنية,650,651,مزاح,كل استشهاد بـ«نظام المعاملات المدنية، المادة (650)» صادر عن المنصة يعرض فعليًا نصّ المادة الرسمية 651,متأثرة قطعًا,مراجعة قانونية بشرية لكل دراسة استشهدت بهذا الرقم
نظام المعاملات المدنية,651,652,مزاح,كل استشهاد بـ«نظام المعاملات المدنية، المادة (651)» صادر عن المنصة يعرض فعليًا نصّ المادة الرسمية 652,متأثرة قطعًا,مراجعة قانونية بشرية لكل دراسة استشهدت بهذا الرقم
نظام المعاملات المدنية,652,653,مزاح,كل استشهاد بـ«نظام المعاملات المدنية، المادة (652)» صادر عن المنصة يعرض فعليًا نصّ المادة الرسمية 653,متأثرة قطعًا,مراجعة قانونية بشرية لكل دراسة استشهدت بهذا الرقم
نظام المعاملات المدنية,653,654,مزاح,كل استشهاد بـ«نظام المعاملات المدنية، المادة (653)» صادر عن المنصة يعرض فعليًا نصّ المادة الرسمية 654,متأثرة قطعًا,مراجعة قانونية بشرية لكل دراسة استشهدت بهذا الرقم
نظام المعاملات المدنية,654,655,مزاح,كل استشهاد بـ«نظام المعاملات المدنية، المادة (654)» صادر عن المنصة يعرض فعليًا نصّ المادة الرسمية 655,متأثرة قطعًا,مراجعة قانونية بشرية لكل دراسة استشهدت بهذا الرقم
نظام المعاملات المدنية,655,656,مزاح,كل استشهاد بـ«نظام المعاملات المدنية، المادة (655)» صادر عن المنصة يعرض فعليًا نصّ المادة الرسمية 656,متأثرة قطعًا,مراجعة قانونية بشرية لكل دراسة استشهدت بهذا الرقم
نظام المعاملات المدنية,656,657,مزاح,كل استشهاد بـ«نظام المعاملات المدنية، المادة (656)» صادر عن المنصة يعرض فعليًا نصّ المادة الرسمية 657,متأثرة قطعًا,مراجعة قانونية بشرية لكل دراسة استشهدت بهذا الرقم
نظام المعاملات المدنية,657,658,مزاح,كل استشهاد بـ«نظام المعاملات المدنية، المادة (657)» صادر عن المنصة يعرض فعليًا نصّ المادة الرسمية 658,متأثرة قطعًا,مراجعة قانونية بشرية لكل دراسة استشهدت بهذا الرقم
نظام المعاملات المدنية,658,659,مزاح,كل استشهاد بـ«نظام المعاملات المدنية، المادة (658)» صادر عن المنصة يعرض فعليًا نصّ المادة الرسمية 659,متأثرة قطعًا,مراجعة قانونية بشرية لكل دراسة استشهدت بهذا الرقم
نظام المعاملات المدنية,659,660,مزاح,كل استشهاد بـ«نظام المعاملات المدنية، المادة (659)» صادر عن المنصة يعرض فعليًا نصّ المادة الرسمية 660,متأثرة قطعًا,مراجعة قانونية بشرية لكل دراسة استشهدت بهذا الرقم
نظام المعاملات المدنية,660,661,مزاح,كل استشهاد بـ«نظام المعاملات المدنية، المادة (660)» صادر عن المنصة يعرض فعليًا نصّ المادة الرسمية 661,متأثرة قطعًا,مراجعة قانونية بشرية لكل دراسة استشهدت بهذا الرقم
نظام المعاملات المدنية,661,662,مزاح,كل استشهاد بـ«نظام المعاملات المدنية، المادة (661)» صادر عن المنصة يعرض فعليًا نصّ المادة الرسمية 662,متأثرة قطعًا,مراجعة قانونية بشرية لكل دراسة استشهدت بهذا الرقم
نظام المعاملات المدنية,662,663,مزاح,كل استشهاد بـ«نظام المعاملات المدنية، المادة (662)» صادر عن المنصة يعرض فعليًا نصّ المادة الرسمية 663,متأثرة قطعًا,مراجعة قانونية بشرية لكل دراسة استشهدت بهذا الرقم
نظام المعاملات المدنية,663,664,مزاح,كل استشهاد بـ«نظام المعاملات المدنية، المادة (663)» صادر عن المنصة يعرض فعليًا نصّ المادة الرسمية 664,متأثرة قطعًا,مراجعة قانونية بشرية لكل دراسة استشهدت بهذا الرقم
نظام المعاملات المدنية,664,665,مزاح,كل استشهاد بـ«نظام المعاملات المدنية، المادة (664)» صادر عن المنصة يعرض فعليًا نصّ المادة الرسمية 665,متأثرة قطعًا,مراجعة قانونية بشرية لكل دراسة استشهدت بهذا الرقم
نظام المعاملات المدنية,665,666,مزاح,كل استشهاد بـ«نظام المعاملات المدنية، المادة (665)» صادر عن المنصة يعرض فعليًا نصّ المادة الرسمية 666,متأثرة قطعًا,مراجعة قانونية بشرية لكل دراسة استشهدت بهذا الرقم
نظام المعاملات المدنية,666,667,مزاح,كل استشهاد بـ«نظام المعاملات المدنية، المادة (666)» صادر عن المنصة يعرض فعليًا نصّ المادة الرسمية 667,متأثرة قطعًا,مراجعة قانونية بشرية لكل دراسة استشهدت بهذا الرقم
نظام المعاملات المدنية,667,668,مزاح,كل استشهاد بـ«نظام المعاملات المدنية، المادة (667)» صادر عن المنصة يعرض فعليًا نصّ المادة الرسمية 668,متأثرة قطعًا,مراجعة قانونية بشرية لكل دراسة استشهدت بهذا الرقم
نظام المعاملات المدنية,668,669,مزاح,كل استشهاد بـ«نظام المعاملات المدنية، المادة (668)» صادر عن المنصة يعرض فعليًا نصّ المادة الرسمية 669,متأثرة قطعًا,مراجعة قانونية بشرية لكل دراسة استشهدت بهذا الرقم
نظام المعاملات المدنية,669,670,مزاح,كل استشهاد بـ«نظام المعاملات المدنية، المادة (669)» صادر عن المنصة يعرض فعليًا نصّ المادة الرسمية 670,متأثرة قطعًا,مراجعة قانونية بشرية لكل دراسة استشهدت بهذا الرقم
نظام المعاملات المدنية,670,671,مزاح,كل استشهاد بـ«نظام المعاملات المدنية، المادة (670)» صادر عن المنصة يعرض فعليًا نصّ المادة الرسمية 671,متأثرة قطعًا,مراجعة قانونية بشرية لكل دراسة استشهدت بهذا الرقم
نظام المعاملات المدنية,671,672,مزاح,كل استشهاد بـ«نظام المعاملات المدنية، المادة (671)» صادر عن المنصة يعرض فعليًا نصّ المادة الرسمية 672,متأثرة قطعًا,مراجعة قانونية بشرية لكل دراسة استشهدت بهذا الرقم
نظام المعاملات المدنية,672,673,مزاح,كل استشهاد بـ«نظام المعاملات المدنية، المادة (672)» صادر عن المنصة يعرض فعليًا نصّ المادة الرسمية 673,متأثرة قطعًا,مراجعة قانونية بشرية لكل دراسة استشهدت بهذا الرقم
نظام المعاملات المدنية,673,674,مزاح,كل استشهاد بـ«نظام المعاملات المدنية، المادة (673)» صادر عن المنصة يعرض فعليًا نصّ المادة الرسمية 674,متأثرة قطعًا,مراجعة قانونية بشرية لكل دراسة استشهدت بهذا الرقم
نظام المعاملات المدنية,674,675,مزاح,كل استشهاد بـ«نظام المعاملات المدنية، المادة (674)» صادر عن المنصة يعرض فعليًا نصّ المادة الرسمية 675,متأثرة قطعًا,مراجعة قانونية بشرية لكل دراسة استشهدت بهذا الرقم
نظام المعاملات المدنية,675,676,مزاح,كل استشهاد بـ«نظام المعاملات المدنية، المادة (675)» صادر عن المنصة يعرض فعليًا نصّ المادة الرسمية 676,متأثرة قطعًا,مراجعة قانونية بشرية لكل دراسة استشهدت بهذا الرقم
نظام المعاملات المدنية,676,677,مزاح,كل استشهاد بـ«نظام المعاملات المدنية، المادة (676)» صادر عن المنصة يعرض فعليًا نصّ المادة الرسمية 677,متأثرة قطعًا,مراجعة قانونية بشرية لكل دراسة استشهدت بهذا الرقم
نظام المعاملات المدنية,677,678,مزاح,كل استشهاد بـ«نظام المعاملات المدنية، المادة (677)» صادر عن المنصة يعرض فعليًا نصّ المادة الرسمية 678,متأثرة قطعًا,مراجعة قانونية بشرية لكل دراسة استشهدت بهذا الرقم
نظام المعاملات المدنية,678,679,مزاح,كل استشهاد بـ«نظام المعاملات المدنية، المادة (678)» صادر عن المنصة يعرض فعليًا نصّ المادة الرسمية 679,متأثرة قطعًا,مراجعة قانونية بشرية لكل دراسة استشهدت بهذا الرقم
نظام المعاملات المدنية,679,680,مزاح,كل استشهاد بـ«نظام المعاملات المدنية، المادة (679)» صادر عن المنصة يعرض فعليًا نصّ المادة الرسمية 680,متأثرة قطعًا,مراجعة قانونية بشرية لكل دراسة استشهدت بهذا الرقم
نظام المعاملات المدنية,680,681,مزاح,كل استشهاد بـ«نظام المعاملات المدنية، المادة (680)» صادر عن المنصة يعرض فعليًا نصّ المادة الرسمية 681,متأثرة قطعًا,مراجعة قانونية بشرية لكل دراسة استشهدت بهذا الرقم
نظام المعاملات المدنية,681,682,مزاح,كل استشهاد بـ«نظام المعاملات المدنية، المادة (681)» صادر عن المنصة يعرض فعليًا نصّ المادة الرسمية 682,متأثرة قطعًا,مراجعة قانونية بشرية لكل دراسة استشهدت بهذا الرقم
نظام المعاملات المدنية,682,683,مزاح,كل استشهاد بـ«نظام المعاملات المدنية، المادة (682)» صادر عن المنصة يعرض فعليًا نصّ المادة الرسمية 683,متأثرة قطعًا,مراجعة قانونية بشرية لكل دراسة استشهدت بهذا الرقم
نظام المعاملات المدنية,683,684,مزاح,كل استشهاد بـ«نظام المعاملات المدنية، المادة (683)» صادر عن المنصة يعرض فعليًا نصّ المادة الرسمية 684,متأثرة قطعًا,مراجعة قانونية بشرية لكل دراسة استشهدت بهذا الرقم
نظام المعاملات المدنية,684,685,مزاح,كل استشهاد بـ«نظام المعاملات المدنية، المادة (684)» صادر عن المنصة يعرض فعليًا نصّ المادة الرسمية 685,متأثرة قطعًا,مراجعة قانونية بشرية لكل دراسة استشهدت بهذا الرقم
نظام المعاملات المدنية,685,686,مزاح,كل استشهاد بـ«نظام المعاملات المدنية، المادة (685)» صادر عن المنصة يعرض فعليًا نصّ المادة الرسمية 686,متأثرة قطعًا,مراجعة قانونية بشرية لكل دراسة استشهدت بهذا الرقم
نظام المعاملات المدنية,686,687,مزاح,كل استشهاد بـ«نظام المعاملات المدنية، المادة (686)» صادر عن المنصة يعرض فعليًا نصّ المادة الرسمية 687,متأثرة قطعًا,مراجعة قانونية بشرية لكل دراسة استشهدت بهذا الرقم
نظام المعاملات المدنية,687,688,مزاح,كل استشهاد بـ«نظام المعاملات المدنية، المادة (687)» صادر عن المنصة يعرض فعليًا نصّ المادة الرسمية 688,متأثرة قطعًا,مراجعة قانونية بشرية لكل دراسة استشهدت بهذا الرقم
نظام المعاملات المدنية,688,689,مزاح,كل استشهاد بـ«نظام المعاملات المدنية، المادة (688)» صادر عن المنصة يعرض فعليًا نصّ المادة الرسمية 689,متأثرة قطعًا,مراجعة قانونية بشرية لكل دراسة استشهدت بهذا الرقم
نظام المعاملات المدنية,689,690,مزاح,كل استشهاد بـ«نظام المعاملات المدنية، المادة (689)» صادر عن المنصة يعرض فعليًا نصّ المادة الرسمية 690,متأثرة قطعًا,مراجعة قانونية بشرية لكل دراسة استشهدت بهذا الرقم
نظام المعاملات المدنية,690,691,مزاح,كل استشهاد بـ«نظام المعاملات المدنية، المادة (690)» صادر عن المنصة يعرض فعليًا نصّ المادة الرسمية 691,متأثرة قطعًا,مراجعة قانونية بشرية لكل دراسة استشهدت بهذا الرقم
نظام المعاملات المدنية,691,692,مزاح,كل استشهاد بـ«نظام المعاملات المدنية، المادة (691)» صادر عن المنصة يعرض فعليًا نصّ المادة الرسمية 692,متأثرة قطعًا,مراجعة قانونية بشرية لكل دراسة استشهدت بهذا الرقم
نظام المعاملات المدنية,692,693,مزاح,كل استشهاد بـ«نظام المعاملات المدنية، المادة (692)» صادر عن المنصة يعرض فعليًا نصّ المادة الرسمية 693,متأثرة قطعًا,مراجعة قانونية بشرية لكل دراسة استشهدت بهذا الرقم
نظام المعاملات المدنية,693,694,مزاح,كل استشهاد بـ«نظام المعاملات المدنية، المادة (693)» صادر عن المنصة يعرض فعليًا نصّ المادة الرسمية 694,متأثرة قطعًا,مراجعة قانونية بشرية لكل دراسة استشهدت بهذا الرقم
نظام المعاملات المدنية,694,695,مزاح,كل استشهاد بـ«نظام المعاملات المدنية، المادة (694)» صادر عن المنصة يعرض فعليًا نصّ المادة الرسمية 695,متأثرة قطعًا,مراجعة قانونية بشرية لكل دراسة استشهدت بهذا الرقم
نظام المعاملات المدنية,695,696,مزاح,كل استشهاد بـ«نظام المعاملات المدنية، المادة (695)» صادر عن المنصة يعرض فعليًا نصّ المادة الرسمية 696,متأثرة قطعًا,مراجعة قانونية بشرية لكل دراسة استشهدت بهذا الرقم
نظام المعاملات المدنية,696,697,مزاح,كل استشهاد بـ«نظام المعاملات المدنية، المادة (696)» صادر عن المنصة يعرض فعليًا نصّ المادة الرسمية 697,متأثرة قطعًا,مراجعة قانونية بشرية لكل دراسة استشهدت بهذا الرقم
نظام المعاملات المدنية,697,698,مزاح,كل استشهاد بـ«نظام المعاملات المدنية، المادة (697)» صادر عن المنصة يعرض فعليًا نصّ المادة الرسمية 698,متأثرة قطعًا,مراجعة قانونية بشرية لكل دراسة استشهدت بهذا الرقم
نظام المعاملات المدنية,698,699,مزاح,كل استشهاد بـ«نظام المعاملات المدنية، المادة (698)» صادر عن المنصة يعرض فعليًا نصّ المادة الرسمية 699,متأثرة قطعًا,مراجعة قانونية بشرية لكل دراسة استشهدت بهذا الرقم
نظام المعاملات المدنية,699,700,مزاح,كل استشهاد بـ«نظام المعاملات المدنية، المادة (699)» صادر عن المنصة يعرض فعليًا نصّ المادة الرسمية 700,متأثرة قطعًا,مراجعة قانونية بشرية لكل دراسة استشهدت بهذا الرقم
نظام المعاملات المدنية,700,701,مزاح,كل استشهاد بـ«نظام المعاملات المدنية، المادة (700)» صادر عن المنصة يعرض فعليًا نصّ المادة الرسمية 701,متأثرة قطعًا,مراجعة قانونية بشرية لكل دراسة استشهدت بهذا الرقم
نظام المعاملات المدنية,701,702,مزاح,كل استشهاد بـ«نظام المعاملات المدنية، المادة (701)» صادر عن المنصة يعرض فعليًا نصّ المادة الرسمية 702,متأثرة قطعًا,مراجعة قانونية بشرية لكل دراسة استشهدت بهذا الرقم
نظام المعاملات المدنية,702,703,مزاح,كل استشهاد بـ«نظام المعاملات المدنية، المادة (702)» صادر عن المنصة يعرض فعليًا نصّ المادة الرسمية 703,متأثرة قطعًا,مراجعة قانونية بشرية لكل دراسة استشهدت بهذا الرقم
نظام المعاملات المدنية,703,704,مزاح,كل استشهاد بـ«نظام المعاملات المدنية، المادة (703)» صادر عن المنصة يعرض فعليًا نصّ المادة الرسمية 704,متأثرة قطعًا,مراجعة قانونية بشرية لكل دراسة استشهدت بهذا الرقم
نظام المعاملات المدنية,704,705,مزاح,كل استشهاد بـ«نظام المعاملات المدنية، المادة (704)» صادر عن المنصة يعرض فعليًا نصّ المادة الرسمية 705,متأثرة قطعًا,مراجعة قانونية بشرية لكل دراسة استشهدت بهذا الرقم
نظام المعاملات المدنية,705,706,مزاح,كل استشهاد بـ«نظام المعاملات المدنية، المادة (705)» صادر عن المنصة يعرض فعليًا نصّ المادة الرسمية 706,متأثرة قطعًا,مراجعة قانونية بشرية لكل دراسة استشهدت بهذا الرقم
نظام المعاملات المدنية,706,707,مزاح,كل استشهاد بـ«نظام المعاملات المدنية، المادة (706)» صادر عن المنصة يعرض فعليًا نصّ المادة الرسمية 707,متأثرة قطعًا,مراجعة قانونية بشرية لكل دراسة استشهدت بهذا الرقم
نظام المعاملات المدنية,707,708,مزاح,كل استشهاد بـ«نظام المعاملات المدنية، المادة (707)» صادر عن المنصة يعرض فعليًا نصّ المادة الرسمية 708,متأثرة قطعًا,مراجعة قانونية بشرية لكل دراسة استشهدت بهذا الرقم
نظام المعاملات المدنية,708,709,مزاح,كل استشهاد بـ«نظام المعاملات المدنية، المادة (708)» صادر عن المنصة يعرض فعليًا نصّ المادة الرسمية 709,متأثرة قطعًا,مراجعة قانونية بشرية لكل دراسة استشهدت بهذا الرقم
نظام المعاملات المدنية,709,710,مزاح,كل استشهاد بـ«نظام المعاملات المدنية، المادة (709)» صادر عن المنصة يعرض فعليًا نصّ المادة الرسمية 710,متأثرة قطعًا,مراجعة قانونية بشرية لكل دراسة استشهدت بهذا الرقم
نظام المعاملات المدنية,710,711,مزاح,كل استشهاد بـ«نظام المعاملات المدنية، المادة (710)» صادر عن المنصة يعرض فعليًا نصّ المادة الرسمية 711,متأثرة قطعًا,مراجعة قانونية بشرية لكل دراسة استشهدت بهذا الرقم
نظام المعاملات المدنية,711,712,مزاح,كل استشهاد بـ«نظام المعاملات المدنية، المادة (711)» صادر عن المنصة يعرض فعليًا نصّ المادة الرسمية 712,متأثرة قطعًا,مراجعة قانونية بشرية لكل دراسة استشهدت بهذا الرقم
نظام المعاملات المدنية,712,713,مزاح,كل استشهاد بـ«نظام المعاملات المدنية، المادة (712)» صادر عن المنصة يعرض فعليًا نصّ المادة الرسمية 713,متأثرة قطعًا,مراجعة قانونية بشرية لكل دراسة استشهدت بهذا الرقم
نظام المعاملات المدنية,713,714,مزاح,كل استشهاد بـ«نظام المعاملات المدنية، المادة (713)» صادر عن المنصة يعرض فعليًا نصّ المادة الرسمية 714,متأثرة قطعًا,مراجعة قانونية بشرية لكل دراسة استشهدت بهذا الرقم
نظام المعاملات المدنية,714,715,مزاح,كل استشهاد بـ«نظام المعاملات المدنية، المادة (714)» صادر عن المنصة يعرض فعليًا نصّ المادة الرسمية 715,متأثرة قطعًا,مراجعة قانونية بشرية لكل دراسة استشهدت بهذا الرقم
نظام المعاملات المدنية,715,716,مزاح,كل استشهاد بـ«نظام المعاملات المدنية، المادة (715)» صادر عن المنصة يعرض فعليًا نصّ المادة الرسمية 716,متأثرة قطعًا,مراجعة قانونية بشرية لكل دراسة استشهدت بهذا الرقم
نظام المعاملات المدنية,716,717,مزاح,كل استشهاد بـ«نظام المعاملات المدنية، المادة (716)» صادر عن المنصة يعرض فعليًا نصّ المادة الرسمية 717,متأثرة قطعًا,مراجعة قانونية بشرية لكل دراسة استشهدت بهذا الرقم
نظام المعاملات المدنية,717,718,مزاح,كل استشهاد بـ«نظام المعاملات المدنية، المادة (717)» صادر عن المنصة يعرض فعليًا نصّ المادة الرسمية 718,متأثرة قطعًا,مراجعة قانونية بشرية لكل دراسة استشهدت بهذا الرقم
نظام المعاملات المدنية,718,719,مزاح,كل استشهاد بـ«نظام المعاملات المدنية، المادة (718)» صادر عن المنصة يعرض فعليًا نصّ المادة الرسمية 719,متأثرة قطعًا,مراجعة قانونية بشرية لكل دراسة استشهدت بهذا الرقم
نظام المعاملات المدنية,719,720,مزاح,كل استشهاد بـ«نظام المعاملات المدنية، المادة (719)» صادر عن المنصة يعرض فعليًا نصّ المادة الرسمية 720,متأثرة قطعًا,مراجعة قانونية بشرية لكل دراسة استشهدت بهذا الرقم
نظام المعاملات المدنية,720,721,مزاح,كل استشهاد بـ«نظام المعاملات المدنية، المادة (720)» صادر عن المنصة يعرض فعليًا نصّ المادة الرسمية 721,متأثرة قطعًا,مراجعة قانونية بشرية لكل دراسة استشهدت بهذا الرقم
نظام المعاملات المدنية,721,721,مكرر,كل استشهاد بـ«نظام المعاملات المدنية، المادة (721)» صادر عن المنصة يعرض فعليًا نصّ المادة الرسمية 721,متأثرة قطعًا,مراجعة قانونية بشرية لكل دراسة استشهدت بهذا الرقم
