م,الرمز,اسم النظام / الأداة,النوع,المجال,الطبيعة,النظام الأم,عدد المواد,تاريخ الإصدار (هـ),ما يوافقه (م),سنة الإصدار (هـ),مصدر التاريخ,رابط المصدر الرسمي
1,CIV-001,نظام المعاملات المدنية,نظام,المعاملات المدنية,موضوعي/تنظيمي,,721,29/11/1444هـ,2023-06-18,1444.0,بوابة وزارة العدل (تحقق رسمي),https://laws.moj.gov.sa/ar/legislation/PBbHmywh1XMp-Kyv3NtQLg
2,COM-001,النظام التجاري ( نظام المحكمة التجارية),نظام,التجاري والشركات,موضوعي/تنظيمي,,629,,,,غير متوفر في القاعدة,
3,COM-002,النظام البحري التجاري,نظام,التجاري والشركات,موضوعي/تنظيمي,,391,,,,غير متوفر في القاعدة,
4,CMP-001,نظام الشركات,نظام,الشركات,موضوعي/تنظيمي,,281,,,,غير متوفر في القاعدة,
5,JUD-001,نظام تركيز مسؤوليات القضاء الشرعي,نظام,القضاء والنيابة,قضائي تنظيمي,,258,,,,غير متوفر في القاعدة,
6,PST-001,نظام الأحوال الشخصية,نظام,الأحوال الشخصية,موضوعي/تنظيمي,,252,6/8/1443هـ,2022-03-09,1443.0,بوابة وزارة العدل (تحقق رسمي),https://laws.moj.gov.sa/ar/legislation/xt6PShke0baUTC0OdfS9AQ
7,LAB-001,نظام العمل,نظام,العمل والتأمينات,موضوعي/تنظيمي,,248,,,,غير متوفر في القاعدة,
8,PRC-001,نظام المرافعات الشرعية,نظام,المرافعات والإجراءات,إجرائي,,242,22/1/1435هـ,2013-11-25,1435.0,بوابة وزارة العدل (تحقق رسمي),https://laws.moj.gov.sa/ar/legislation/sSe-gyvwrajdndY5P08WZg
9,CMP-002,نظام الإفلاس,نظام,الشركات,موضوعي/تنظيمي,,231,28/5/1439هـ,2018-02-14,1439.0,بوابة وزارة العدل (تحقق رسمي),https://laws.moj.gov.sa/ar/legislation/-FF20eK5iu1hvvKJe5GZVQ
10,PRC-002,نظام الإجراءات الجزائية,نظام,المرافعات والإجراءات,إجرائي,,222,22/1/1435هـ,2013-11-25,1435.0,بوابة وزارة العدل (تحقق رسمي),https://laws.moj.gov.sa/ar/legislation/BdFRJFma6kPhQqhIh2f7eQ
11,ENF-001,اللائحة التنفيذية لنظام الإجراءات الجزائية,لائحة,المرافعات والإجراءات,إجرائي,نظام الإجراءات الجزائية,181,,,,غير متوفر في القاعدة,
12,REG-001,نظام الطيران المدني,نظام,تنظيمي قطاعي,موضوعي/تنظيمي,,180,,,,غير متوفر في القاعدة,
13,REG-002,نظام (قانون) الجمارك الموحد لدول مجلس التعاون لدول الخليج العربية,نظام,تنظيمي قطاعي,موضوعي/تنظيمي,,179,,,,غير متوفر في القاعدة,
14,LAB-002,نظام خدمة الضباط,نظام,العمل والتأمينات,موضوعي/تنظيمي,,161,,,,غير متوفر في القاعدة,
15,REG-003,نظام الطرق والمباني,نظام,تنظيمي قطاعي,موضوعي/تنظيمي,,160,,,,غير متوفر في القاعدة,
16,ADM-001,تنظيم هيئات تطوير المناطق والمدن واللائحة المالية لهيئات تطوير المناطق والمدن واللائحة الإدارية لهيئات تطوير المناطق والمدن,تنظيم,الإداري والحوكمة العامة,موضوعي/تنظيمي,,139,,,,غير متوفر في القاعدة,
17,EVD-001,نظام الإثبات,نظام,الإثبات,إجرائي,,129,26/5/1443هـ,2021-12-30,1443.0,بوابة وزارة العدل (تحقق رسمي),https://laws.moj.gov.sa/ar/legislation/UbB0wpvasVhoTAgmYKUA7A
18,COM-003,نظام الأوراق التجارية,نظام,التجاري والشركات,موضوعي/تنظيمي,,121,,,,غير متوفر في القاعدة,
19,ADM-002,نظام المنافسات و المشتريات الحكومية,نظام,الإداري والحوكمة العامة,موضوعي/تنظيمي,,99,,,,غير متوفر في القاعدة,
20,ENF-002,نظام التنفيذ,نظام,التنفيذ,إجرائي,,98,,,,غير متوفر في القاعدة,
21,ENF-003,اللائحة التنفيذية لنظام الإفلاس,لائحة,الشركات,موضوعي/تنظيمي,نظام الإفلاس,98,,,,غير متوفر في القاعدة,
22,COM-004,نظام المحاكم التجارية,نظام,التجاري والشركات,إجرائي,,96,15/8/1441هـ,2020-04-08,1441.0,بوابة وزارة العدل (تحقق رسمي),https://laws.moj.gov.sa/ar/legislation/5-3nY9odCRxj7FPBTXJG0Q
23,REG-004,نظام الأحوال المدنية,نظام,تنظيمي قطاعي,موضوعي/تنظيمي,,96,,,,غير متوفر في القاعدة,
24,CRM-001,نظام مكافحة جرائم الإرهاب وتمويله,نظام,الجزائي والعقوبات,موضوعي/تنظيمي,,96,,,,غير متوفر في القاعدة,
25,REG-005,نظام الآثار والمتاحف والتراث العمراني,نظام,تنظيمي قطاعي,موضوعي/تنظيمي,,94,,,,غير متوفر في القاعدة,
26,REG-006,نظام المرور,نظام,تنظيمي قطاعي,موضوعي/تنظيمي,,85,,,,غير متوفر في القاعدة,
27,JUD-002,نظام القضاء,نظام,القضاء والنيابة,قضائي تنظيمي,,85,,,,غير متوفر في القاعدة,
28,ADM-003,النظام الأساسي للحكم,نظام,الإداري والحوكمة العامة,موضوعي/تنظيمي,,83,,,,غير متوفر في القاعدة,
29,FIN-001,نظام ضريبة الدخل,نظام,المالية والضرائب والبنوك,موضوعي/تنظيمي,,81,,,,غير متوفر في القاعدة,
30,ADM-004,نظام المنافسات والمشتريات الحكومية,نظام,الإداري والحوكمة العامة,موضوعي/تنظيمي,,81,,,,غير متوفر في القاعدة,
31,RES-001,نظام التسجيل العيني للعقار 1423هـ,نظام,العقار والتسجيل العيني,موضوعي/تنظيمي,,78,,,1423.0,سنة واردة في اسم النظام,
32,REG-007,نظام المياه,نظام,تنظيمي قطاعي,موضوعي/تنظيمي,,77,,,,غير متوفر في القاعدة,
33,CRM-002,نظام مكافحة المخدرات والمؤثرات العقلية,نظام,الجزائي والعقوبات,موضوعي/تنظيمي,,74,,,,غير متوفر في القاعدة,
34,LAB-003,نظام خدمة الأفراد,نظام,العمل والتأمينات,موضوعي/تنظيمي,,73,,,,غير متوفر في القاعدة,
35,LAB-004,نظام التأمينات الاجتماعية,نظام,العمل والتأمينات,موضوعي/تنظيمي,,71,,,,غير متوفر في القاعدة,
36,REG-008,نظام المجالس البلدية,نظام,تنظيمي قطاعي,موضوعي/تنظيمي,,69,,,,غير متوفر في القاعدة,
37,FIN-002,نظام السوق المالية,نظام,المالية والضرائب والبنوك,موضوعي/تنظيمي,,68,,,,غير متوفر في القاعدة,
38,COM-005,نظام الغرف التجارية,نظام,التجاري والشركات,موضوعي/تنظيمي,,66,,,,غير متوفر في القاعدة,
39,IPR-001,نظام براءات الاختراع والتصميمات التخطيطية للدارات المتكاملة والأصناف النباتية والنماذج الصناعية,نظام,الملكية الفكرية,موضوعي/تنظيمي,,65,,,,غير متوفر في القاعدة,
40,REG-009,نــظام الاستــثمار التعديني.,نظام,تنظيمي قطاعي,موضوعي/تنظيمي,,64,,,,غير متوفر في القاعدة,
41,REG-010,نظام نقابة السيارات,نظام,تنظيمي قطاعي,موضوعي/تنظيمي,,64,,,,غير متوفر في القاعدة,
42,PRC-003,نظام المرافعات أمام ديوان المظالم,نظام,المرافعات والإجراءات,إجرائي,,63,,,,غير متوفر في القاعدة,
43,CRM-003,نظام الأسلحة والذخائر,نظام,الجزائي والعقوبات,موضوعي/تنظيمي,,63,,,,غير متوفر في القاعدة,
44,REG-011,القانون (النظام) الموحد للتعدين لدول مجلس التعاون,قانون,تنظيمي قطاعي,موضوعي/تنظيمي,,62,,,,غير متوفر في القاعدة,
45,REG-012,نظام مجلس التعليم العالي والجامعات,نظام,تنظيمي قطاعي,موضوعي/تنظيمي,,60,,,,غير متوفر في القاعدة,
46,COM-006,نظام العلامات التجارية,نظام,التجاري والشركات,موضوعي/تنظيمي,,58,,,,غير متوفر في القاعدة,
47,REG-013,نظام الجامعات,نظام,تنظيمي قطاعي,موضوعي/تنظيمي,,58,,,,غير متوفر في القاعدة,
48,ARB-001,نظام التحكيم,نظام,التحكيم,إجرائي,,58,24/5/1433هـ,2012-04-16,1433.0,بوابة وزارة العدل (تحقق رسمي),https://laws.moj.gov.sa/ar/legislation/b_jI6RVZmizpiPSUSqLs7g
49,NOT-001,نظام التوثيق,نظام,التوثيق,إجرائي,,57,19/11/1441هـ,2020-07-10,1441.0,بوابة وزارة العدل (تحقق رسمي),https://laws.moj.gov.sa/ar/legislation/g28zaD-gXzN_8DAm9qbydw
50,REG-014,نظام المحاماة,نظام,تنظيمي قطاعي,موضوعي/تنظيمي,,56,,,,غير متوفر في القاعدة,
51,CRM-004,نظام مكافحة غسل الأموال,نظام,الجزائي والعقوبات,موضوعي/تنظيمي,,54,,,,غير متوفر في القاعدة,
52,FIN-003,نظام ضريبة القيمة المضافة,نظام,المالية والضرائب والبنوك,موضوعي/تنظيمي,,53,,,,غير متوفر في القاعدة,
53,COM-007,قانون (نظام) العلامات التجارية لدول مجلس التعاون لدول الخليج العربية,قانون,التجاري والشركات,موضوعي/تنظيمي,,52,,,,غير متوفر في القاعدة,
54,REG-015,نظام أخلاقيات البحث على المخلوقات الحية,نظام,تنظيمي قطاعي,موضوعي/تنظيمي,,51,,,,غير متوفر في القاعدة,
55,REG-016,نظام المطبوعات والنشر,نظام,تنظيمي قطاعي,موضوعي/تنظيمي,,49,,,,غير متوفر في القاعدة,
56,REG-017,نظام البلديات والقرى,نظام,تنظيمي قطاعي,موضوعي/تنظيمي,,49,,,,غير متوفر في القاعدة,
57,REG-018,نظام البيئة,نظام,تنظيمي قطاعي,موضوعي/تنظيمي,,49,,,,غير متوفر في القاعدة,
58,HLT-001,نظام الأجهزة والمستلزمات الطبية,نظام,الصحة والدواء,موضوعي/تنظيمي,,49,,,,غير متوفر في القاعدة,
59,COM-008,نظام الرهن التجاري,نظام,التجاري والشركات,موضوعي/تنظيمي,,47,,,,غير متوفر في القاعدة,
60,RES-002,نظام الرهن العقاري المسجل,نظام,العقار والتسجيل العيني,موضوعي/تنظيمي,,46,,,,غير متوفر في القاعدة,
61,REG-019,نظام المقيمين المعتمدين,نظام,تنظيمي قطاعي,موضوعي/تنظيمي,,45,,,,غير متوفر في القاعدة,
62,REG-020,نظام التخصيص,نظام,تنظيمي قطاعي,موضوعي/تنظيمي,,45,,,,غير متوفر في القاعدة,
63,HLT-002,نظام الغذاء,نظام,الصحة والدواء,موضوعي/تنظيمي,,45,,,,غير متوفر في القاعدة,
64,HLT-003,نظام مزاولة المهن الصحية,نظام,الصحة والدواء,موضوعي/تنظيمي,,44,,,,غير متوفر في القاعدة,
65,REG-021,نظام الجمعيات التعاونية,نظام,تنظيمي قطاعي,موضوعي/تنظيمي,,44,,,,غير متوفر في القاعدة,
66,REG-022,نظام الجمعيات والمؤسسات الأهلية,نظام,تنظيمي قطاعي,موضوعي/تنظيمي,,44,,,,غير متوفر في القاعدة,
67,REG-023,نظام حماية البيانات الشخصية,نظام,تنظيمي قطاعي,موضوعي/تنظيمي,,43,,,,غير متوفر في القاعدة,
68,ADM-005,نظام المناطق,نظام,الإداري والحوكمة العامة,موضوعي/تنظيمي,,42,,,,غير متوفر في القاعدة,
69,COM-009,نظام الغرف التجارية والصناعية,نظام,التجاري والشركات,موضوعي/تنظيمي,,42,,,,غير متوفر في القاعدة,
70,HLT-004,نظام المنشآت والمستحضرات الصيدلانية والعشبية,نظام,الصحة والدواء,موضوعي/تنظيمي,,42,,,,غير متوفر في القاعدة,
71,REG-024,نظام الكليات العسكرية,نظام,تنظيمي قطاعي,موضوعي/تنظيمي,,41,,,,غير متوفر في القاعدة,
72,PST-002,نظام الهيئة العامة للولاية على أموال القاصرين ومن فى حكمهم,نظام,الأحوال الشخصية,موضوعي/تنظيمي,,41,,,,غير متوفر في القاعدة,
73,JUD-003,النظام الأساسي للهيئة القضائية الاقتصادية لمجلس التعاون لدول الخليج العربية,نظام,القضاء والنيابة,موضوعي/تنظيمي,,41,,,,غير متوفر في القاعدة,
74,PST-003,نظام وحدات الإخصاب والأجنة وعلاج العقم,نظام,الأحوال الشخصية,موضوعي/تنظيمي,,41,,,,غير متوفر في القاعدة,
75,REG-025,نظام الاتصالات وتقنية المعلومات,نظام,تنظيمي قطاعي,موضوعي/تنظيمي,,41,,,,غير متوفر في القاعدة,
76,ENF-004,اللائحة التنفيذية لنظام مكافحة المخدرات والمؤثرات العقلية,لائحة,الجزائي والعقوبات,موضوعي/تنظيمي,نظام مكافحة المخدرات والمؤثرات العقلية,40,,,,غير متوفر في القاعدة,
77,RES-003,نظام التسجيل العيني للعقار,نظام,العقار والتسجيل العيني,موضوعي/تنظيمي,,40,,,,غير متوفر في القاعدة,
78,REG-026,النظام الأساسي للمجلس الدولي للتمور,نظام,تنظيمي قطاعي,موضوعي/تنظيمي,,40,,,,غير متوفر في القاعدة,
79,CMP-003,نظام مراقبة شركات التمويل,نظام,الشركات,موضوعي/تنظيمي,,40,,,,غير متوفر في القاعدة,
80,CMP-004,لائحة تفضيل المحتوى المحلي والمنشآت الصغيرة والمتوسطة المحلية والشركات المدرجة في السوق المالية في الأعمال والمشتريات,لائحة,الشركات,موضوعي/تنظيمي,,39,,,,غير متوفر في القاعدة,
81,LAB-005,نظام التقاعد المدني,نظام,العمل والتأمينات,موضوعي/تنظيمي,,39,,,,غير متوفر في القاعدة,
82,HLT-005,نظام الأعلاف,نظام,الصحة والدواء,موضوعي/تنظيمي,,39,,,,غير متوفر في القاعدة,
83,REG-027,نظام النقل بالخطوط الحديدية,نظام,تنظيمي قطاعي,موضوعي/تنظيمي,,39,,,,غير متوفر في القاعدة,
84,FIN-004,نظام المحاسبين القانونيين,نظام,المالية والضرائب والبنوك,موضوعي/تنظيمي,,38,,,,غير متوفر في القاعدة,
85,FIN-005,نظام معالجة المنشآت المالية المهمة,نظام,المالية والضرائب والبنوك,موضوعي/تنظيمي,,38,,,,غير متوفر في القاعدة,
86,REG-028,نظام إدارة النفايات,نظام,تنظيمي قطاعي,موضوعي/تنظيمي,,38,,,,غير متوفر في القاعدة,
87,CMP-005,نظام المساهمات العقارية,نظام,الشركات,موضوعي/تنظيمي,,38,,,,غير متوفر في القاعدة,
88,HLT-006,نظام منتجات التجميل,نظام,الصحة والدواء,موضوعي/تنظيمي,,38,,,,غير متوفر في القاعدة,
89,REG-029,نظام حماية المبلغين والشهود والخبراء والضحايا,نظام,تنظيمي قطاعي,موضوعي/تنظيمي,,37,,,,غير متوفر في القاعدة,
90,COM-010,نظام المعالجات التجارية في التجارة الدولية,نظام,التجاري والشركات,موضوعي/تنظيمي,,37,,,,غير متوفر في القاعدة,
91,REG-030,نظام الزراعة,نظام,تنظيمي قطاعي,موضوعي/تنظيمي,,37,,,,غير متوفر في القاعدة,
92,ENF-005,نظام التنفيذ أمام ديوان المظالم,نظام,التنفيذ,إجرائي,,37,,,,غير متوفر في القاعدة,
93,REG-031,نظام البريد,نظام,تنظيمي قطاعي,موضوعي/تنظيمي,,37,,,,غير متوفر في القاعدة,
94,REG-032,نظام الدفاع المدني,نظام,تنظيمي قطاعي,موضوعي/تنظيمي,,36,,,,غير متوفر في القاعدة,
95,LAB-006,نظام الخدمة المدنية,نظام,العمل والتأمينات,موضوعي/تنظيمي,,36,,,,غير متوفر في القاعدة,
96,REG-033,اللائحة التنظيمية لدور الأحداث,لائحة,تنظيمي قطاعي,موضوعي/تنظيمي,,36,,,,غير متوفر في القاعدة,
97,FIN-006,النظام الأساسي لهيئة المحاسبة والمراجعة لدول مجلس التعاون,نظام,المالية والضرائب والبنوك,موضوعي/تنظيمي,,35,,,,غير متوفر في القاعدة,
98,LAB-007,نظام التقاعد العسكري,نظام,العمل والتأمينات,موضوعي/تنظيمي,,35,,,,غير متوفر في القاعدة,
99,HLT-007,نظام المؤسسات الصحية الخاصة,نظام,الصحة والدواء,موضوعي/تنظيمي,,35,,,,غير متوفر في القاعدة,
100,HLT-008,نظام الرقابة على الاستخدامات النووية والاشعاعية,نظام,الصحة والدواء,موضوعي/تنظيمي,,35,,,,غير متوفر في القاعدة,
101,IPR-002,نظام براءات الاختراع لدول مجلس التعاون لدول الخليج العربية,نظام,الملكية الفكرية,موضوعي/تنظيمي,,34,,,,غير متوفر في القاعدة,
102,REG-034,النظام الأساس لجمعية الكشافة العربية السعودية,نظام,تنظيمي قطاعي,موضوعي/تنظيمي,,34,,,,غير متوفر في القاعدة,
103,REG-035,نظام مياه الصرف الصحي المعالجة وإعادة استخدامها,نظام,تنظيمي قطاعي,موضوعي/تنظيمي,,34,,,,غير متوفر في القاعدة,
104,REG-036,نظام (قانون) الحجر الزراعي لدول مجلس التعاون لدول الخليج العربية,نظام,تنظيمي قطاعي,موضوعي/تنظيمي,,34,,,,غير متوفر في القاعدة,
105,REG-037,نظام خدمة حجاج الداخل,نظام,تنظيمي قطاعي,موضوعي/تنظيمي,,33,,,,غير متوفر في القاعدة,
106,RES-004,نظام ملكية الوحدات العقارية وفرزها وإدارتها,نظام,العقار والتسجيل العيني,موضوعي/تنظيمي,,33,,,,غير متوفر في القاعدة,
107,REG-038,قانون (نظام) التنظيم الصناعي الموحد لدول مجلس التعاون لدول الخليج العربية,قانون,تنظيمي قطاعي,موضوعي/تنظيمي,,33,,,,غير متوفر في القاعدة,
108,REG-039,نظام حقوق الأشخاص ذوي الإعاقة,نظام,تنظيمي قطاعي,موضوعي/تنظيمي,,33,,,,غير متوفر في القاعدة,
109,ADM-006,نظام ديوان المراقبة العامة,نظام,الإداري والحوكمة العامة,موضوعي/تنظيمي,,33,,,,غير متوفر في القاعدة,
110,ADM-007,نظام مجلس الوزراء,نظام,الإداري والحوكمة العامة,موضوعي/تنظيمي,,32,,,,غير متوفر في القاعدة,
111,FIN-007,نظام صندوق الاستثمارات العامة,نظام,المالية والضرائب والبنوك,موضوعي/تنظيمي,,32,,,,غير متوفر في القاعدة,
112,FIN-008,نظام إيرادات الدولة,نظام,المالية والضرائب والبنوك,موضوعي/تنظيمي,,32,,,,غير متوفر في القاعدة,
113,CRM-005,نظام السجن والتوقيف,نظام,الجزائي والعقوبات,موضوعي/تنظيمي,,31,,,,غير متوفر في القاعدة,
114,CRM-006,نظام المتفجرات والمفرقعات,نظام,الجزائي والعقوبات,موضوعي/تنظيمي,,31,,,,غير متوفر في القاعدة,
115,RES-005,نظام استئجار الدولة للعقار,نظام,العقار والتسجيل العيني,موضوعي/تنظيمي,,31,,,,غير متوفر في القاعدة,
116,HLT-009,نظام المسؤولية المدنية عن الأضرار النووية,نظام,الصحة والدواء,موضوعي/تنظيمي,,31,,,,غير متوفر في القاعدة,
117,REG-040,نظام التعاملات الإلكترونية,نظام,تنظيمي قطاعي,موضوعي/تنظيمي,,31,,,,غير متوفر في القاعدة,
118,ADM-008,نظام مجلس الشورى,نظام,الإداري والحوكمة العامة,موضوعي/تنظيمي,,30,,,,غير متوفر في القاعدة,
119,REG-041,نظام المؤسسات الصحفية,نظام,تنظيمي قطاعي,موضوعي/تنظيمي,,30,,,,غير متوفر في القاعدة,
120,CRM-007,النظام الجزائي لجرائم التزوير,نظام,الجزائي والعقوبات,موضوعي/تنظيمي,,30,,,,غير متوفر في القاعدة,
121,REG-042,نظام الجنسية العربية السعودية,نظام,تنظيمي قطاعي,موضوعي/تنظيمي,,30,,,,غير متوفر في القاعدة,
122,COM-011,نظام مكافحة الغش التجاري,نظام,التجاري والشركات,موضوعي/تنظيمي,,30,,,,غير متوفر في القاعدة,
123,RES-006,نظام بيع وتأجير مشروعات عقارية على الخارطة,نظام,العقار والتسجيل العيني,موضوعي/تنظيمي,,30,,,,غير متوفر في القاعدة,
124,JUD-004,نظام هيئة التحقيق والادعاء العام ( نظام النيابة العامة ),نظام,القضاء والنيابة,قضائي تنظيمي,,30,,,,غير متوفر في القاعدة,
125,JUD-005,لائحة أعضاء هيئة التحقيق والادعاء العام والعاملين فيها,لائحة,القضاء والنيابة,قضائي تنظيمي,,30,,,,غير متوفر في القاعدة,
126,HLT-010,نظام الرعاية الصحية النفسية,نظام,الصحة والدواء,موضوعي/تنظيمي,,30,,,,غير متوفر في القاعدة,
127,REG-043,نظام المواد الهيدروكربونية,نظام,تنظيمي قطاعي,موضوعي/تنظيمي,,30,,,,غير متوفر في القاعدة,
128,REG-044,اللائحة الأساسية لبرامج تأهيل المعوقين,لائحة,تنظيمي قطاعي,موضوعي/تنظيمي,,30,,,,غير متوفر في القاعدة,
129,CMP-006,نظام الشركات المهنية,نظام,الشركات,موضوعي/تنظيمي,,29,,,,غير متوفر في القاعدة,
130,FIN-009,نظام ضمان الحقوق بالأموال المنقولة,نظام,المالية والضرائب والبنوك,موضوعي/تنظيمي,,29,,,,غير متوفر في القاعدة,
131,REG-045,نظام مطاحن إنتاج الدقيق,نظام,تنظيمي قطاعي,موضوعي/تنظيمي,,29,,,,غير متوفر في القاعدة,
132,HLT-011,نظام المراقبة الصحية في منافذ الدخول,نظام,الصحة والدواء,موضوعي/تنظيمي,,29,,,,غير متوفر في القاعدة,
133,HLT-012,نظام الوقاية من متلازمة العوز المناعي المكتسب (الإيدز) وحقوق المصابين وواجباتهم,نظام,الصحة والدواء,موضوعي/تنظيمي,,29,,,,غير متوفر في القاعدة,
134,LAB-008,نظام التأمين ضد التعطل عن العمل,نظام,العمل والتأمينات,موضوعي/تنظيمي,,29,,,,غير متوفر في القاعدة,
135,IPR-003,نظام حماية حقوق المؤلف,نظام,الملكية الفكرية,موضوعي/تنظيمي,,28,,,,غير متوفر في القاعدة,
136,CON-001,نظام المنافسة,نظام,حماية المستهلك والمنافسة,موضوعي/تنظيمي,,28,,,,غير متوفر في القاعدة,
137,ADM-009,تنظيم هيئة المدن الاقتصادية ( هيئة المدن والمناطق الاقتصادية الخاصة),تنظيم,الإداري والحوكمة العامة,موضوعي/تنظيمي,,28,,,,غير متوفر في القاعدة,
138,REG-046,نظام الأئمة والمؤذنين وخدم المساجد,نظام,تنظيمي قطاعي,موضوعي/تنظيمي,,28,,,,غير متوفر في القاعدة,
139,REG-047,نظام الملابس والتجهيزات العسكرية الفردية,نظام,تنظيمي قطاعي,موضوعي/تنظيمي,,28,,,,غير متوفر في القاعدة,
140,HLT-013,نظام تداول بدائل حليب الأم,نظام,الصحة والدواء,موضوعي/تنظيمي,,28,,,,غير متوفر في القاعدة,
141,FIN-010,نظام الإيداع في المخازن العامة,نظام,المالية والضرائب والبنوك,موضوعي/تنظيمي,,28,,,,غير متوفر في القاعدة,
142,RES-007,نظام الايجار التمويلي,نظام,العقار والتسجيل العيني,موضوعي/تنظيمي,,28,,,,غير متوفر في القاعدة,
143,COM-012,نظام الامتياز التجاري,نظام,التجاري والشركات,موضوعي/تنظيمي,,27,,,,غير متوفر في القاعدة,
144,RES-008,نظام نزع ملكية العقارات للمنفعة العامة ووضع اليد المؤقت على العقار,نظام,العقار والتسجيل العيني,موضوعي/تنظيمي,,27,,,,غير متوفر في القاعدة,
145,JUD-006,نظام محاكمة الوزراء,نظام,القضاء والنيابة,موضوعي/تنظيمي,,27,,,,غير متوفر في القاعدة,
146,PST-004,نظام التبرع بالأعضاء البشرية,نظام,الأحوال الشخصية,موضوعي/تنظيمي,,27,,,,غير متوفر في القاعدة,
147,FIN-011,نظام البنك المركزي السعودي,نظام,المالية والضرائب والبنوك,موضوعي/تنظيمي,,27,,,,غير متوفر في القاعدة,
148,CRM-008,تنظيم اللجنة الوطنية لمكافحة المخدرات,تنظيم,الجزائي والعقوبات,موضوعي/تنظيمي,,26,,,,غير متوفر في القاعدة,
149,ENF-006,اللائحة التنفيذية لنظام مكافحة جرائم الإرهاب وتمويله,لائحة,الجزائي والعقوبات,موضوعي/تنظيمي,نظام مكافحة جرائم الإرهاب وتمويله,26,,,,غير متوفر في القاعدة,
150,REG-048,نظام التجارة الإلكترونية,نظام,تنظيمي قطاعي,موضوعي/تنظيمي,,26,,,,غير متوفر في القاعدة,
151,ENF-007,اللائحة التنفيذية لنظام نزع ملكية العقارات للمنفعة العامة ووضع اليد المؤقت على العقار,لائحة,العقار والتسجيل العيني,موضوعي/تنظيمي,نظام نزع ملكية العقارات للمنفعة العامة ووضع اليد المؤقت على العقار,26,,,,غير متوفر في القاعدة,
152,HLT-014,نظام (قانون) الحجر البيطري لدول مجلس التعاون لدول الخليج العربية,نظام,الصحة والدواء,موضوعي/تنظيمي,,26,,,,غير متوفر في القاعدة,
153,JUD-007,نظام ديوان المظالم,نظام,القضاء والنيابة,قضائي تنظيمي,,26,,,,غير متوفر في القاعدة,
154,REG-049,نظام حماية الطفل,نظام,تنظيمي قطاعي,موضوعي/تنظيمي,,26,,,,غير متوفر في القاعدة,
155,ADM-010,تنظيم هيئة الهلال الأحمر السعودي,تنظيم,الإداري والحوكمة العامة,موضوعي/تنظيمي,,26,,,,غير متوفر في القاعدة,
156,REG-050,تنظيم الهيئة السعودية للمدن الصناعية ومناطق التقنية,تنظيم,تنظيمي قطاعي,موضوعي/تنظيمي,,26,,,,غير متوفر في القاعدة,
157,LAB-009,نظام الضمان الاجتماعي,نظام,العمل والتأمينات,موضوعي/تنظيمي,,26,,,,غير متوفر في القاعدة,
158,FIN-012,نظام مراقبة البنوك,نظام,المالية والضرائب والبنوك,موضوعي/تنظيمي,,26,,,,غير متوفر في القاعدة,
159,ADM-011,نظام هيئة البيعة,نظام,الإداري والحوكمة العامة,موضوعي/تنظيمي,,25,,,,غير متوفر في القاعدة,
160,REG-051,نظام الإعلام المرئي والمسموع,نظام,تنظيمي قطاعي,موضوعي/تنظيمي,,25,,,,غير متوفر في القاعدة,
161,CMP-007,نظام مراقبة شركات التأمين التعاوني,نظام,الشركات,موضوعي/تنظيمي,,25,,,,غير متوفر في القاعدة,
162,REG-052,نظام الميداليات المدنية والعسكرية,نظام,تنظيمي قطاعي,موضوعي/تنظيمي,,25,,,,غير متوفر في القاعدة,
163,REG-053,تنظيم الدعم السكني,تنظيم,تنظيمي قطاعي,موضوعي/تنظيمي,,25,,,,غير متوفر في القاعدة,
164,REG-054,نظام الانضباط الوظيفي,نظام,تنظيمي قطاعي,موضوعي/تنظيمي,,25,,,,غير متوفر في القاعدة,
165,HLT-015,نظام الهيئة العامة للغذاء والدواء,نظام,الصحة والدواء,موضوعي/تنظيمي,,25,,,,غير متوفر في القاعدة,
166,ADM-012,نظام الهيئة العامة للأوقاف,نظام,الإداري والحوكمة العامة,موضوعي/تنظيمي,,25,,,,غير متوفر في القاعدة,
167,REG-055,نظام تعليم الكبار ومحو الأمية في المملكة العربية السعودية,نظام,تنظيمي قطاعي,موضوعي/تنظيمي,,24,,,,غير متوفر في القاعدة,
168,REG-056,نظام نقل الحجاج إلى المملكة وإعادتهم إلى بلادهم,نظام,تنظيمي قطاعي,موضوعي/تنظيمي,,24,,,,غير متوفر في القاعدة,
169,RES-009,نظام الوساطة العقارية,نظام,العقار والتسجيل العيني,موضوعي/تنظيمي,,24,,,,غير متوفر في القاعدة,
170,ENF-008,اللائحة التنفيذية لضبط أعمال تفتيش العمل وتنظيمها,لائحة,غير مصنف,موضوعي/تنظيمي,,24,,,,غير متوفر في القاعدة,
171,REG-057,نظام الأحداث,نظام,تنظيمي قطاعي,موضوعي/تنظيمي,,24,,,,غير متوفر في القاعدة,
172,REG-058,نظام النقل العام على الطرق بالمملكة العربية السعودية,نظام,تنظيمي قطاعي,موضوعي/تنظيمي,,24,,,,غير متوفر في القاعدة,
173,REG-059,نظام مكافحة الرشوة,نظام,تنظيمي قطاعي,موضوعي/تنظيمي,,23,,,,غير متوفر في القاعدة,
174,CON-002,تنظيم جمعية حماية المستهلك,تنظيم,حماية المستهلك والمنافسة,موضوعي/تنظيمي,,23,,,,غير متوفر في القاعدة,
175,REG-060,نظام مقدمي خدمة حجاج الخارج,نظام,تنظيمي قطاعي,موضوعي/تنظيمي,,23,,,,غير متوفر في القاعدة,
176,REG-061,النظام الموحد لمد الحماية التأمينية لمواطني دول مجلس التعاون لدول الخليج العربية العاملين في غير دولهم في أي دولة عضو في المجلس,نظام,تنظيمي قطاعي,موضوعي/تنظيمي,,23,,,,غير متوفر في القاعدة,
177,ADM-013,نظام المناطق البحرية للمملكة العربية السعودية,نظام,الإداري والحوكمة العامة,موضوعي/تنظيمي,,23,,,,غير متوفر في القاعدة,
178,REG-062,نظام التكاليف القضائية,نظام,تنظيمي قطاعي,إجرائي,,23,,,,غير متوفر في القاعدة,
179,HLT-016,النظام الموحد لإدارة نفايات الرعاية الصحية بدول مجلس التعاون لدول الخليج العربية,نظام,الصحة والدواء,موضوعي/تنظيمي,,23,,,,غير متوفر في القاعدة,
180,REG-063,نظام الكهرباء,نظام,تنظيمي قطاعي,موضوعي/تنظيمي,,23,,,,غير متوفر في القاعدة,
181,REG-064,لائحة عمال الخدمة المنزلية ومن في حكمهم,لائحة,تنظيمي قطاعي,موضوعي/تنظيمي,,23,,,,غير متوفر في القاعدة,
182,REG-065,نظام حقوق كبير السن ورعايته,نظام,تنظيمي قطاعي,موضوعي/تنظيمي,,23,,,,غير متوفر في القاعدة,
183,REG-066,نظام البريد 1406هـ,نظام,تنظيمي قطاعي,موضوعي/تنظيمي,,23,,,1406.0,سنة واردة في اسم النظام,
184,REG-067,نظام مكتبة الملك عبد العزيز العامة,نظام,تنظيمي قطاعي,موضوعي/تنظيمي,,22,,,,غير متوفر في القاعدة,
185,FIN-013,نظام مهنة المحاسبة والمراجعة,نظام,المالية والضرائب والبنوك,موضوعي/تنظيمي,,22,,,,غير متوفر في القاعدة,
186,REG-068,نظام العلم للمملكة العربية السعودية,نظام,تنظيمي قطاعي,موضوعي/تنظيمي,,22,,,,غير متوفر في القاعدة,
187,REG-069,النظام الأساس لجامعة الملك سعود (مؤسسة أكاديمية مستقلة غير هادفة للربح),نظام,تنظيمي قطاعي,موضوعي/تنظيمي,,22,,,,غير متوفر في القاعدة,
188,REG-070,نظام المعادن الثمينة والأحجار الكريمة,نظام,تنظيمي قطاعي,موضوعي/تنظيمي,,22,,,,غير متوفر في القاعدة,
189,REG-071,لائحة المدارس الأجنبية,لائحة,تنظيمي قطاعي,موضوعي/تنظيمي,,21,,,,غير متوفر في القاعدة,
190,REG-072,نظام إدارة النفايات البلدية الصلبة,نظام,تنظيمي قطاعي,موضوعي/تنظيمي,,21,,,,غير متوفر في القاعدة,
191,REG-073,نظام الثروة الحيوانية,نظام,تنظيمي قطاعي,موضوعي/تنظيمي,,21,,,,غير متوفر في القاعدة,
192,HLT-017,النظام الأساس لمستشفى الملك فيصل التخصصي ومركز الأبحاث (مؤسسة مستقلة ذات طبيعة خاصة وغير هادفة للربح),نظام,الصحة والدواء,موضوعي/تنظيمي,,21,,,,غير متوفر في القاعدة,
193,ADM-014,تنظيم هيئة تنظيم الكهرباء والإنتاج المزدوج,تنظيم,الإداري والحوكمة العامة,موضوعي/تنظيمي,,21,,,,غير متوفر في القاعدة,
194,COM-013,نظام توزيع الغاز الجاف وغاز البترول السائل للأغراض السكنية والتجارية,نظام,التجاري والشركات,موضوعي/تنظيمي,,21,,,,غير متوفر في القاعدة,
195,REG-074,نظام تعريفة الطيران المدني,نظام,تنظيمي قطاعي,موضوعي/تنظيمي,,21,,,,غير متوفر في القاعدة,
196,REG-075,تنظيم المنطقة الخاصة اللوجستية المتكاملة,تنظيم,تنظيمي قطاعي,موضوعي/تنظيمي,,21,,,,غير متوفر في القاعدة,
197,REG-076,لائحة حقوق والتزامات مستخدمي وسائل النقل العام,لائحة,تنظيمي قطاعي,موضوعي/تنظيمي,,21,,,,غير متوفر في القاعدة,
198,REG-077,قواعد تنظيم لوحات الدعاية والإعلان,قواعد,تنظيمي قطاعي,موضوعي/تنظيمي,,20,,,,غير متوفر في القاعدة,
199,REG-078,تنظيم المؤسسة العامة للصناعات العسكرية,تنظيم,تنظيمي قطاعي,موضوعي/تنظيمي,,20,,,,غير متوفر في القاعدة,
200,COM-014,نظام السجل التجاري,نظام,التجاري والشركات,موضوعي/تنظيمي,,20,,,,غير متوفر في القاعدة,
201,COM-015,نظام الأسماء التجارية,نظام,التجاري والشركات,موضوعي/تنظيمي,,20,,,,غير متوفر في القاعدة,
202,REG-079,النظام الأساسي للمركز الإحصائي لدول مجلس التعاون لدول الخليج العربية,نظام,تنظيمي قطاعي,موضوعي/تنظيمي,,20,,,,غير متوفر في القاعدة,
203,REG-080,تنظيم الهيئة السعودية للمقاولين,تنظيم,تنظيمي قطاعي,موضوعي/تنظيمي,,20,,,,غير متوفر في القاعدة,
204,CRM-009,نظام مكافحة التستر,نظام,الجزائي والعقوبات,موضوعي/تنظيمي,,20,,,,غير متوفر في القاعدة,
205,REG-081,نظام المدفوعات وخدماتها,نظام,تنظيمي قطاعي,موضوعي/تنظيمي,,20,,,,غير متوفر في القاعدة,
206,REG-082,نظام المؤسسة العامة لتحلية المياه المالحة,نظام,تنظيمي قطاعي,موضوعي/تنظيمي,,20,,,,غير متوفر في القاعدة,
207,REG-083,نظام الأرصاد,نظام,تنظيمي قطاعي,موضوعي/تنظيمي,,20,,,,غير متوفر في القاعدة,
208,REG-084,تنظيم الهيئة السعودية للمحامين,تنظيم,تنظيمي قطاعي,موضوعي/تنظيمي,,20,,,,غير متوفر في القاعدة,
209,REG-085,تنظيم الهيئة الملكية لمحافظة العلا,تنظيم,تنظيمي قطاعي,موضوعي/تنظيمي,,20,,,,غير متوفر في القاعدة,
210,REG-086,نظام مكافحة التدخين,نظام,تنظيمي قطاعي,موضوعي/تنظيمي,,20,,,,غير متوفر في القاعدة,
211,REG-087,النظام الموحد بشأن المواد المستنفدة لطبقة الأوزون لدول مجلس التعاون لدول الخليج العربية (المعدل),نظام,تنظيمي قطاعي,موضوعي/تنظيمي,,20,,,,غير متوفر في القاعدة,
212,ADM-015,تنظيم هيئة تنظيم المياه والكهرباء,تنظيم,الإداري والحوكمة العامة,موضوعي/تنظيمي,,20,,,,غير متوفر في القاعدة,
213,REG-088,اللائحة التنظيمية لمراكز التنمية الاجتماعية,لائحة,تنظيمي قطاعي,موضوعي/تنظيمي,,20,,,,غير متوفر في القاعدة,
214,ADM-016,تنظيم الهيئة العامة للموانئ,تنظيم,الإداري والحوكمة العامة,موضوعي/تنظيمي,,20,,,,غير متوفر في القاعدة,
215,ADM-017,تنظيم الهيئة العامة للصناعات العسكرية,تنظيم,الإداري والحوكمة العامة,موضوعي/تنظيمي,,19,,,,غير متوفر في القاعدة,
216,REG-089,نظام تصنيف المقاولين,نظام,تنظيمي قطاعي,موضوعي/تنظيمي,,19,,,,غير متوفر في القاعدة,
217,RES-010,نظام ملكية الوحدات العقارية وفرزها,نظام,العقار والتسجيل العيني,موضوعي/تنظيمي,,19,,,,غير متوفر في القاعدة,
218,ADM-018,نظام البحث العلمي البحري في المناطق البحرية التابِعة للمملكة العربية السعودية,نظام,الإداري والحوكمة العامة,موضوعي/تنظيمي,,19,,,,غير متوفر في القاعدة,
219,ADM-019,تنظيم هيئة حقوق الإنسان,تنظيم,الإداري والحوكمة العامة,موضوعي/تنظيمي,,19,,,,غير متوفر في القاعدة,
220,ARB-002,اللائحة التنفيذية لنظام التحكيم,لائحة,التحكيم,إجرائي,نظام التحكيم,19,,,,غير متوفر في القاعدة,
221,REG-090,نظام السياحة,نظام,تنظيمي قطاعي,موضوعي/تنظيمي,,19,,,,غير متوفر في القاعدة,
222,REG-091,نظام جمعية الكشافة العربية السعودية,نظام,تنظيمي قطاعي,موضوعي/تنظيمي,,19,,,,غير متوفر في القاعدة,
223,REG-092,النظام الصحي,نظام,تنظيمي قطاعي,موضوعي/تنظيمي,,19,,,,غير متوفر في القاعدة,
224,REG-093,نظام الضمان الصحي التعاوني,نظام,تنظيمي قطاعي,موضوعي/تنظيمي,,19,,,,غير متوفر في القاعدة,
225,REG-094,اللائحة التنظيمية لتأشيرات الأعمال المؤقتة والموسمية,لائحة,تنظيمي قطاعي,موضوعي/تنظيمي,,19,,,,غير متوفر في القاعدة,
226,ADM-020,تنظيم هيئة الاتصالات وتقنية المعلومات,تنظيم,الإداري والحوكمة العامة,موضوعي/تنظيمي,,19,,,,غير متوفر في القاعدة,
227,ADM-021,تنظيم الهيئة العامة للإعلام المرئي والمسموع,تنظيم,الإداري والحوكمة العامة,موضوعي/تنظيمي,,18,,,,غير متوفر في القاعدة,
228,REG-095,تنظيم مجمع الملك سلمان العالمي للغة العربية,تنظيم,تنظيمي قطاعي,موضوعي/تنظيمي,,18,,,,غير متوفر في القاعدة,
229,CRM-010,النظام الأساسي لمركز المعلومات الجنائية لمكافحة المخدرات لمجلس التعاون لدول الخليج العربية,نظام,الجزائي والعقوبات,موضوعي/تنظيمي,,18,,,,غير متوفر في القاعدة,
230,REG-096,نظام استخدام كاميرات المراقبة الأمنية,نظام,تنظيمي قطاعي,موضوعي/تنظيمي,,18,,,,غير متوفر في القاعدة,
231,REG-097,نظام الاستثمار الأجنبي,نظام,تنظيمي قطاعي,موضوعي/تنظيمي,,18,,,,غير متوفر في القاعدة,
232,REG-098,نظام القياس والمعايرة,نظام,تنظيمي قطاعي,موضوعي/تنظيمي,,18,,,,غير متوفر في القاعدة,
233,REG-099,نظام استيراد المواد الكيميائية وإدارتها ( نظام إدارة المواد الكيميائية ),نظام,تنظيمي قطاعي,موضوعي/تنظيمي,,18,,,,غير متوفر في القاعدة,
234,ADM-022,تنظيم الهيئة العامة للإحصاء,تنظيم,الإداري والحوكمة العامة,موضوعي/تنظيمي,,18,,,,غير متوفر في القاعدة,
235,REG-100,نظام صندوق البنية التحتية الوطني,نظام,تنظيمي قطاعي,موضوعي/تنظيمي,,18,,,,غير متوفر في القاعدة,
236,REG-101,نظام مدينة الملك عبد العزيز للعلوم والتقنية,نظام,تنظيمي قطاعي,موضوعي/تنظيمي,,18,,,,غير متوفر في القاعدة,
237,ADM-023,تنظيم هيئة تقويم التعليم والتدريب,تنظيم,الإداري والحوكمة العامة,موضوعي/تنظيمي,,18,,,,غير متوفر في القاعدة,
238,REG-102,تنظيم مجمع خادم الحرمين الشريفين الملك سلمان بن عبدالعزيز ال سعود للحديث النبوي الشريف,تنظيم,تنظيمي قطاعي,موضوعي/تنظيمي,,18,,,,غير متوفر في القاعدة,
239,ENF-009,اللائحة التنفيذية لنظام رسوم الأراضي البيضاء,لائحة,تنظيمي قطاعي,موضوعي/تنظيمي,نظام رسوم الأراضي البيضاء,18,,,,غير متوفر في القاعدة,
240,REG-103,لائحة الجزاءات عن المخالفات البلدية,لائحة,تنظيمي قطاعي,موضوعي/تنظيمي,,18,,,,غير متوفر في القاعدة,
241,RES-011,نظام صندوق التنمية العقارية,نظام,العقار والتسجيل العيني,موضوعي/تنظيمي,,18,,,,غير متوفر في القاعدة,
242,REG-104,نظام الزراعة العضوية,نظام,تنظيمي قطاعي,موضوعي/تنظيمي,,18,,,,غير متوفر في القاعدة,
243,LAB-010,نظام العمل التطوعي,نظام,العمل والتأمينات,موضوعي/تنظيمي,,18,,,,غير متوفر في القاعدة,
244,FIN-014,نظام البنك السعودي للتسليف والادخار ( بنك التنمية الاجتماعية ),نظام,المالية والضرائب والبنوك,موضوعي/تنظيمي,,18,,,,غير متوفر في القاعدة,
245,REG-105,نظام المؤسسة العامة لخطوط حديد حكومة المملكة العربية السعودية,نظام,تنظيمي قطاعي,موضوعي/تنظيمي,,18,,,,غير متوفر في القاعدة,
246,ADM-024,تنظيم هيئة الحكومة الرقمية,تنظيم,الإداري والحوكمة العامة,موضوعي/تنظيمي,,18,,,,غير متوفر في القاعدة,
247,REG-106,نظام دارة الملك عبد العزيز,نظام,تنظيمي قطاعي,موضوعي/تنظيمي,,17,,,,غير متوفر في القاعدة,
248,ADM-025,تنظيم هيئة الإذاعة والتلفزيون,تنظيم,الإداري والحوكمة العامة,موضوعي/تنظيمي,,17,,,,غير متوفر في القاعدة,
249,REG-107,نظام مزاولة نقل النقود والمعادن الثمينة والمستندات ذات القيمة,نظام,تنظيمي قطاعي,موضوعي/تنظيمي,,17,,,,غير متوفر في القاعدة,
250,REG-108,"القانون ""النظام"" الموحد لمكافحة الإغراق والتدابير التعويضية والوقائية لدول مجلس التعاون لدول الخليج العربية",قانون,تنظيمي قطاعي,موضوعي/تنظيمي,,17,,,,غير متوفر في القاعدة,
251,REG-109,نظام مزاولة المهن الهندسية,نظام,تنظيمي قطاعي,موضوعي/تنظيمي,,17,,,,غير متوفر في القاعدة,
252,FIN-015,تنظيم الهيئة العامة للزكاة والدخل,تنظيم,المالية والضرائب والبنوك,موضوعي/تنظيمي,,17,,,,غير متوفر في القاعدة,
253,CON-003,تنظيم الهيئة العامة للمنافسة,تنظيم,حماية المستهلك والمنافسة,موضوعي/تنظيمي,,17,,,,غير متوفر في القاعدة,
254,REG-110,نظام معهد الإدارة العامة,نظام,تنظيمي قطاعي,موضوعي/تنظيمي,,17,,,,غير متوفر في القاعدة,
255,ADM-026,تنظيم هيئة تقويم التعليم العام,تنظيم,الإداري والحوكمة العامة,موضوعي/تنظيمي,,17,,,,غير متوفر في القاعدة,
256,REG-111,تنظيم المعهد الوطني للتطوير المهني التعليمي 1441هـ,تنظيم,تنظيمي قطاعي,موضوعي/تنظيمي,,17,,,1441.0,سنة واردة في اسم النظام,
257,REG-112,نظام الإحصاءات العامة للدولة,نظام,تنظيمي قطاعي,موضوعي/تنظيمي,,17,,,,غير متوفر في القاعدة,
258,REG-113,تنظيم المؤسسة العامة للحبوب,تنظيم,تنظيمي قطاعي,موضوعي/تنظيمي,,17,,,,غير متوفر في القاعدة,
259,REG-114,تنظيم المؤسسة العامة للري,تنظيم,تنظيمي قطاعي,موضوعي/تنظيمي,,17,,,,غير متوفر في القاعدة,
260,REG-115,تنظيم صندوق البيئة,تنظيم,تنظيمي قطاعي,موضوعي/تنظيمي,,17,,,,غير متوفر في القاعدة,
261,CRM-011,نظام مكافحة جرائم الاتجار بالأشخاص,نظام,الجزائي والعقوبات,موضوعي/تنظيمي,,17,,,,غير متوفر في القاعدة,
262,REG-116,تنظيم صندوق النفقة,تنظيم,تنظيمي قطاعي,موضوعي/تنظيمي,,17,,,,غير متوفر في القاعدة,
263,ENF-010,اللائحة التنفيذية لنظام التكاليف القضائية,لائحة,تنظيمي قطاعي,إجرائي,نظام التكاليف القضائية,17,,,,غير متوفر في القاعدة,
264,REG-117,النظام الأساسي للاتحادات الرياضية واللجنة الأولمبية العربية السعودية,نظام,تنظيمي قطاعي,موضوعي/تنظيمي,,17,,,,غير متوفر في القاعدة,
265,REG-118,الترتيبات التنظيمية للهيئة الملكية لمدينة مكة المكرمة والمشاعر المقدسة,ترتيبات,تنظيمي قطاعي,موضوعي/تنظيمي,,17,,,,غير متوفر في القاعدة,
266,REG-119,نظام المختبرات الخاصة,نظام,تنظيمي قطاعي,موضوعي/تنظيمي,,17,,,,غير متوفر في القاعدة,
267,REG-120,نظام مدينة الملك عبدالله للطاقة الذرية والمتجددة,نظام,تنظيمي قطاعي,موضوعي/تنظيمي,,17,,,,غير متوفر في القاعدة,
268,ADM-027,تنظيم الهيئة العامة للمساحة والمعلومات الجيومكانية,تنظيم,الإداري والحوكمة العامة,موضوعي/تنظيمي,,17,,,,غير متوفر في القاعدة,
269,REG-121,نظام الحماية من الإيذاء,نظام,تنظيمي قطاعي,موضوعي/تنظيمي,,17,,,,غير متوفر في القاعدة,
270,LAB-011,اللائحة التنظيمية لعمل الأسر المنتجة,لائحة,العمل والتأمينات,موضوعي/تنظيمي,,17,,,,غير متوفر في القاعدة,
271,ADM-028,تنظيم هيئة رعاية الأشخاص ذوي الإعاقة,تنظيم,الإداري والحوكمة العامة,موضوعي/تنظيمي,,17,,,,غير متوفر في القاعدة,
272,REG-122,نظام المعلومات الائتمانية,نظام,تنظيمي قطاعي,موضوعي/تنظيمي,,17,,,,غير متوفر في القاعدة,
273,CRM-012,تنظيم الهيئة الوطنية لمكافحة الفساد,تنظيم,الجزائي والعقوبات,موضوعي/تنظيمي,,17,,,,غير متوفر في القاعدة,
274,REG-123,تنظيم المركز الوطني لقياس أداء الأجهزة العامة,تنظيم,تنظيمي قطاعي,موضوعي/تنظيمي,,17,,,,غير متوفر في القاعدة,
275,REG-124,تنظيم دارة الملك عبدالعزيز,تنظيم,تنظيمي قطاعي,موضوعي/تنظيمي,,16,,,,غير متوفر في القاعدة,
276,REG-125,تنظيم وكالة الأنباء السعودية,تنظيم,تنظيمي قطاعي,موضوعي/تنظيمي,,16,,,,غير متوفر في القاعدة,
277,REG-126,تنظيم المعهد الملكي للفنون التقليدية,تنظيم,تنظيمي قطاعي,موضوعي/تنظيمي,,16,,,,غير متوفر في القاعدة,
278,ADM-029,تنظيم الهيئة العامة لتنظيم الإعلام,تنظيم,الإداري والحوكمة العامة,موضوعي/تنظيمي,,16,,,,غير متوفر في القاعدة,
279,REG-127,نظام جوازات السفر السياسية والخاصة,نظام,تنظيمي قطاعي,موضوعي/تنظيمي,,16,,,,غير متوفر في القاعدة,
280,REG-128,نظام وثائق السفر,نظام,تنظيمي قطاعي,موضوعي/تنظيمي,,16,,,,غير متوفر في القاعدة,
281,ADM-030,تنظيم الهيئة العامة للجمارك,تنظيم,الإداري والحوكمة العامة,موضوعي/تنظيمي,,16,,,,غير متوفر في القاعدة,
282,ADM-031,اللائحة التنظيمية للجان إصلاح ذات البين في إمارات المناطق,لائحة,الإداري والحوكمة العامة,موضوعي/تنظيمي,,16,,,,غير متوفر في القاعدة,
283,REG-129,تنظيم الفحص الفني الدوري للمركبات,تنظيم,تنظيمي قطاعي,موضوعي/تنظيمي,,16,,,,غير متوفر في القاعدة,
284,REG-130,تنظيم الهيئة العليا للأمن الصناعي,تنظيم,تنظيمي قطاعي,موضوعي/تنظيمي,,16,,,,غير متوفر في القاعدة,
285,COM-016,نظام الدفاتر التجارية,نظام,التجاري والشركات,موضوعي/تنظيمي,,16,,,,غير متوفر في القاعدة,
286,REG-131,النظام الأساسي لهيئة التقييس لدول مجلس التعاون لدول الخليج العربية,نظام,تنظيمي قطاعي,موضوعي/تنظيمي,,16,,,,غير متوفر في القاعدة,
287,REG-132,تنظيم الهيئة السعودية للمواصفات والمقاييس والجودة,تنظيم,تنظيمي قطاعي,موضوعي/تنظيمي,,16,,,,غير متوفر في القاعدة,
288,REG-133,تنظيم المركز السعودي للأعمال الاقتصادية,تنظيم,تنظيمي قطاعي,موضوعي/تنظيمي,,16,,,,غير متوفر في القاعدة,
289,ADM-032,تنظيم الهيئة العامة للتجارة الخارجية,تنظيم,الإداري والحوكمة العامة,موضوعي/تنظيمي,,16,,,,غير متوفر في القاعدة,
290,FIN-016,تنظيم هيئة الزكاة والضريبة والجمارك,تنظيم,المالية والضرائب والبنوك,موضوعي/تنظيمي,,16,,,,غير متوفر في القاعدة,
291,REG-134,نظام الأوسمة السعودية,نظام,تنظيمي قطاعي,موضوعي/تنظيمي,,16,,,,غير متوفر في القاعدة,
292,ENF-011,اللائحة التنفيذية لنظام الأوسمة السعودية,لائحة,تنظيمي قطاعي,موضوعي/تنظيمي,نظام الأوسمة السعودية,16,,,,غير متوفر في القاعدة,
293,REG-135,نظام إنتاج المواد التعليمية المساعدة وتسويقها,نظام,تنظيمي قطاعي,موضوعي/تنظيمي,,16,,,,غير متوفر في القاعدة,
294,RES-012,تنظيم الهيئة العامة للعقار,تنظيم,العقار والتسجيل العيني,موضوعي/تنظيمي,,16,,,,غير متوفر في القاعدة,
295,HLT-018,نظام تطبيق كود البناء السعودي,نظام,الصحة والدواء,موضوعي/تنظيمي,,16,,,,غير متوفر في القاعدة,
296,RES-013,تنظيم الهيئة العامة لعقارات الدولة,تنظيم,العقار والتسجيل العيني,موضوعي/تنظيمي,,16,,,,غير متوفر في القاعدة,
297,LAB-012,تنظيم المؤسسة العامة للتقاعد,تنظيم,العمل والتأمينات,موضوعي/تنظيمي,,16,,,,غير متوفر في القاعدة,
298,ADM-033,تنظيم هيئة توليد الوظائف ومكافحة البطالة,تنظيم,الإداري والحوكمة العامة,موضوعي/تنظيمي,,16,,,,غير متوفر في القاعدة,
299,REG-136,نظام تربية النحل,نظام,تنظيمي قطاعي,موضوعي/تنظيمي,,16,,,,غير متوفر في القاعدة,
300,REG-137,قانون (نظام) الرفق بالحيوان لدول مجلس التعاون لدول الخليج العربية,قانون,تنظيمي قطاعي,موضوعي/تنظيمي,,16,,,,غير متوفر في القاعدة,
301,REG-138,الترتيبات التنظيمية للهيئة العامة للأمن الغذائي,ترتيبات,تنظيمي قطاعي,موضوعي/تنظيمي,,16,,,,غير متوفر في القاعدة,
302,REG-139,نظام صندوق التنمية الزراعية.,نظام,تنظيمي قطاعي,موضوعي/تنظيمي,,16,,,,غير متوفر في القاعدة,
303,REG-140,تنظيم المؤسسة العامة للمحافظة على الشعب المرجانية والسلاحف في البحر الأحمر,تنظيم,تنظيمي قطاعي,موضوعي/تنظيمي,,16,,,,غير متوفر في القاعدة,
304,ADM-034,تنظيم الهيئة العامة للترفيه,تنظيم,الإداري والحوكمة العامة,موضوعي/تنظيمي,,16,,,,غير متوفر في القاعدة,
305,REG-141,الترتيبات التنظيمية للهيئة السعودية للألعاب والرياضات الإلكترونية,ترتيبات,تنظيمي قطاعي,موضوعي/تنظيمي,,16,,,,غير متوفر في القاعدة,
306,ADM-035,تنظيم هيئة تطوير بوابة الدرعية,تنظيم,الإداري والحوكمة العامة,موضوعي/تنظيمي,,16,,,,غير متوفر في القاعدة,
307,REG-142,التنظيم الخاص بهيئة المساحة الجيولوجية السعودية,تنظيم,تنظيمي قطاعي,موضوعي/تنظيمي,,16,,,,غير متوفر في القاعدة,
308,REG-143,التنظيم الخاص بمركز الدراسات والبحوث البترولية,تنظيم,تنظيمي قطاعي,موضوعي/تنظيمي,,16,,,,غير متوفر في القاعدة,
309,REG-144,نظام التجارة بالمنتجات البترولية,نظام,تنظيمي قطاعي,موضوعي/تنظيمي,,16,,,,غير متوفر في القاعدة,
310,REG-145,نظام رعاية المعوقين,نظام,تنظيمي قطاعي,موضوعي/تنظيمي,,16,,,,غير متوفر في القاعدة,
311,LAB-013,تنظيم المخصص المالي لصعوبة الحصول على عمل,تنظيم,العمل والتأمينات,موضوعي/تنظيمي,,16,,,,غير متوفر في القاعدة,
312,REG-146,اللائحة الأساسية للبيوت الاجتماعية,لائحة,تنظيمي قطاعي,موضوعي/تنظيمي,,16,,,,غير متوفر في القاعدة,
313,REG-147,نظام المؤسسة العامة للموانئ السعودية,نظام,تنظيمي قطاعي,موضوعي/تنظيمي,,16,,,,غير متوفر في القاعدة,
314,REG-148,تنظيم مؤسسة البريد السعودي,تنظيم,تنظيمي قطاعي,موضوعي/تنظيمي,,16,,,,غير متوفر في القاعدة,
315,CRM-013,نظام مكافحة جرائم المعلوماتية,نظام,الجزائي والعقوبات,موضوعي/تنظيمي,,16,,,,غير متوفر في القاعدة,
316,ADM-036,تنظيم هيئة النقل العام ( الهيئة العامة للنقل ),تنظيم,الإداري والحوكمة العامة,موضوعي/تنظيمي,,16,,,,غير متوفر في القاعدة,
317,REG-149,تنظيم مركز الملك عبد الله بن عبد العزيز الدولي لخدمة اللغة العربية,تنظيم,تنظيمي قطاعي,موضوعي/تنظيمي,,15,,,,غير متوفر في القاعدة,
318,REG-150,تنظيم وكالة الأنباء السعودية1433هـ,تنظيم,تنظيمي قطاعي,موضوعي/تنظيمي,,15,,,1433.0,سنة واردة في اسم النظام,
319,REG-151,نظام صندوق التنمية الثقافي,نظام,تنظيمي قطاعي,موضوعي/تنظيمي,,15,,,,غير متوفر في القاعدة,
320,REG-152,تنظيم مركز الملك عبدالله بن عبد العزيز للتخطيط والسياسات اللغوية,تنظيم,تنظيمي قطاعي,موضوعي/تنظيمي,,15,,,,غير متوفر في القاعدة,
321,CRM-014,النظام الجزائي الخاص بتزييف وتقليد النقود,نظام,الجزائي والعقوبات,موضوعي/تنظيمي,,15,,,,غير متوفر في القاعدة,
322,REG-153,نظام الحراسة الأمنية المدنية الخاصة,نظام,تنظيمي قطاعي,موضوعي/تنظيمي,,15,,,,غير متوفر في القاعدة,
323,REG-154,تنظيم صندوق الشهداء والمصابين والأسرى والمفقودين,تنظيم,تنظيمي قطاعي,موضوعي/تنظيمي,,15,,,,غير متوفر في القاعدة,
324,REG-155,نظام استخدام وحماية شارة واسم الهلال الأحمر وما في حكمهما,نظام,تنظيمي قطاعي,موضوعي/تنظيمي,,15,,,,غير متوفر في القاعدة,
325,ADM-037,تنظيم هيئة تنمية الصادرات السعودية,تنظيم,الإداري والحوكمة العامة,موضوعي/تنظيمي,,15,,,,غير متوفر في القاعدة,
326,ADM-038,تنظيم الهيئة العامة للمنشآت الصغيرة والمتوسطة,تنظيم,الإداري والحوكمة العامة,موضوعي/تنظيمي,,15,,,,غير متوفر في القاعدة,
327,REG-156,تنظيم المركز الوطني للدراسات الاستراتيجية التنموية,تنظيم,تنظيمي قطاعي,موضوعي/تنظيمي,,15,,,,غير متوفر في القاعدة,
328,REG-157,تنظيم صندوق التنمية الوطني,تنظيم,تنظيمي قطاعي,موضوعي/تنظيمي,,15,,,,غير متوفر في القاعدة,
329,IPR-004,تنظيم الهيئة السعودية للملكية الفكرية,تنظيم,الملكية الفكرية,موضوعي/تنظيمي,,15,,,,غير متوفر في القاعدة,
330,ARB-003,تنظيم المركز السعودي للتحكيم التجاري,تنظيم,التحكيم,إجرائي,,15,,,,غير متوفر في القاعدة,
331,REG-158,تنظيم مركز الاسناد والتصفية,تنظيم,تنظيمي قطاعي,موضوعي/تنظيمي,,15,,,,غير متوفر في القاعدة,
332,ADM-039,تنظيم هيئة المحتوى المحلي والمشتريات الحكومية,تنظيم,الإداري والحوكمة العامة,موضوعي/تنظيمي,,15,,,,غير متوفر في القاعدة,
333,FIN-017,نظام بنك المنشآت الصغيرة والمتوسطة,نظام,المالية والضرائب والبنوك,موضوعي/تنظيمي,,15,,,,غير متوفر في القاعدة,
334,ADM-040,تنظيم هيئة التأمين,تنظيم,الإداري والحوكمة العامة,موضوعي/تنظيمي,,15,,,,غير متوفر في القاعدة,
335,REG-159,تنظيم المركز الوطني لنظم الموارد الحكومية,تنظيم,تنظيمي قطاعي,موضوعي/تنظيمي,,15,,,,غير متوفر في القاعدة,
336,REG-160,الترتيبات التنظيمية لهيئة تنمية البحث والتطوير والابتكار,ترتيبات,تنظيمي قطاعي,موضوعي/تنظيمي,,15,,,,غير متوفر في القاعدة,
337,REG-161,نظام حماية المرافق العامة,نظام,تنظيمي قطاعي,موضوعي/تنظيمي,,15,,,,غير متوفر في القاعدة,
338,REG-162,نظام إجراءات التراخيص البلدية,نظام,تنظيمي قطاعي,موضوعي/تنظيمي,,15,,,,غير متوفر في القاعدة,
339,REG-163,نظام رسوم الأراضي البيضاء,نظام,تنظيمي قطاعي,موضوعي/تنظيمي,,15,,,,غير متوفر في القاعدة,
340,REG-164,تنظيم مؤسسة حديقة الملك سلمان,تنظيم,تنظيمي قطاعي,موضوعي/تنظيمي,,15,,,,غير متوفر في القاعدة,
341,REG-165,تنظيم المركز الوطني لتنمية القطاع غير الربحي,تنظيم,تنظيمي قطاعي,موضوعي/تنظيمي,,15,,,,غير متوفر في القاعدة,
342,REG-166,قانون (نظام) الأسمدة ومحسنات التربة الزراعية في دول مجلس التعاون لدول الخليج العربية,قانون,تنظيمي قطاعي,موضوعي/تنظيمي,,15,,,,غير متوفر في القاعدة,
343,REG-167,قانون (نظام) المبيدات في دول مجلس التعاون لدول الخليج العربية,قانون,تنظيمي قطاعي,موضوعي/تنظيمي,,15,,,,غير متوفر في القاعدة,
344,REG-168,نظام التعامل مع الموارد الوراثية النباتية للأغذية والزراعة,نظام,تنظيمي قطاعي,موضوعي/تنظيمي,,15,,,,غير متوفر في القاعدة,
345,REG-169,تنظيم المركز الوطني للوقاية من الآفات النباتية والأمراض الحيوانية ومكافحتها,تنظيم,تنظيمي قطاعي,موضوعي/تنظيمي,,15,,,,غير متوفر في القاعدة,
346,ENF-012,آلية العمل التنفيذية لنظام القضاء ونظام ديوان المظالم,آلية,غير مصنف,قضائي تنظيمي,نظام القضاء ونظام ديوان المظالم,15,,,,غير متوفر في القاعدة,
347,REG-170,تنظيم الجمعية السعودية للمرشدين السياحيين,تنظيم,تنظيمي قطاعي,موضوعي/تنظيمي,,15,,,,غير متوفر في القاعدة,
348,REG-171,تنظيم الجمعية السعودية لمرافق الإيواء السياحي,تنظيم,تنظيمي قطاعي,موضوعي/تنظيمي,,15,,,,غير متوفر في القاعدة,
349,REG-172,تنظيم الجمعية السعودية للسفر والسياحة,تنظيم,تنظيمي قطاعي,موضوعي/تنظيمي,,15,,,,غير متوفر في القاعدة,
350,REG-173,نظام صندوق التنمية السياحي,نظام,تنظيمي قطاعي,موضوعي/تنظيمي,,15,,,,غير متوفر في القاعدة,
351,REG-174,تنظيم الهيئة السعودية للسياحة,تنظيم,تنظيمي قطاعي,موضوعي/تنظيمي,,15,,,,غير متوفر في القاعدة,
352,REG-175,تنظيم مؤسسة المسار الرياضي,تنظيم,تنظيمي قطاعي,موضوعي/تنظيمي,,15,,,,غير متوفر في القاعدة,
353,REG-176,تنظيم نادي سباقات الخيل,تنظيم,تنظيمي قطاعي,موضوعي/تنظيمي,,15,,,,غير متوفر في القاعدة,
354,REG-177,تنظيم الهيئة العليا للفروسية,تنظيم,تنظيمي قطاعي,موضوعي/تنظيمي,,15,,,,غير متوفر في القاعدة,
355,HLT-019,تنظيم صندوق مدينة الملك فهد الطبية,تنظيم,الصحة والدواء,موضوعي/تنظيمي,,15,,,,غير متوفر في القاعدة,
356,HLT-020,تنظيم المركز الوطني للمعلومات الصحية,تنظيم,الصحة والدواء,موضوعي/تنظيمي,,15,,,,غير متوفر في القاعدة,
357,HLT-021,لائحة البحوث والدراسات في وزارة الصحة,لائحة,الصحة والدواء,موضوعي/تنظيمي,,15,,,,غير متوفر في القاعدة,
358,HLT-022,تـنظيم هيـئـة الرقابة النوويـة والإشعـاعـية,تنظيم,الصحة والدواء,موضوعي/تنظيمي,,15,,,,غير متوفر في القاعدة,
359,REG-178,تنظيم المركز الوطني للتنمية الصناعية,تنظيم,تنظيمي قطاعي,موضوعي/تنظيمي,,15,,,,غير متوفر في القاعدة,
360,LAB-014,تنظيم إعانة البحث عن عمل 1432هـ,تنظيم,العمل والتأمينات,موضوعي/تنظيمي,,15,,,1432.0,سنة واردة في اسم النظام,
361,REG-179,نظام النقد العربى السعودى,نظام,تنظيمي قطاعي,موضوعي/تنظيمي,,15,,,,غير متوفر في القاعدة,
362,REG-180,تنظيم الجمعية السعودية للمراجعين الداخليين,تنظيم,تنظيمي قطاعي,موضوعي/تنظيمي,,15,,,,غير متوفر في القاعدة,
363,RES-014,نظام التمويل العقاري,نظام,العقار والتسجيل العيني,موضوعي/تنظيمي,,15,,,,غير متوفر في القاعدة,
364,REG-181,نظام وظائف مباشرة الأموال العامة,نظام,تنظيمي قطاعي,موضوعي/تنظيمي,,15,,,,غير متوفر في القاعدة,
365,FIN-018,تنظيم بنك التصدير والاستيراد السعودي,تنظيم,المالية والضرائب والبنوك,موضوعي/تنظيمي,,15,,,,غير متوفر في القاعدة,
366,REG-182,الترتيبات التنظيمية للمعهد الملكي للفنون التقليدية,ترتيبات,تنظيمي قطاعي,موضوعي/تنظيمي,,14,,,,غير متوفر في القاعدة,
367,REG-183,نظام نقل معلومات المتعاملين مع المنشآت الخاصة إلكترونياً إلى مركز المعلومات الوطني في وزارة الداخلية (نظام شموس الأمني),نظام,تنظيمي قطاعي,موضوعي/تنظيمي,,14,,,,غير متوفر في القاعدة,
368,REG-184,نظام الإقامة المميزة,نظام,تنظيمي قطاعي,موضوعي/تنظيمي,,14,,,,غير متوفر في القاعدة,
369,REG-185,تنظيم مركز الإقامة المميزة,تنظيم,تنظيمي قطاعي,موضوعي/تنظيمي,,14,,,,غير متوفر في القاعدة,
370,ADM-041,تنظيم الهيئة العامة للاستثمار,تنظيم,الإداري والحوكمة العامة,موضوعي/تنظيمي,,14,,,,غير متوفر في القاعدة,
371,COM-017,نظام البيانات التجارية,نظام,التجاري والشركات,موضوعي/تنظيمي,,14,,,,غير متوفر في القاعدة,
372,REG-186,تنظيم المركز الوطني للتنافسية,تنظيم,تنظيمي قطاعي,موضوعي/تنظيمي,,14,,,,غير متوفر في القاعدة,
373,REG-187,تنظيم المركز السعودي للاعتماد,تنظيم,تنظيمي قطاعي,موضوعي/تنظيمي,,14,,,,غير متوفر في القاعدة,
374,REG-188,تنظيم المركز الوطني لإدارة الدين,تنظيم,تنظيمي قطاعي,موضوعي/تنظيمي,,14,,,,غير متوفر في القاعدة,
375,FIN-019,تنظيم الهيئة السعودية للمراجعين والمحاسبين,تنظيم,المالية والضرائب والبنوك,موضوعي/تنظيمي,,14,,,,غير متوفر في القاعدة,
376,REG-189,هيئة كفاءة الإنفاق والمشروعات الحكومية,أخرى,تنظيمي قطاعي,موضوعي/تنظيمي,,14,,,,غير متوفر في القاعدة,
377,REG-190,القواعد التنظيمية الخاصة بإنشاء وحدات التدريب غير الربحية في مجال التدريب التقني والمهني,قواعد,تنظيمي قطاعي,موضوعي/تنظيمي,,14,,,,غير متوفر في القاعدة,
378,REG-191,تنظيم مدينة الملك عبدالعزيز للعلوم والتقنية,تنظيم,تنظيمي قطاعي,موضوعي/تنظيمي,,14,,,,غير متوفر في القاعدة,
379,REG-192,تنظيم خدمات المعتمرين وزوار المسجد النبوي الشريف القادمين من خارج المملكة,تنظيم,تنظيمي قطاعي,موضوعي/تنظيمي,,14,,,,غير متوفر في القاعدة,
380,REG-193,تنظيم مجمع الملك عبدالعزيز للمكتبات الوقفية,تنظيم,تنظيمي قطاعي,موضوعي/تنظيمي,,14,,,,غير متوفر في القاعدة,
381,ADM-042,تنظيم الهيئة العامة للإسكان,تنظيم,الإداري والحوكمة العامة,موضوعي/تنظيمي,,14,,,,غير متوفر في القاعدة,
382,REG-194,تنظيم المركز الوطني لكفاءة وترشيد المياه,تنظيم,تنظيمي قطاعي,موضوعي/تنظيمي,,14,,,,غير متوفر في القاعدة,
383,REG-195,تنظيم مركز الملك عبدالعزيز للخيل العربية الأصيلة,تنظيم,تنظيمي قطاعي,موضوعي/تنظيمي,,14,,,,غير متوفر في القاعدة,
384,REG-196,الترتيبات التنظيمية لجائزة الملك عبد العزيز للجودة,ترتيبات,تنظيمي قطاعي,موضوعي/تنظيمي,,14,,,,غير متوفر في القاعدة,
385,REG-197,نظام صندوق التنمية الصناعية السعودي,نظام,تنظيمي قطاعي,موضوعي/تنظيمي,,14,,,,غير متوفر في القاعدة,
386,REG-198,تنظيم المركز السعودي لكفاءة الطاقة,تنظيم,تنظيمي قطاعي,موضوعي/تنظيمي,,14,,,,غير متوفر في القاعدة,
387,REG-199,تنظيم الصندوق الخيري الاجتماعي,تنظيم,تنظيمي قطاعي,موضوعي/تنظيمي,,14,,,,غير متوفر في القاعدة,
388,REG-200,قواعد التعامل مع الوافدين من مخالفي الأنظمة,قواعد,تنظيمي قطاعي,موضوعي/تنظيمي,,14,,,,غير متوفر في القاعدة,
389,ADM-043,تنظيم الهيئة العامة للطيران المدني,تنظيم,الإداري والحوكمة العامة,موضوعي/تنظيمي,,14,,,,غير متوفر في القاعدة,
390,REG-201,تنظيم مجلس المحتوى الرقمي,تنظيم,تنظيمي قطاعي,موضوعي/تنظيمي,,14,,,,غير متوفر في القاعدة,
391,REG-202,الترتيبات التنظيمية للهيئة العامة للطرق,ترتيبات,تنظيمي قطاعي,موضوعي/تنظيمي,,14,,,,غير متوفر في القاعدة,
392,REG-203,الترتيبات التنظيمية للمركز الوطني لسلامة النقل,ترتيبات,تنظيمي قطاعي,موضوعي/تنظيمي,,14,,,,غير متوفر في القاعدة,
393,REG-204,تنظيم المركز السعودي للشراكات الاستراتيجية الدولية,تنظيم,تنظيمي قطاعي,موضوعي/تنظيمي,,13,,,,غير متوفر في القاعدة,
394,REG-205,الترتيبات التنظيمية للهيئة السعودية لتسويق الاستثمار,ترتيبات,تنظيمي قطاعي,موضوعي/تنظيمي,,13,,,,غير متوفر في القاعدة,
395,REG-206,تنظيم المؤسسة العامة للتدريب التقني والمهني,تنظيم,تنظيمي قطاعي,موضوعي/تنظيمي,,13,,,,غير متوفر في القاعدة,
396,REG-207,نظام المحافظة على مصادر المياه,نظام,تنظيمي قطاعي,موضوعي/تنظيمي,,13,,,,غير متوفر في القاعدة,
397,REG-208,نظام صيد واستثمار وحماية الثروات المائية الحية في المياه الاقليمية للمملكة العربية السعودية,نظام,تنظيمي قطاعي,موضوعي/تنظيمي,,13,,,,غير متوفر في القاعدة,
398,REG-209,الترتيبات التنظيمية للمركز الوطني للنخيل والتمور,ترتيبات,تنظيمي قطاعي,موضوعي/تنظيمي,,13,,,,غير متوفر في القاعدة,
399,REG-210,تنظيم مجلس التنمية السياحي,تنظيم,تنظيمي قطاعي,موضوعي/تنظيمي,,13,,,,غير متوفر في القاعدة,
400,REG-211,تنظيم الهيئة السعودية للبحر الأحمر,تنظيم,تنظيمي قطاعي,موضوعي/تنظيمي,,13,,,,غير متوفر في القاعدة,
401,REG-212,نظام أندية السيارات والدراجات النارية,نظام,تنظيمي قطاعي,موضوعي/تنظيمي,,13,,,,غير متوفر في القاعدة,
402,REG-213,الترتيبات التنظيمية لمركز الفعاليات (المركز الوطني للفعاليات),ترتيبات,تنظيمي قطاعي,موضوعي/تنظيمي,,13,,,,غير متوفر في القاعدة,
403,REG-214,تنظيم المركز الوطني للطب البديل والتكميلي,تنظيم,تنظيمي قطاعي,موضوعي/تنظيمي,,13,,,,غير متوفر في القاعدة,
404,HLT-023,تنظيم المركز الوطني لتعزيز الصحة النفسية,تنظيم,الصحة والدواء,موضوعي/تنظيمي,,13,,,,غير متوفر في القاعدة,
405,REG-215,تنظيم المركز السعودي لسلامة المرضى,تنظيم,تنظيمي قطاعي,موضوعي/تنظيمي,,13,,,,غير متوفر في القاعدة,
406,HLT-024,الترتيبات التنظيمية لهيئة الصحة العامة,ترتيبات,الصحة والدواء,موضوعي/تنظيمي,,13,,,,غير متوفر في القاعدة,
407,REG-216,لائحة دور الرعاية الاجتماعية,لائحة,تنظيمي قطاعي,موضوعي/تنظيمي,,13,,,,غير متوفر في القاعدة,
408,ENF-013,اللائحة التنفيذية لنظام الأحداث,لائحة,تنظيمي قطاعي,موضوعي/تنظيمي,نظام الأحداث,13,,,,غير متوفر في القاعدة,
409,LAB-015,تنظيم إعانة البحث عن عمل,تنظيم,العمل والتأمينات,موضوعي/تنظيمي,,13,,,,غير متوفر في القاعدة,
410,REG-217,نظام المؤسسة العامة للخطوط الجوية العربية السعودية,نظام,تنظيمي قطاعي,موضوعي/تنظيمي,,13,,,,غير متوفر في القاعدة,
411,REG-218,تنظيم وكالة الفضاء السعودية,تنظيم,تنظيمي قطاعي,موضوعي/تنظيمي,,13,,,,غير متوفر في القاعدة,
412,REG-219,نظام الإذاعة الأساسي,نظام,تنظيمي قطاعي,موضوعي/تنظيمي,,12,,,,غير متوفر في القاعدة,
413,REG-220,نظام المركز الوطني للوثائق والمحفوظات,نظام,تنظيمي قطاعي,موضوعي/تنظيمي,,12,,,,غير متوفر في القاعدة,
414,ADM-044,نظام مكتبة الملك فهد الوطنية,نظام,الإداري والحوكمة العامة,موضوعي/تنظيمي,,12,,,,غير متوفر في القاعدة,
415,CRM-015,نظام عقوبات نشر الوثائق والمعلومات السرية وإفشائها,نظام,الجزائي والعقوبات,موضوعي/تنظيمي,,12,,,,غير متوفر في القاعدة,
416,REG-221,لائحة حقوق وواجبات من يستعان بهم في أعمال الدفاع المدني وعلاقتهم بجهاتهم,لائحة,تنظيمي قطاعي,موضوعي/تنظيمي,,12,,,,غير متوفر في القاعدة,
417,RES-015,نظام المشاركة بالوقت فى الوحدات العقارية السياحية,نظام,العقار والتسجيل العيني,موضوعي/تنظيمي,,12,,,,غير متوفر في القاعدة,
418,REG-222,نظام الصندوق السعودي للتنمية,نظام,تنظيمي قطاعي,موضوعي/تنظيمي,,12,,,,غير متوفر في القاعدة,
419,REG-223,تنظيم الجمعية السعودية للجودة,تنظيم,تنظيمي قطاعي,موضوعي/تنظيمي,,12,,,,غير متوفر في القاعدة,
420,ENF-014,لائحة تنظيم تعارض المصالح في تطبيق نظام المنافسات والمشتريات الحكومية ولائحته التنفيذية,لائحة,الإداري والحوكمة العامة,موضوعي/تنظيمي,نظام المنافسات والمشتريات الحكومية,12,,,,غير متوفر في القاعدة,
421,REG-224,تنظيم مشاركة الوفود الرسمية في الاجتماعات,تنظيم,تنظيمي قطاعي,موضوعي/تنظيمي,,12,,,,غير متوفر في القاعدة,
422,REG-225,نظام معهد الدراسات الدبلوماسية,نظام,تنظيمي قطاعي,موضوعي/تنظيمي,,12,,,,غير متوفر في القاعدة,
423,REG-226,تنظيم المركز الوطني للتعليم الإلكتروني,تنظيم,تنظيمي قطاعي,موضوعي/تنظيمي,,12,,,,غير متوفر في القاعدة,
424,REG-227,تنظيم الرئاسة العامة لهيئة الأمر بالمعروف والنهي عن المنكر,تنظيم,تنظيمي قطاعي,موضوعي/تنظيمي,,12,,,,غير متوفر في القاعدة,
425,REG-228,نظام مجلس الخدمة العسكرية,نظام,تنظيمي قطاعي,موضوعي/تنظيمي,,12,,,,غير متوفر في القاعدة,
426,REG-229,نظام توزيع الأراضي البور,نظام,تنظيمي قطاعي,موضوعي/تنظيمي,,12,,,,غير متوفر في القاعدة,
427,REG-230,تنظيم المركز الوطني لأبحاث وتطوير الزراعة المستدامة,تنظيم,تنظيمي قطاعي,موضوعي/تنظيمي,,12,,,,غير متوفر في القاعدة,
428,REG-231,إنشاء الهيئة العليا لأندية الفروسية,أخرى,تنظيمي قطاعي,موضوعي/تنظيمي,,12,,,,غير متوفر في القاعدة,
429,REG-232,تنظيم نفقات المرضى السعوديين ومرافقيهم المحولين للعلاج خارج مناطق إقامتهم,تنظيم,تنظيمي قطاعي,موضوعي/تنظيمي,,12,,,,غير متوفر في القاعدة,
430,HLT-025,تنظيم المدن الطبية والمستشفيات التخصصية التابعة لوزارة الصحة,تنظيم,الصحة والدواء,موضوعي/تنظيمي,,12,,,,غير متوفر في القاعدة,
431,REG-233,تنظيم الهيئة الملكية للجبيل وينبع,تنظيم,تنظيمي قطاعي,موضوعي/تنظيمي,,12,,,,غير متوفر في القاعدة,
432,REG-234,نظام إمدادات الطاقة,نظام,تنظيمي قطاعي,موضوعي/تنظيمي,,12,,,,غير متوفر في القاعدة,
433,REG-235,تنظيم مجلس شؤون الأسرة,تنظيم,تنظيمي قطاعي,موضوعي/تنظيمي,,12,,,,غير متوفر في القاعدة,
434,REG-236,نظام الوثائق والمحفوظات,نظام,تنظيمي قطاعي,موضوعي/تنظيمي,,11,,,,غير متوفر في القاعدة,
435,REG-237,نظام مكافحة الاحتيال المالي وخيانة الأمانة,نظام,تنظيمي قطاعي,موضوعي/تنظيمي,,11,,,,غير متوفر في القاعدة,
436,LAB-016,قواعد عمل اللجان الإشرافية للقطاعات المستهدفة بالتخصيص ومهماتها (المعدلة),قواعد,العمل والتأمينات,موضوعي/تنظيمي,,11,,,,غير متوفر في القاعدة,
437,LAB-017,نظام مجلس الخدمة المدنية,نظام,العمل والتأمينات,موضوعي/تنظيمي,,11,,,,غير متوفر في القاعدة,
438,REG-238,الترتيب التنظيمي لمصانع المياه,ترتيبات,تنظيمي قطاعي,موضوعي/تنظيمي,,11,,,,غير متوفر في القاعدة,
439,ADM-045,نظام حماية وتشجيع الصناعات الوطنية,نظام,الإداري والحوكمة العامة,موضوعي/تنظيمي,,11,,,,غير متوفر في القاعدة,
440,REG-239,تنظيم المركز الوطني للدراسات والبحوث الاجتماعية,تنظيم,تنظيمي قطاعي,موضوعي/تنظيمي,,11,,,,غير متوفر في القاعدة,
441,REG-240,نظام مكافحة التسول,نظام,تنظيمي قطاعي,موضوعي/تنظيمي,,10,,,,غير متوفر في القاعدة,
442,REG-241,نظام محلات بيع المركبات الملغى تسجيلها,نظام,تنظيمي قطاعي,موضوعي/تنظيمي,,10,,,,غير متوفر في القاعدة,
443,REG-242,تنظيم المجلس الاقتصادي الأعلى,تنظيم,تنظيمي قطاعي,موضوعي/تنظيمي,,10,,,,غير متوفر في القاعدة,
444,HLT-026,نظام الأنشطة المقلقة للراحة أو الخطرة أو المضرة بالصحة أو البيئة,نظام,الصحة والدواء,موضوعي/تنظيمي,,10,,,,غير متوفر في القاعدة,
445,REG-243,لائحة المحافظة على الذوق العام,لائحة,تنظيمي قطاعي,موضوعي/تنظيمي,,10,,,,غير متوفر في القاعدة,
446,REG-244,تنظيم المركز السعودي لزراعة الأعضاء,تنظيم,تنظيمي قطاعي,موضوعي/تنظيمي,,10,,,,غير متوفر في القاعدة,
447,HLT-027,تنظيم المركز السعودي لاعتماد المنشآت الصحية,تنظيم,الصحة والدواء,موضوعي/تنظيمي,,10,,,,غير متوفر في القاعدة,
448,REG-245,نظام الهيئة السعودية للمهندسين,نظام,تنظيمي قطاعي,موضوعي/تنظيمي,,9,,,,غير متوفر في القاعدة,
449,ADM-046,تنظيم اللجنة الوطنية لتقنين أعمال التشغيل والصيانة وتقييسها,تنظيم,الإداري والحوكمة العامة,موضوعي/تنظيمي,,9,,,,غير متوفر في القاعدة,
450,CMP-008,لائحة رقابة ديوان المراقبة العامة على المؤسسات الخاصة والشركات التي تساهم الدولة في رأسمالها أو تضمن لها حدا ادنى من الأرباح (لائحة رقابة الديوان العام للمحاسبة),لائحة,الشركات,موضوعي/تنظيمي,,9,,,,غير متوفر في القاعدة,
451,REG-246,الترتيبات التنظيمية لمركز تنظيم المعدّات الثقيلة,ترتيبات,تنظيمي قطاعي,موضوعي/تنظيمي,,9,,,,غير متوفر في القاعدة,
452,REG-247,تنظيم الجمعية السعودية للزراعة العضوية,تنظيم,تنظيمي قطاعي,موضوعي/تنظيمي,,9,,,,غير متوفر في القاعدة,
453,REG-248,اللائحة التنظيمية للخيل العربية الأصيلة,لائحة,تنظيمي قطاعي,موضوعي/تنظيمي,,9,,,,غير متوفر في القاعدة,
454,LAB-018,تنظيم صندوق تنمية الموارد البشرية,تنظيم,العمل والتأمينات,موضوعي/تنظيمي,,9,,,,غير متوفر في القاعدة,
455,REG-249,ضوابط استخدام تقنيات المعلومات والاتصالات في الجهات الحكومية,ضوابط,تنظيمي قطاعي,موضوعي/تنظيمي,,9,,,,غير متوفر في القاعدة,
456,REG-250,نظام مكافحة جريمة التحرش,نظام,تنظيمي قطاعي,موضوعي/تنظيمي,,8,,,,غير متوفر في القاعدة,
457,ENF-015,لائحة تنظيم سلوكيات وأخلاقيات القائمين على تطبيق نظام المنافسات والمشتريات الحكومية ولائحته التنفيذية,لائحة,الإداري والحوكمة العامة,موضوعي/تنظيمي,نظام المنافسات والمشتريات الحكومية,8,,,,غير متوفر في القاعدة,
458,REG-251,تنظيم معاملة القادمين للمملكة بتأشيرات دخول للحج أو العمرة وغيرها,تنظيم,تنظيمي قطاعي,موضوعي/تنظيمي,,8,,,,غير متوفر في القاعدة,
459,RES-016,نظام تملك غير السعوديين للعقار واستثماره,نظام,العقار والتسجيل العيني,موضوعي/تنظيمي,,8,,,,غير متوفر في القاعدة,
460,REG-252,نظام حماية التراث المخطوط في المملكة العربية السعودية,نظام,تنظيمي قطاعي,موضوعي/تنظيمي,,8,,,,غير متوفر في القاعدة,
461,REG-253,نظام الموانئ والمرافئ والمنائر البحرية,نظام,تنظيمي قطاعي,موضوعي/تنظيمي,,8,,,,غير متوفر في القاعدة,
462,FIN-020,نظام الإيداع,نظام,المالية والضرائب والبنوك,موضوعي/تنظيمي,,7,,,,غير متوفر في القاعدة,
463,ADM-047,تنظيم اللجنة الوطنية لمتابعة مبادرة خادم الحرمين الشريفين الملك عبدالله بن عبدالعزيز آل سعود للحوار بين أتباع الأديان والثقافات,تنظيم,الإداري والحوكمة العامة,موضوعي/تنظيمي,,7,,,,غير متوفر في القاعدة,
464,REG-254,نظام تعداد السكان العام,نظام,تنظيمي قطاعي,موضوعي/تنظيمي,,7,,,,غير متوفر في القاعدة,
465,RES-017,نظام صندوق التنمية العقارية1394هـ,نظام,العقار والتسجيل العيني,موضوعي/تنظيمي,,7,,,1394.0,سنة واردة في اسم النظام,
466,REG-255,نظام الوزراء ونواب الوزراء وموظفي المرتبة الممتازة,نظام,تنظيمي قطاعي,موضوعي/تنظيمي,,7,,,,غير متوفر في القاعدة,
467,HLT-028,نظام الهيئة السعودية للتخصصات الصحية,نظام,الصحة والدواء,موضوعي/تنظيمي,,7,,,,غير متوفر في القاعدة,
468,CRM-016,نظام عقوبات انتحال صفة رجل السلطة العامة,نظام,الجزائي والعقوبات,موضوعي/تنظيمي,,6,,,,غير متوفر في القاعدة,
469,REG-256,نظام أمن الحدود,نظام,تنظيمي قطاعي,موضوعي/تنظيمي,,6,,,,غير متوفر في القاعدة,
470,REG-257,ضوابط إيقاف الخدمات,ضوابط,تنظيمي قطاعي,موضوعي/تنظيمي,,6,,,,غير متوفر في القاعدة,
471,COM-018,نظام الوكالات التجارية,نظام,التجاري والشركات,موضوعي/تنظيمي,,6,,,,غير متوفر في القاعدة,
472,RES-018,نظام التصرف في العقارات البلدية,نظام,العقار والتسجيل العيني,موضوعي/تنظيمي,,6,,,,غير متوفر في القاعدة,
473,RES-019,تنظيم تملك مواطني دول المجلس للعقار في الدول الأعضاء بمجلس التعاون لغرض السكن والاستثمار,تنظيم,العقار والتسجيل العيني,موضوعي/تنظيمي,,6,,,,غير متوفر في القاعدة,
474,REG-258,نظام الأنواط العسكرية السعودية ولائحته التنظيمية,نظام,تنظيمي قطاعي,موضوعي/تنظيمي,,6,,,,غير متوفر في القاعدة,
475,LAB-019,نظام تبادل المنافع بين نظامي التقاعد المدني والعسكري ونظام التأمينات الإجتماعية,نظام,العمل والتأمينات,موضوعي/تنظيمي,,6,,,,غير متوفر في القاعدة,
476,REG-259,الضوابط الخاصة بوضع الأطفال السعوديين في الخارج من أب سعودي وأم غير سعودية,ضوابط,تنظيمي قطاعي,موضوعي/تنظيمي,,6,,,,غير متوفر في القاعدة,
477,CMP-009,لائحة إنشاء الطرق من قبل الأهالي والشركات,لائحة,الشركات,موضوعي/تنظيمي,,6,,,,غير متوفر في القاعدة,
478,REG-260,تنظيم وزارة الاستثمار,تنظيم,تنظيمي قطاعي,موضوعي/تنظيمي,,5,,,,غير متوفر في القاعدة,
479,REG-261,تنظيم وزارة السياحة,تنظيم,تنظيمي قطاعي,موضوعي/تنظيمي,,5,,,,غير متوفر في القاعدة,
480,REG-262,تنظيم وزارة الرياضة,تنظيم,تنظيمي قطاعي,موضوعي/تنظيمي,,5,,,,غير متوفر في القاعدة,
481,REG-263,نظام حماية خطوط السكك الحديدية,نظام,تنظيمي قطاعي,موضوعي/تنظيمي,,5,,,,غير متوفر في القاعدة,
482,REG-264,نظام استبدال الغرامة بالحبس,نظام,تنظيمي قطاعي,موضوعي/تنظيمي,,4,,,,غير متوفر في القاعدة,
483,REG-265,ضوابط تصدير مياه الشرب المعبأة,ضوابط,تنظيمي قطاعي,موضوعي/تنظيمي,,4,,,,غير متوفر في القاعدة,
484,REG-266,نظام جباية الزكاة,نظام,تنظيمي قطاعي,موضوعي/تنظيمي,,4,,,,غير متوفر في القاعدة,
485,REG-267,نظام رسوم تسجيل السفن والوحدات العائمة,نظام,تنظيمي قطاعي,موضوعي/تنظيمي,,4,,,,غير متوفر في القاعدة,
486,MOJ-001,اللائحة التنفيذية لنظام المحاكم التجارية,لائحة,التجاري والشركات,إجرائي,نظام المحاكم التجارية,281,26/10/1441هـ,2020-06-18,1441.0,بوابة وزارة العدل (لائحة/أداة رسمية),https://laws.moj.gov.sa/ar/legislation/AOQoW16lDlm3PYZCshWpNw
487,MOJ-002,اللائحة التنفيذية لنظام التوثيق,لائحة,التوثيق,إجرائي,نظام التوثيق,31,1/6/1442هـ,2021-01-14,1442.0,بوابة وزارة العدل (لائحة/أداة رسمية),https://laws.moj.gov.sa/ar/legislation/o7IAhRJFBAF2F4r_7fwXZA
488,MOJ-003,لائحة نظام الأحوال الشخصية,لائحة,الأحوال الشخصية,موضوعي/تنظيمي,نظام الأحوال الشخصية,41,17/8/1446هـ,2025-02-16,1446.0,بوابة وزارة العدل (لائحة/أداة رسمية),https://laws.moj.gov.sa/ar/legislation/41zDyO33ty4qZnGWAhpbNg
489,MOJ-004,اللوائح التنفيذية لنظام المرافعات الشرعية,لائحة,المرافعات والإجراءات,إجرائي,نظام المرافعات الشرعية,639,19/5/1435هـ,2014-03-20,1435.0,بوابة وزارة العدل (لائحة/أداة رسمية),https://laws.moj.gov.sa/ar/legislation/3PpcH7Pox63dH0Jw82s-UA
490,MOJ-005,لائحة قسمة الأموال المشتركة,لائحة,المرافعات والإجراءات,إجرائي,نظام المرافعات الشرعية,48,19/5/1439هـ,2018-02-05,1439.0,بوابة وزارة العدل (لائحة/أداة رسمية),https://laws.moj.gov.sa/ar/legislation/XxHJGQ-J8UHQHL_lpdKCVw
491,MOJ-006,اللائحة التنفيذية لإجراءات الاستئناف,لائحة,المرافعات والإجراءات,إجرائي,نظام المرافعات الشرعية,35,21/9/1440هـ,2019-05-26,1440.0,بوابة وزارة العدل (لائحة/أداة رسمية),https://laws.moj.gov.sa/ar/legislation/314SBg_7tcu6IQv02z2tkQ
492,MOJ-007,اللائحة التنفيذية لطرق الاعتراض على الأحكام,لائحة,المرافعات والإجراءات,إجرائي,نظام المرافعات الشرعية,62,5/1/1445هـ,2023-07-23,1445.0,بوابة وزارة العدل (لائحة/أداة رسمية),https://laws.moj.gov.sa/ar/legislation/7uUvC6c0BoKLJuwB021doA
493,MOJ-008,ضوابط إجراءات الإثبات إلكترونياً,ضوابط,الإثبات,إجرائي,نظام الإثبات,24,16/3/1444هـ,2022-10-12,1444.0,بوابة وزارة العدل (لائحة/أداة رسمية),https://laws.moj.gov.sa/ar/legislation/4MlQ7qXft074z0DphE_Zmw
494,MOJ-009,الأدلة الإجرائية لنظام الإثبات,دليل,الإثبات,إجرائي,نظام الإثبات,135,16/3/1444هـ,2022-10-12,1444.0,بوابة وزارة العدل (لائحة/أداة رسمية),https://laws.moj.gov.sa/ar/legislation/ZNMI0PpA1fSRgK60lVLGEw
495,MOJ-010,القواعد الخاصة بتنظيم شؤون الخبرة أمام المحاكم,قواعد,الإثبات,إجرائي,نظام الإثبات,34,16/3/1444هـ,2022-10-12,1444.0,بوابة وزارة العدل (لائحة/أداة رسمية),https://laws.moj.gov.sa/ar/legislation/IVuNhqeASR-irehY2BPMag
496,MOJ-011,لائحة التقارير الطبية,لائحة,الأحوال الشخصية,موضوعي/تنظيمي,نظام الأحوال الشخصية,13,16/11/1444هـ,2023-06-05,1444.0,بوابة وزارة العدل (لائحة/أداة رسمية),https://laws.moj.gov.sa/ar/legislation/InZySyW64YqKkkChZ2dPQw
497,MOJ-012,آلية الاستعانة بمحام على نفقة الدولة للمتهم في الجرائم الكبيرة,آلية,المرافعات والإجراءات,إجرائي,نظام الإجراءات الجزائية,11,6/5/1439هـ,2018-01-23,1439.0,بوابة وزارة العدل (لائحة/أداة رسمية),https://laws.moj.gov.sa/ar/legislation/GE-StIXcjF_Wfc2MFGx8ww
498,MOJ-013,القواعد المنظمة لإجراءات قضايا الإفلاس في المحاكم التجارية,قواعد,التجاري والشركات,إجرائي,نظام المحاكم التجارية,24,21/3/1441هـ,2019-11-18,1441.0,بوابة وزارة العدل (لائحة/أداة رسمية),https://laws.moj.gov.sa/ar/legislation/xCbJni6ThD9OP5PQVEydMA
499,MOJ-014,قواعد تحديد أتعاب الخبراء والأمناء في نظام الإفلاس,قواعد,الشركات,موضوعي/تنظيمي,نظام الإفلاس,20,2/8/1442هـ,2021-03-15,1442.0,بوابة وزارة العدل (لائحة/أداة رسمية),https://laws.moj.gov.sa/ar/legislation/p9K3NeTcz-honBTszlknag
500,MOJ-015,القواعد المنظمة لإجراءات الإفلاس العابرة للحدود,قواعد,الشركات,موضوعي/تنظيمي,نظام الإفلاس,23,14/5/1444هـ,2022-12-08,1444.0,بوابة وزارة العدل (لائحة/أداة رسمية),https://laws.moj.gov.sa/ar/legislation/JqVX64FCZsPywIN66P7frg
