law,count,max_number,status,first_bad,mismatches,gaps,duplicate_numbers,duplicate_text_groups,ordinal_title_coverage
نظام الإجراءات الجزائية,222,222,clean,,0,0,,,100%
نظام الأحوال الشخصية,252,252,clean,,0,0,,,100%
نظام التنفيذ,98,98,clean,,0,0,,,100%
نظام التوثيق,57,57,clean,,0,0,,,100%
نظام الشركات,281,281,clean,,0,0,,,100%
نظام المحاكم التجارية,94,94,clean,,0,0,,,100%
نظام المرافعات الشرعية,242,242,clean,,0,0,,,100%
نظام المرافعات أمام ديوان المظالم,15,20,irregular,إزاحات غير منتظمة عند: 12→30 · 13→40 · 14→50 · 15→60,4,5,,,100%
نظام المعاملات المدنية,720,721,gap,,0,1,,,100%
